CalfID,Pen,Block,Season_x,Phenotype,Growth,Milk,MBW,ADG,ODMI,PDMI,RFI,GF,PADG,RADG,DamID,Sire,Genotype,Sex,Day,Timepoint,Season_y,Year,Weight (kg),ConA Proliferation Index,LPS Proliferation Index,PWM Proliferation Index,Plasma Cortisol (ng/ml),IgG1 (ng/ml),IgG2 (ng/ml),IgM (ng/ml),IgG1 to IgG2,Total IgG (ng/ml),WBC,NEU,LYM,NLR,MONO,EOS,BAS,NEU%,LYM%,MONO%,EOS%,BAS%,RBC,HGB,HCT,MCV,MCH,MCHC,RDW%,PLT,MPV,IFNy,IL1a,IL1B,IL4,IL6,IL10,IL17A,MIP1alpha,IL36R,IP10,MCP1,MIP1b,TNFa,VEGFa,BHV1,BHV1_Log,BVDV1,BVDV1_Log,BRSV,BRSV_Log
2505,4,2304,Fall,HH,H,H,91.64439358,1.487012987,14.12571429,13.5130715,0.612642781,0.105269932,1.134405358,0.352607629,9598,Magnitude,HH,S,Brand,1,Fall,2022,117,0.7919863597612957,0.9844868735083533,.,11.32,8.964923818,4.466191744,1.953851196,2.007285923190315,13.431115562,14.01,1.37,11.62,0.1179001721170396,0.82,0.18,0.02,9.8,82.9,5.9,1.3,0.1,13.02,14.2,40,30.7,10.9,35.5,23.4,676,5.1,0.59,2.57,0.001,21.59,2.11,78.8,0.46,28.25,90.97,1117.51,439.25,62.07,163.38,48.05,<4,0,32,5,.,.
2505,4,2304,Fall,HH,H,H,91.64439358,1.487012987,14.12571429,13.5130715,0.612642781,0.105269932,1.134405358,0.352607629,9598,Magnitude,HH,S,Wean,2,Fall,2022,171,5.084919472913616,1.266079295154185,1.0006540222367561,15.43,10.118025722999999,7.387527895,2.013404544,1.3696091394589582,17.505553618,14.21,3.69,9.63,0.38317757009345793,0.66,0.11,0.12,26,67.8,4.7,0.7,0.8,10.75,12.8,36,33.4,11.9,35.5,22.9,590,4.8,4.63,2.31,0.001,23.07,0.001,96.43,0.46,8.93,188.23,1326.98,495.88,60.32,87.45,46.01,<4,0,256,8,.,.
2505,4,2304,Fall,HH,H,H,91.64439358,1.487012987,14.12571429,13.5130715,0.612642781,0.105269932,1.134405358,0.352607629,9598,Magnitude,HH,S,14DPW,3,Fall,2022,207,1.5221162185602772,0.7169947191550647,4.400758533501896,32.58,10.130297756,8.516076691,3.018278386,1.1895498506613906,18.646374447,10.84,1.1,8.89,0.12373453318335208,0.49,0.21,0.15,10.1,82,4.6,1.9,1.4,10.77,12.8,35.7,33.1,11.9,36,22.4,93,4.9,16.52,18.37,0.001,20.06,0.001,206.74,0.96,81.72,230.21,2688.91,909.16,73.63,1251.11,58.45,<4,0,256,8,.,.
2505,4,2304,Fall,HH,H,H,91.64439358,1.487012987,14.12571429,13.5130715,0.612642781,0.105269932,1.134405358,0.352607629,9598,Magnitude,HH,S,60DPW,4,Fall,2022,250.65,3.6545454545454543,0.9397136397889978,1.0555996822875298,30.11,10.21672217,8.008647194,2.370384979,1.275711355802297,18.225369364000002,14.97,2.67,10.95,0.24383561643835616,0.87,0.37,0.11,17.9,73.1,5.9,2.4,0.7,10.3,12.5,34.7,33.7,12.1,36.1,21.9,221,5.1,9.14,1.92,0.001,20.06,0.001,67.91,0.001,20.16,196.4,1928.03,434.32,72.77,153.97,44.34,<4,0,64,6,.,.
2505,4,2304,Fall,HH,H,H,91.64439358,1.487012987,14.12571429,13.5130715,0.612642781,0.105269932,1.134405358,0.352607629,9598,Magnitude,HH,S,28DF,5,Fall,2022,283.95,6.185358255451714,5.046218487394958,4.684035476718403,11.32,9.257566932,9.253401344,2.016418443,1.0004501683051605,18.510968276,3.62,0.7,2.49,0.2811244979919678,0.34,0.08,0.01,19.3,68.8,9.3,2.4,0.2,3.34,4.1,11.7,35.1,12.4,35.3,21.6,116,6.3,5.47,4.62,0.001,9.3,0.001,115.25,5.51,44.36,58.7,1424.8,395.44,169.95,265.95,58.71,<4,0,128,7,.,.
2510,3,2304,Fall,HH,H,H,94.57780759,1.168831169,14.16901408,13.56621089,0.602803196,0.082492061,1.143450954,0.025380215,5672,Regiment,HH,S,Brand,1,Fall,2022,130.5,0.8141191709844559,1.0347063310450038,0.8388011340623732,.,11.815501073,6.109040386,3.483584892,1.9341009923714718,17.924541459,14.16,3.43,9.57,0.35841170323928945,0.95,0.14,0.07,24.3,67.6,6.7,0.9,0.5,12.5,14.3,40,32,11.5,35.8,21.7,678,4.9,4.17,1.09,0.001,4.25,12.9,73.93,1.2,71.02,108.04,1718.53,676.55,65.77,58.41,164.89,32,5,128,7,.,.
2510,3,2304,Fall,HH,H,H,94.57780759,1.168831169,14.16901408,13.56621089,0.602803196,0.082492061,1.143450954,0.025380215,5672,Regiment,HH,S,Wean,2,Fall,2022,175.5,0.5928084451286563,1.869902912621359,0.7042901610502098,20.55,10.650013813,11.278466762,3.686917802,0.9442785121185605,21.928480575000002,10.65,2.64,7.38,0.35772357723577236,0.42,0.15,0.06,24.8,69.3,3.9,1.4,0.6,10.42,12.1,35.4,34,11.6,34.1,23.8,598,4.9,1.87,1.51,112.74,28.62,0.001,62.11,0.33,38.26,121.66,831.21,572.48,148.14,144.54,111.79,<4,0,256,8,.,.
2510,3,2304,Fall,HH,H,H,94.57780759,1.168831169,14.16901408,13.56621089,0.602803196,0.082492061,1.143450954,0.025380215,5672,Regiment,HH,S,14DPW,3,Fall,2022,193.5,1.0163057324840763,0.9332018733053982,0.8042249730893432,29.17,9.948125925000001,8.567408268,3.93960183,1.1611593160742788,18.515534193,9.5,2.92,6.19,0.4717285945072697,0.22,0.13,0.04,30.7,65.2,2.4,1.3,0.4,9.37,11.2,32.3,34.5,11.9,34.6,23.3,668,5.1,4.24,5.08,161.55,47.41,21.45,79.96,3.52,79.39,70.05,624.81,476.06,222.76,344.45,118.52,8,3,128,7,.,.
2510,3,2304,Fall,HH,H,H,94.57780759,1.168831169,14.16901408,13.56621089,0.602803196,0.082492061,1.143450954,0.025380215,5672,Regiment,HH,S,60DPW,4,Fall,2022,230.85,0.8164464023494861,1.121641791044776,0.5764774044032445,27.400000000000002,11.219040846999999,10.61636743,4.860666327,1.0567683269229122,21.835408277,10.31,3.37,6.23,0.5409309791332263,0.39,0.26,0.06,32.7,60.5,3.8,2.5,0.5,9.35,12.3,34,36.4,13.2,36.1,23.5,484,4.9,2.24,5.98,246.21,41.96,4.29,52.59,2.84,71.63,103.08,586.06,501.98,102.33,395.04,89.92,<4,0,256,8,.,.
2510,3,2304,Fall,HH,H,H,94.57780759,1.168831169,14.16901408,13.56621089,0.602803196,0.082492061,1.143450954,0.025380215,5672,Regiment,HH,S,28DF,5,Fall,2022,294.75,2.667436934334681,7.151588258946521,1.2348636061210911,13.61,8.04005098,7.901582473,3.896337891,1.0175241487984403,15.941633453000001,7.84,2.94,3.56,0.8258426966292135,0.99,0.34,0.01,37.5,45.4,12.6,4.4,0.1,6.85,9.4,27,39.4,13.8,34.9,24.8,437,6.3,1.2,8.89,0.001,18.48,13.97,179.81,3.07,89.95,90.25,564.39,727.27,121.34,413.4,126.29,<4,0,256,8,.,.
2517,4,2304,Fall,HH,H,H,105.8812806,1.253246753,15.80714286,15.08914983,0.717993029,0.079283572,1.183653437,0.069593316,9573,GrowthFund,HH,S,Brand,1,Fall,2022,155.25,0.5557817589576548,1.0801026225769668,.,5.3,10.663112002,2.7438883620000003,1.158799202,3.886131866614185,13.407000364,10.58,1.53,8.33,0.1836734693877551,0.6,0.11,0.01,14.5,78.7,5.7,1,0.1,11.06,12.4,35.6,32.2,11.2,34.9,25.1,551,4.8,4.46,0.001,0.001,4.25,15.04,56.31,0.19,16.97,69.2,1005.75,398.69,78.51,87.45,39.24,4,2,64,6,.,.
2517,4,2304,Fall,HH,H,H,105.8812806,1.253246753,15.80714286,15.08914983,0.717993029,0.079283572,1.183653437,0.069593316,9573,GrowthFund,HH,S,Wean,2,Fall,2022,231.75,0.9927835051546393,0.27555192150449714,1.060391730141458,28.740000000000002,11.606910273,8.516076691,2.252756168,1.3629410225093992,20.122986964,14.48,3.75,9.83,0.3814852492370295,0.69,0.14,0.07,25.9,67.9,4.8,0.9,0.5,10.71,12.4,36.1,33.7,11.6,34.3,21.9,609,4.8,1.39,6.03,0.001,56.59,0.001,51.66,2.15,62.56,123.3,835.21,522.19,98.13,228.81,50.48,<4,0,128,7,.,.
2517,4,2304,Fall,HH,H,H,105.8812806,1.253246753,15.80714286,15.08914983,0.717993029,0.079283572,1.183653437,0.069593316,9573,GrowthFund,HH,S,14DPW,3,Fall,2022,272.25,0.9266055045871558,1.116392443631932,0.905579399141631,7.686,11.490058144999999,8.490537605,1.892776912,1.353278046637896,19.98059575,12.94,3.92,8.38,0.467780429594272,0.45,0.13,0.06,30.3,64.7,3.6,1,0.4,9.95,11.5,33.5,33.6,11.6,34.4,21.3,566,4.9,0.35,3.19,0.001,16.83,0.001,41.67,0.71,30.87,65.43,529.79,530.89,100.62,219.5,64.48,8,3,256,8,.,.
2517,4,2304,Fall,HH,H,H,105.8812806,1.253246753,15.80714286,15.08914983,0.717993029,0.079283572,1.183653437,0.069593316,9573,GrowthFund,HH,S,60DPW,4,Fall,2022,314.1,3.3880407124681935,1.2738238841978284,1.67078410311493,6.385,11.710541712,10.566375825,2.130425921,1.1082836637603697,22.276917537,12.61,3.46,8.26,0.4188861985472155,0.55,0.26,0.08,27.4,65.5,4.3,2.1,0.7,9.44,11.9,32.3,34.2,12.6,36.8,22,561,4.8,3.03,12.18,54.57,104.71,7.53,69.07,13.59,79.98,117.56,483.84,548.49,61.05,824.92,46.26,<4,0,512,9,.,.
2517,4,2304,Fall,HH,H,H,105.8812806,1.253246753,15.80714286,15.08914983,0.717993029,0.079283572,1.183653437,0.069593316,9573,GrowthFund,HH,S,28DF,5,Fall,2022,373.5,0.905188837834809,0.919190680564071,1.012683201803833,27.330000000000002,10.417765786,10.005363178,3.1607062480000003,1.0412181547699138,20.423128964,8.36,1.76,5.87,0.29982964224872233,0.54,0.18,0.01,21,70.3,6.4,2.1,0.2,7.67,10.7,29.5,38.4,14,36.4,29.7,100,5.6,3.1,19.8,0.001,18.48,19.32,158.44,1.2,125.54,104.03,414.02,857.15,161.63,1597.58,79.05,<4,0,1024,10,.,.
2523,3,2304,Fall,HH,H,H,101.1619184,1.668831169,11.91408451,14.90677647,-2.992691963,0.140072128,1.155206396,0.513624773,7501,Regiment,HH,S,Brand,1,Fall,2022,162,.,.,.,8.236,12.47515891,4.038402154,1.169105305,3.089132393029127,16.513561064,10.74,2.29,7.73,0.296248382923674,0.59,0.1,0.03,21.3,72,5.6,0.9,0.2,10.58,11.9,35.2,33.3,11.2,33.7,21.1,639,5.3,4.49,0.09,0.001,23.07,0.001,90.63,0.96,20.67,98.11,1282,569.21,79.59,116.12,42.66,64,6,128,7,.,.
2523,3,2304,Fall,HH,H,H,101.1619184,1.668831169,11.91408451,14.90677647,-2.992691963,0.140072128,1.155206396,0.513624773,7501,Regiment,HH,S,Wean,2,Fall,2022,238.5,1.1712139185448793,1.0385029617662898,1.0604370060437007,16.66,11.47556818,8.364088205,2.6396766510000003,1.3720046822485656,19.839656384999998,10.88,2.39,7.73,0.3091849935316947,0.53,0.17,0.06,22,71.1,4.8,1.5,0.6,10.08,12.5,36.1,35.8,12.4,34.5,21.8,673,5.3,7.92,15.56,0.001,28.62,2.11,83.67,0.46,102.16,125.4,743.37,668.42,89.52,669.6,43.31,8,3,32,5,.,.
2523,3,2304,Fall,HH,H,H,101.1619184,1.668831169,11.91408451,14.90677647,-2.992691963,0.140072128,1.155206396,0.513624773,7501,Regiment,HH,S,14DPW,3,Fall,2022,265.5,1.0322477240671881,1.0927885798670929,0.8936170212765958,6.257000000000001,9.924140558,7.420747438,2.6321735729999998,1.3373505352278503,17.344887996,12.31,3.68,7.84,0.46938775510204084,0.53,0.2,0.06,29.9,63.7,4.3,1.6,0.5,9.06,11,32.7,36.1,12.2,33.7,21.4,724,5.5,3.85,16.05,0.001,34.96,0.001,73.01,3.29,109.47,161.96,527.16,582.91,60.17,838.62,51.24,8,3,32,5,.,.
2523,3,2304,Fall,HH,H,H,101.1619184,1.668831169,11.91408451,14.90677647,-2.992691963,0.140072128,1.155206396,0.513624773,7501,Regiment,HH,S,60DPW,4,Fall,2022,289.35,1.4154078549848945,2.716814159292036,3.214108910891089,34.04,11.024933962999999,9.746628261,2.569130185,1.1311536325967197,20.771562224,13.98,3.66,9.35,0.3914438502673797,0.62,0.28,0.07,26.2,66.9,4.4,2,0.5,9.4,12.4,34.5,36.7,13.2,35.9,21.8,762,5.5,3.29,17.21,0.001,27.28,4.29,68.37,2.49,114.08,170.21,869.28,588.11,46.49,728.98,54.16,<4,0,8,3,.,.
2523,3,2304,Fall,HH,H,H,101.1619184,1.668831169,11.91408451,14.90677647,-2.992691963,0.140072128,1.155206396,0.513624773,7501,Regiment,HH,S,28DF,5,Fall,2022,360,0.8401477518787414,1.1796844940361677,1.0373983739837396,13.49,7.992676962,8.580294346999999,1.892776912,0.9315154747336316,16.572971309,11.62,4.48,6.11,0.7332242225859248,0.89,0.12,0.02,38.5,52.6,7.7,1,0.2,8.73,11.8,33.8,38.7,13.5,34.8,24.1,668,6.1,9.74,13.78,0.001,18.48,46.93,107.35,1.68,153.77,102.61,886.68,888.63,190.87,633.06,68.17,<4,0,<8,0,.,.
2534,3,2304,Fall,HH,H,H,95.54886447,1.766233766,11.76338028,14.2906581,-2.527277814,0.150146788,1.137651183,0.628582583,6211,Peyton,HH,S,Brand,1,Fall,2022,153,.,.,.,11.65,.,.,.,.,.,13.2,2.12,10.51,0.20171265461465274,0.36,0.1,0.11,16,79.6,2.8,0.8,0.8,12.42,14.6,42,33.8,11.8,34.8,21.4,333,5.4,.,.,.,.,.,.,.,.,.,.,.,.,.,.,.,.,.,.,.,.
2534,3,2304,Fall,HH,H,H,95.54886447,1.766233766,11.76338028,14.2906581,-2.527277814,0.150146788,1.137651183,0.628582583,6211,Peyton,HH,S,Wean,2,Fall,2022,213.75,.,.,.,23.5,.,.,.,.,.,19.06,3.02,14.62,0.20656634746922026,1.08,0.29,0.05,15.9,76.7,5.7,1.5,0.2,10.76,14,40.3,37.4,13,34.9,20.6,259,6,.,.,.,.,.,.,.,.,.,.,.,.,.,.,.,.,.,.,.,.
2534,3,2304,Fall,HH,H,H,95.54886447,1.766233766,11.76338028,14.2906581,-2.527277814,0.150146788,1.137651183,0.628582583,6211,Peyton,HH,S,14DPW,3,Fall,2022,236.25,.,.,.,8.406,.,.,.,.,.,20.24,6.02,13.44,0.44791666666666663,0.52,0.18,0.08,29.7,66.5,2.5,0.9,0.4,9.97,12.8,37.2,37.3,12.8,34.4,20.4,294,5.7,.,.,.,.,.,.,.,.,.,.,.,.,.,.,.,.,.,.,.,.
2534,3,2304,Fall,HH,H,H,95.54886447,1.766233766,11.76338028,14.2906581,-2.527277814,0.150146788,1.137651183,0.628582583,6211,Peyton,HH,S,60DPW,4,Fall,2022,270.90000000000003,.,.,.,39.96,.,.,.,.,.,15.14,2.81,11.15,0.2520179372197309,0.44,0.7,0.04,18.6,73.7,2.9,4.6,0.2,9.56,12.8,35.3,36.9,13.3,36.1,19.8,394,5.8,.,.,.,.,.,.,.,.,.,.,.,.,.,.,.,.,.,.,.,.
2534,3,2304,Fall,HH,H,H,95.54886447,1.766233766,11.76338028,14.2906581,-2.527277814,0.150146788,1.137651183,0.628582583,6211,Peyton,HH,S,28DF,5,Fall,2022,326.7,.,.,.,11.3,.,.,.,.,.,19.46,3.3,14.14,0.23338048090523336,1.66,0.33,0.03,17,72.7,8.5,1.7,0.1,9.06,12,33.9,37.4,13.2,35.4,21.4,317,6.5,.,.,.,.,.,.,.,.,.,.,.,.,.,.,.,.,.,.,.,.
2548,4,2304,Fall,HH,H,H,101.673638,1.357142857,16.49428571,14.65835951,1.835926202,0.082279577,1.173401357,0.1837415,615,Magnitude,HH,S,Brand,1,Fall,2022,132.75,0.5449330783938815,.,.,10.040000000000001,13.103787586,4.5943185,1.4578796,2.852172217925248,17.698106086,12.33,1.23,9.94,0.12374245472837023,0.99,0.14,0.03,10,80.6,8,1.1,0.3,10.87,13.3,38.7,35.6,12.3,34.4,22.7,665,5.4,16.88,0.001,0.001,0.001,0.001,126.89,0.46,30.87,123.06,1691.23,590.06,121.91,120.88,64.05,<4,0,64,6,.,.
2548,4,2304,Fall,HH,H,H,101.673638,1.357142857,16.49428571,14.65835951,1.835926202,0.082279577,1.173401357,0.1837415,615,Magnitude,HH,S,Wean,2,Fall,2022,198,0.6692477876106195,1.7573943661971831,2.2304015296367115,17.38,14.11735317,8.736616903000002,1.947970963,1.6158832791617939,22.853970073,14.49,4.83,8.78,0.550113895216401,0.69,0.16,0.03,33.4,60.6,4.7,1.1,0.2,10.5,14,41.2,39.3,13.3,33.9,24.1,624,5.2,1.11,1.92,0.001,0.001,6.45,85.53,2.15,33.41,623.37,1218.59,827.14,58.28,172.77,124.64,<4,0,<8,0,.,.
2548,4,2304,Fall,HH,H,H,101.673638,1.357142857,16.49428571,14.65835951,1.835926202,0.082279577,1.173401357,0.1837415,615,Magnitude,HH,S,14DPW,3,Fall,2022,213.75,0.9503695881731783,1.1297898640296664,6.555240793201134,28.03,11.680798692,11.688575667,2.016418443,0.9993346516101225,23.369374359,17.88,10.96,6.43,1.704510108864697,0.27,0.19,0.03,61.3,36,1.5,1,0.2,10.22,13.2,39,38.1,12.9,33.8,22.9,736,5.4,1.65,1.23,0.001,15.12,15.04,46.09,0.46,30.44,228.42,784.91,853.05,53.44,135.09,151.58,32,5,128,7,.,.
2548,4,2304,Fall,HH,H,H,101.673638,1.357142857,16.49428571,14.65835951,1.835926202,0.082279577,1.173401357,0.1837415,615,Magnitude,HH,S,60DPW,4,Fall,2022,261.45,0.9588957055214724,3.1566037735849064,1.7482724580454096,45.32,11.275356221000001,12.222483549000001,4.232730901,0.9225094209206368,23.497839770000002,15.68,4.61,9.71,0.4747682801235839,0.82,0.5,0.04,29.4,62,5.3,3.1,0.2,8.3,12.4,33.6,40.5,14.9,36.9,22.6,592,5.7,0.001,17.6,0.001,15.12,26.78,118.98,0.001,83.16,275.46,389.79,684.66,41.78,939.22,125.13,16,4,128,7,.,.
2548,4,2304,Fall,HH,H,H,101.673638,1.357142857,16.49428571,14.65835951,1.835926202,0.082279577,1.173401357,0.1837415,615,Magnitude,HH,S,28DF,5,Fall,2022,332.55,1.4476239141543177,3.9717068645640072,2.849044585987261,0.6635,9.900225449999999,11.536994130999998,3.374241955,0.8581286717827143,21.437219580999997,16.62,5.53,9.28,0.5959051724137931,1.26,0.5,0.05,33.3,55.9,7.5,3,0.3,8.24,12.5,35.2,42.8,15.2,35.6,24.2,629,6.1,0.59,38.93,0.001,31.23,38.46,233.38,0.19,245.52,157.83,533.16,871.76,292.15,2414.77,119.13,<4,0,16,4,.,.
2555,4,2304,Fall,HL,H,L,92.62563113,1.746753247,14.18591549,13.89916948,0.286746012,0.123132923,1.137597279,0.609155968,6809,Fortune,HL,S,Brand,1,Fall,2022,121.5,1.1460935845860682,.,.,12.56,14.569021587,6.56108896,1.156744721,2.2205188309167507,21.130110547,11.82,1.67,9.42,0.17728237791932058,0.61,0.1,0.02,14.1,79.7,5.1,0.9,0.2,11.51,13.3,38.8,33.7,11.5,34.2,23.1,626,5.1,8.28,0.001,0.001,13.31,0.001,80.89,1.56,29.13,144.22,1433.48,481.55,61.19,130.36,96.32,64,6,512,9,.,.
2555,4,2304,Fall,HL,H,L,92.62563113,1.746753247,14.18591549,13.89916948,0.286746012,0.123132923,1.137597279,0.609155968,6809,Fortune,HL,S,Wean,2,Fall,2022,155.25,.,.,.,45.14,10.848724389000001,8.264393286999999,3.646368367,1.3127066939160785,19.113117676,14,5.72,7.4,0.7729729729729728,0.65,0.19,0.04,40.8,52.9,4.7,1.3,0.3,8.33,10.9,30.6,36.7,13,35.5,27.8,573,5.3,2.32,24.6,0.001,27.28,19.32,123.87,5.51,141.56,186.64,985.43,688.08,89.73,1292.53,164.34,8,3,32,5,.,.
2555,4,2304,Fall,HL,H,L,92.62563113,1.746753247,14.18591549,13.89916948,0.286746012,0.123132923,1.137597279,0.609155968,6809,Fortune,HL,S,14DPW,3,Fall,2022,171,0.963032581453634,1.083518930957684,1.0426436308789249,22.86,11.740393126,9.211335861,2.9306892999999996,1.2745592282339644,20.951728987000003,10.3,3.73,6,0.6216666666666667,0.39,0.13,0.05,36.2,58.3,3.7,1.3,0.5,8.4,10.8,31.4,37.3,12.9,34.6,25.6,869,5.6,1.74,5.42,0.001,16.83,0.001,74.4,5.73,86.3,96.32,692.12,556.41,90.09,186.82,113.13,<4,0,32,5,.,.
2555,4,2304,Fall,HL,H,L,92.62563113,1.746753247,14.18591549,13.89916948,0.286746012,0.123132923,1.137597279,0.609155968,6809,Fortune,HL,S,60DPW,4,Fall,2022,209.70000000000002,1.014060742407199,1.7513321492007108,0.6506147540983607,20.78,12.724232524,10.583004654,3.151902871,1.2023270271539275,23.307237178,10.11,1.97,7.08,0.2782485875706215,0.47,0.55,0.04,19.5,70,4.6,5.5,0.4,8.1,11.4,30.8,38,14.1,37.1,21.2,578,5.1,0.96,3.19,16.39,53.61,0.001,32.81,3.52,25.52,134.83,400.34,324.63,34.89,172.77,100.87,<4,0,64,6,.,.
2555,4,2304,Fall,HL,H,L,92.62563113,1.746753247,14.18591549,13.89916948,0.286746012,0.123132923,1.137597279,0.609155968,6809,Fortune,HL,S,28DF,5,Fall,2022,266.40000000000003,3.536427415002698,5.290243151738995,0.3633355393778955,11.01,12.091737452,13.898789192,2.3025713590000003,0.8699849522834607,25.990526644,9.8,3.64,4.99,0.7294589178356713,0.93,0.2,0.04,37.1,50.9,9.5,2.1,0.4,7.22,9.7,27.5,38.1,13.5,35.3,22.4,404,6.5,2.68,5.3,0.001,49.51,23.58,149.07,0.19,58.32,70.05,530.91,446.26,162.35,312.18,149.8,<4,0,128,7,.,.
2558,4,2304,Fall,HH,H,H,92.77628276,1.298701299,14.00142857,13.46765337,0.533775203,0.092754914,1.137383328,0.16131797,7565,Enhance,HH,S,Brand,1,Fall,2022,128.25,0.7148171109733417,0.7654320987654322,1.0177731312075273,.,.,.,.,.,.,9.94,2.34,7.12,0.3286516853932584,0.36,0.09,0.03,23.6,71.6,3.6,0.9,0.3,9.32,11.5,32.1,34.5,12.3,35.8,23.1,717,5.3,.,.,.,.,.,.,.,.,.,.,.,.,.,.,.,.,.,.,.,.
2558,4,2304,Fall,HH,H,H,92.77628276,1.298701299,14.00142857,13.46765337,0.533775203,0.092754914,1.137383328,0.16131797,7565,Enhance,HH,S,Wean,2,Fall,2022,198,0.6723237597911227,1.1453541858325669,0.7155797101449275,.,.,.,.,.,.,10.11,1.79,7.48,0.23930481283422458,0.44,0.37,0.03,17.7,74,4.4,3.6,0.3,8.56,11,31,36.2,12.8,35.4,24.9,775,5.2,.,.,.,.,.,.,.,.,.,.,.,.,.,.,.,.,.,.,.,.
2558,4,2304,Fall,HH,H,H,92.77628276,1.298701299,14.00142857,13.46765337,0.533775203,0.092754914,1.137383328,0.16131797,7565,Enhance,HH,S,14DPW,3,Fall,2022,198,0.7838416939752961,1.2029571767331566,1.214441377306407,.,.,.,.,.,.,9.2,3.06,5.57,0.5493716337522442,0.45,0.09,0.03,33.3,60.5,4.9,1,0.3,8.02,10.1,29.1,36.2,12.6,34.7,24.2,1031,5.4,.,.,.,.,.,.,.,.,.,.,.,.,.,.,.,.,.,.,.,.
2558,4,2304,Fall,HH,H,H,92.77628276,1.298701299,14.00142857,13.46765337,0.533775203,0.092754914,1.137383328,0.16131797,7565,Enhance,HH,S,60DPW,4,Fall,2022,234,.,.,.,.,.,.,.,.,.,.,.,.,.,.,.,.,.,.,.,.,.,.,.,.,.,.,.,.,.,.,.,.,.,.,.,.,.,.,.,.,.,.,.,.,.,.,.,.,.,.
2558,4,2304,Fall,HH,H,H,92.77628276,1.298701299,14.00142857,13.46765337,0.533775203,0.092754914,1.137383328,0.16131797,7565,Enhance,HH,S,28DF,5,Fall,2022,280.8,.,.,.,.,.,.,.,.,.,.,.,.,.,.,.,.,.,.,.,.,.,.,.,.,.,.,.,.,.,.,.,.,.,.,.,.,.,.,.,.,.,.,.,.,.,.,.,.,.,.
2561,3,2304,Fall,HL,H,L,84.20735213,1.857142857,10.81267606,12.93923362,-2.126557567,0.17175608,1.099831542,0.757311315,7562,Oasis,HL,S,Brand,1,Fall,2022,126,.,.,.,.,.,.,.,.,.,14.57,2.09,11.71,0.17847993168232276,0.56,0.14,0.07,14.3,80.4,3.8,1,0.5,10.68,11.8,34,31.8,11,34.7,21,458,4.9,.,.,.,.,.,.,.,.,.,.,.,.,.,.,.,.,.,.,.,.
2561,3,2304,Fall,HL,H,L,84.20735213,1.857142857,10.81267606,12.93923362,-2.126557567,0.17175608,1.099831542,0.757311315,7562,Oasis,HL,S,Wean,2,Fall,2022,180,.,.,.,.,.,.,.,.,.,17.86,2.29,14.5,0.15793103448275864,0.73,0.31,0.03,12.8,81.2,4.1,1.7,0.2,9.52,11.1,31.5,33.1,11.6,35.2,22.3,397,5.5,.,.,.,.,.,.,.,.,.,.,.,.,.,.,.,.,.,.,.,.
2561,3,2304,Fall,HL,H,L,84.20735213,1.857142857,10.81267606,12.93923362,-2.126557567,0.17175608,1.099831542,0.757311315,7562,Oasis,HL,S,14DPW,3,Fall,2022,200.25,.,.,.,.,.,.,.,.,.,13.93,2.49,10.84,0.2297047970479705,0.37,0.18,0.05,17.9,77.9,2.6,1.3,0.3,9.76,11.1,32,32.8,11.4,34.8,21.8,545,5.4,.,.,.,.,.,.,.,.,.,.,.,.,.,.,.,.,.,.,.,.
2561,3,2304,Fall,HL,H,L,84.20735213,1.857142857,10.81267606,12.93923362,-2.126557567,0.17175608,1.099831542,0.757311315,7562,Oasis,HL,S,60DPW,4,Fall,2022,225.45000000000002,.,.,.,.,.,.,.,.,.,13.49,2.59,9.91,0.2613521695257316,0.65,0.31,0.03,19.2,73.5,4.8,2.3,0.2,9.9,11.7,32.2,32.5,11.9,36.5,21.7,471,5.2,.,.,.,.,.,.,.,.,.,.,.,.,.,.,.,.,.,.,.,.
2561,3,2304,Fall,HL,H,L,84.20735213,1.857142857,10.81267606,12.93923362,-2.126557567,0.17175608,1.099831542,0.757311315,7562,Oasis,HL,S,28DF,5,Fall,2022,284.85,.,.,.,.,.,.,.,.,.,13.27,2.7,9.29,0.29063509149623257,1.02,0.23,0.03,20.3,70,7.8,1.7,0.2,9.13,11,30.7,33.7,12,35.6,25.5,406,5.7,.,.,.,.,.,.,.,.,.,.,.,.,.,.,.,.,.,.,.,.
2562,4,2304,Fall,HH,H,H,96.59095304,1.558441558,14.52957746,14.21422066,0.315356809,0.107259937,1.150861072,0.407580486,8538,Peyton,HH,S,Brand,1,Fall,2022,119.25,.,.,.,9.835,.,.,.,.,.,10.12,2.31,7.36,0.3138586956521739,0.31,0.09,0.05,22.8,72.8,3,0.9,0.5,11.87,13.4,38.6,32.5,11.2,34.6,22.4,469,5.3,.,.,.,.,.,.,.,.,.,.,.,.,.,.,.,.,.,.,.,.
2562,4,2304,Fall,HH,H,H,96.59095304,1.558441558,14.52957746,14.21422066,0.315356809,0.107259937,1.150861072,0.407580486,8538,Peyton,HH,S,Wean,2,Fall,2022,202.5,.,.,.,9.053,.,.,.,.,.,10.17,2.65,6.91,0.3835021707670043,0.47,0.1,0.04,26.1,67.9,4.6,1,0.4,9.87,12.5,35.9,36.3,12.6,34.7,24.3,443,5.3,.,.,.,.,.,.,.,.,.,.,.,.,.,.,.,.,.,.,.,.
2562,4,2304,Fall,HH,H,H,96.59095304,1.558441558,14.52957746,14.21422066,0.315356809,0.107259937,1.150861072,0.407580486,8538,Peyton,HH,S,14DPW,3,Fall,2022,225,.,.,.,0.6635,.,.,.,.,.,9.55,2.62,6.41,0.4087363494539782,0.37,0.08,0.07,27.5,67.1,3.9,0.8,0.7,10.11,12.8,36.4,36,12.6,35.1,23.4,643,5.5,.,.,.,.,.,.,.,.,.,.,.,.,.,.,.,.,.,.,.,.
2562,4,2304,Fall,HH,H,H,96.59095304,1.558441558,14.52957746,14.21422066,0.315356809,0.107259937,1.150861072,0.407580486,8538,Peyton,HH,S,60DPW,4,Fall,2022,238.05,.,.,.,17.44,.,.,.,.,.,7.75,1.53,5.62,0.2722419928825623,0.39,0.14,0.07,19.6,72.5,5.1,1.9,0.9,9.88,13.1,35.3,35.8,13.2,37,21.6,512,5.5,.,.,.,.,.,.,.,.,.,.,.,.,.,.,.,.,.,.,.,.
2562,4,2304,Fall,HH,H,H,96.59095304,1.558441558,14.52957746,14.21422066,0.315356809,0.107259937,1.150861072,0.407580486,8538,Peyton,HH,S,28DF,5,Fall,2022,285.3,.,.,.,21.11,.,.,.,.,.,7.98,1.79,5.37,0.3333333333333333,0.63,0.17,0.02,22.5,67.3,7.8,2.1,0.3,8.91,12.1,33.4,37.5,13.6,36.2,23.3,135,6.3,.,.,.,.,.,.,.,.,.,.,.,.,.,.,.,.,.,.,.,.
2565,3,2304,Fall,HL,H,L,96.21921072,1.935064935,16.43285714,14.54576175,1.887095389,0.117755842,1.156651211,0.778413724,4159,Oasis,HL,S,Brand,1,Fall,2022,146.25,0.8136774193548386,0.8999681427206118,0.8532064128256515,3.719,9.093691835000001,2.303188826,1.827548291,3.9483049467521174,11.396880661,10.25,2.23,7.38,0.3021680216802168,0.48,0.11,0.05,21.8,72,4.7,1,0.5,12.04,13.5,39.4,32.7,11.2,34.3,22.3,450,5,5.12,4.73,0.001,20.06,0.001,76.72,0.46,48,210.08,1224.91,611.02,80.81,330.63,80.79,<4,0,<8,0,.,.
2565,3,2304,Fall,HL,H,L,96.21921072,1.935064935,16.43285714,14.54576175,1.887095389,0.117755842,1.156651211,0.778413724,4159,Oasis,HL,S,Wean,2,Fall,2022,213.75,0.6110557768924303,1.0093023255813953,0.9822211397954214,34.78,12.826018732000001,6.127733233,2.650965686,2.0931098408343525,18.953751965000002,12.47,2.63,9.12,0.2883771929824562,0.54,0.13,0.05,21.1,73.1,4.4,1,0.4,9.57,12.1,33.6,35.1,12.6,35.9,24.8,468,4.9,3.14,8.63,0.001,40.83,0.001,89.01,1.2,76.45,202.74,792.34,828.61,151.7,541.65,79.92,<4,0,256,8,.,.
2565,3,2304,Fall,HL,H,L,96.21921072,1.935064935,16.43285714,14.54576175,1.887095389,0.117755842,1.156651211,0.778413724,4159,Oasis,HL,S,14DPW,3,Fall,2022,231.75,0.8359857482185273,1.0402430790006754,1.025119954840531,21.31,10.997576518999999,6.551183334,2.959629053,1.6787160362195412,17.548759853,14.49,9.86,4.22,2.3364928909952605,0.28,0.12,0.01,68,29.2,2,0.8,0,9.55,12.1,33.6,35.2,12.6,35.8,23.4,697,4.6,5.33,5.53,0.001,20.06,21.45,160.08,1.92,67,277.45,855.76,1371.11,222.09,312.18,137.43,32,5,1024,10,.,.
2565,3,2304,Fall,HL,H,L,96.21921072,1.935064935,16.43285714,14.54576175,1.887095389,0.117755842,1.156651211,0.778413724,4159,Oasis,HL,S,60DPW,4,Fall,2022,265.5,1.226063829787234,1.610486891385768,0.9021406727828747,21.63,10.650013813,6.650828144999999,2.829376542,1.6013064209163985,17.300841958,8.5,2.46,5.5,0.44727272727272727,0.43,0.09,0.02,29,64.8,5,1,0.2,9.46,12.5,34.1,36.1,13.2,36.7,22.2,508,5,2.87,4.73,0.001,20.06,0.001,68.37,2.84,43.61,160.24,624.46,743.14,82.24,256.68,46.52,32,5,1024,10,.,.
2565,3,2304,Fall,HL,H,L,96.21921072,1.935064935,16.43285714,14.54576175,1.887095389,0.117755842,1.156651211,0.778413724,4159,Oasis,HL,S,28DF,5,Fall,2022,302.40000000000003,0.9082040432534086,1.0899315738025417,1.052827121792639,13.91,10.610844682,6.05323971,3.393022669,1.752919955320917,16.664084392,10.73,3.67,6,0.6116666666666667,0.9,0.15,0.01,34.2,55.9,8.4,1.4,0.1,8.31,11.2,31.3,37.7,13.4,35.6,20.7,621,5.3,4.91,16.73,0.001,11.38,2.11,138.09,0.71,70.41,181.17,925.08,713.14,213.63,509.62,84.87,8,3,1024,10,.,.
2568,4,2304,Fall,HL,H,L,94.57780759,1.883116883,15.80422535,14.28468946,1.519535892,0.119152748,1.149393312,0.733723571,8572,Oasis,HL,S,Brand,1,Fall,2022,130.5,.,.,.,.,12.673809088999999,3.159414973,1.018355471,4.011441737571331,15.833224062,.,.,.,.,.,.,.,.,.,.,.,.,.,.,.,.,.,.,.,.,.,3.4,2.18,0.001,0.001,19.32,86.69,0.96,19.64,278.12,1764.6,513.8,57.55,125.62,96.14,16,4,128,7,.,.
2568,4,2304,Fall,HL,H,L,94.57780759,1.883116883,15.80422535,14.28468946,1.519535892,0.119152748,1.149393312,0.733723571,8572,Oasis,HL,S,Wean,2,Fall,2022,211.5,0.8229715489989463,0.8198992443324937,0.8992965568308035,20.22,12.426239157,6.118380989,2.543547206,2.030968515909789,18.544620146,15.91,6.63,8.31,0.7978339350180504,0.78,0.11,0.08,41.7,52.3,4.8,0.7,0.5,10.09,12.1,34.4,34.1,11.9,35,24.5,561,4.7,0.001,6.03,0.001,28.62,34.22,77.18,0.46,48.71,281.44,706.42,471.93,68.3,312.18,69.98,<4,0,256,8,.,.
2568,4,2304,Fall,HL,H,L,94.57780759,1.883116883,15.80422535,14.28468946,1.519535892,0.119152748,1.149393312,0.733723571,8572,Oasis,HL,S,14DPW,3,Fall,2022,240.75,1.9670886075949365,3.759338640538886,3.6973995271867612,11.89,10.663112002,7.105514378,2.704199387,1.5006812223214954,17.76862638,15.87,5.33,9.72,0.5483539094650205,0.61,0.17,0.04,33.6,61.3,3.8,1.1,0.2,8.57,10.4,29.5,34.4,12.1,35.3,24,807,5.2,0.81,6.09,0.001,9.3,10.75,66.51,1.2,52.22,229.88,633.42,433.62,85.81,265.95,89.18,<4,0,256,8,.,.
2568,4,2304,Fall,HL,H,L,94.57780759,1.883116883,15.80422535,14.28468946,1.519535892,0.119152748,1.149393312,0.733723571,8572,Oasis,HL,S,60DPW,4,Fall,2022,270,2.551020408163265,3.5759999999999996,0.8737424547283702,21.64,16.353109252,16.659646923,4.256168925,0.9815999899387543,33.012756175,15.23,4.89,9.07,0.5391400220507166,0.81,0.41,0.05,32.1,59.5,5.4,2.7,0.3,10.45,13,35.8,34.3,12.5,36.4,22.4,636,5,4.1,4.62,74.18,16.83,23.58,44.23,1.68,38.26,382.27,542.13,432.21,34.51,321.41,93.99,<4,0,128,7,.,.
2568,4,2304,Fall,HL,H,L,94.57780759,1.883116883,15.80422535,14.28468946,1.519535892,0.119152748,1.149393312,0.733723571,8572,Oasis,HL,S,28DF,5,Fall,2022,313.2,3.865248226950354,5.1715590345727325,4.685141509433962,12.15,12.185924812000001,12.556518909,4.16894832,0.970485920525762,24.742443721,11.25,3.86,6.26,0.6166134185303515,0.84,0.28,0.01,34.3,55.7,7.4,2.5,0.1,8.88,10.9,31,35,12.3,35.3,23.4,675,5.5,2.24,24.98,0.001,53.61,79.65,374.58,2.15,165.19,165.86,646.63,670.93,256.5,1430.9,159.06,<4,0,64,6,.,.
2569,3,2304,Fall,HL,H,L,91.1903331,1.25974026,11.52535211,13.22669911,-1.701347,0.109301672,1.123579839,0.136160421,6798,Oasis,HL,S,Brand,1,Fall,2022,130.5,0.8164992067689053,1.0022012578616353,0.8387839705204977,8.419,12.345349224,4.094932914,1.565386859,3.0147866847324862,16.440282138,8.33,1.69,6.16,0.27435064935064934,0.38,0.04,0.06,20.3,73.9,4.6,0.4,0.8,12.67,13.6,38.5,30.4,10.7,35.2,22.7,468,5,7.83,1.01,0.001,9.3,26.78,31.64,0.96,23.63,60.78,773.39,510.77,39.83,135.09,47.93,32,5,64,6,.,.
2569,3,2304,Fall,HL,H,L,91.1903331,1.25974026,11.52535211,13.22669911,-1.701347,0.109301672,1.123579839,0.136160421,6798,Oasis,HL,S,Wean,2,Fall,2022,175.5,1.5939667128987516,1.3586901763224182,1.1715517241379307,22.55,16.619483803999998,10.418267852,2.742787528,1.5952252370637168,27.037751655999998,9.24,2.95,5.74,0.5139372822299652,0.44,0.06,0.05,31.9,62.1,4.8,0.7,0.5,10.66,12.1,34.5,32.3,11.4,35.2,25.6,346,5.3,3.03,15.56,0.001,43.07,2.11,51.9,1.2,112.04,98.34,540.64,628.61,39.45,687.87,56.18,<4,0,32,5,.,.
2569,3,2304,Fall,HL,H,L,91.1903331,1.25974026,11.52535211,13.22669911,-1.701347,0.109301672,1.123579839,0.136160421,6798,Oasis,HL,S,14DPW,3,Fall,2022,193.5,0.9496103198065037,0.8229243203526818,1.0797463230333286,21.77,10.916048851,7.343458224000001,2.715726034,1.4864997550233219,18.259507075000002,8.28,2.41,5.33,0.45215759849906195,0.43,0.1,0.01,29,64.4,5.2,1.2,0.2,10.54,12.3,34.7,32.9,11.7,35.5,25.2,448,5.4,6.31,9.62,0.001,33.74,0.001,53.29,3.29,45.09,102.61,690.03,593.94,103.11,450.09,68.86,<4,0,64,6,.,.
2569,3,2304,Fall,HL,H,L,91.1903331,1.25974026,11.52535211,13.22669911,-1.701347,0.109301672,1.123579839,0.136160421,6798,Oasis,HL,S,60DPW,4,Fall,2022,229.05,5.270877944325481,1.8399999999999994,1.1479007633587788,16.55,10.367039237,6.957870669,2.80156932,1.4899729716433452,17.324909906000002,8.55,3.04,4.96,0.6129032258064516,0.43,0.1,0.02,35.5,58.1,5.1,1.1,0.2,10.1,12.1,33.4,33,12,36.4,22.5,515,5.1,2.8,18.42,0.001,25.91,2.11,46.55,5.07,82.59,131.69,439.46,542.86,37.63,678.74,49.27,<4,0,128,7,.,.
2569,3,2304,Fall,HL,H,L,91.1903331,1.25974026,11.52535211,13.22669911,-1.701347,0.109301672,1.123579839,0.136160421,6798,Oasis,HL,S,28DF,5,Fall,2022,271.8,4.846965699208444,5.661417322834646,0.8463768115942031,14.89,10.044778261,7.4764355039999995,3.869536429,1.3435250335037199,17.521213765,9.07,3.69,3.91,0.9437340153452685,1.13,0.34,0,40.7,43.1,12.4,3.8,0,9.23,10.9,30.9,33.5,11.8,35.3,23.4,222,5.9,10.72,41.71,19.41,43.07,61.73,197.75,8.96,261.42,124,600.62,744.67,334.58,1905.18,103.45,<4,0,32,5,.,.
2571,3,2304,Fall,HL,H,L,102.3303048,1.220779221,14.52253521,14.60473657,-0.082201362,0.084061027,1.168225717,0.052553504,6740,Oasis,HL,S,Brand,1,Fall,2022,128.25,1.0617717478052673,.,.,3.552,12.911815871,4.857559934999999,0.9975516160000001,2.6580867850887366,17.769375806,12.36,3.39,7.99,0.42428035043804757,0.84,0.1,0.04,27.5,64.7,6.8,0.7,0.3,12.62,13.2,37.2,29.5,10.5,35.5,21.2,504,4.9,13.71,1.09,0.001,4.25,2.11,93.88,0.46,17.52,112.4,1769.59,363.29,62.79,149.26,48.95,16,4,256,8,.,.
2571,3,2304,Fall,HL,H,L,102.3303048,1.220779221,14.52253521,14.60473657,-0.082201362,0.084061027,1.168225717,0.052553504,6740,Oasis,HL,S,Wean,2,Fall,2022,222.75,0.8527073078379401,1.105433901054339,0.872566909975669,45.6,11.289495814999999,7.866222104,2.450396845,1.4351865057635802,19.155717918999997,10.02,2.15,7.21,0.29819694868238555,0.48,0.13,0.05,21.5,72,4.8,1.2,0.5,11.65,12.7,35.8,30.7,10.9,35.6,25,482,5,6.24,2.5,0.001,4.25,0.001,50.5,1.2,32.57,133.09,1328.75,627.34,160.2,210.18,51.11,<4,0,64,6,.,.
2571,3,2304,Fall,HL,H,L,102.3303048,1.220779221,14.52253521,14.60473657,-0.082201362,0.084061027,1.168225717,0.052553504,6740,Oasis,HL,S,14DPW,3,Fall,2022,243,1.093260979303382,0.9635518590998042,1.0939470775632274,15.89,11.374850161,9.141725681,2.885722108,1.2442782203190899,20.516575842,8.14,2.3,5.54,0.41516245487364617,0.2,0.08,0.02,28.2,68.1,2.5,1,0.2,12.03,13.4,37.4,31,11.1,35.9,23.9,558,5.3,14.35,0.09,0.001,9.3,0.001,78.8,1.44,50.13,111.46,1699.31,962.92,318.32,106.6,64.42,<4,0,32,5,.,.
2571,3,2304,Fall,HL,H,L,102.3303048,1.220779221,14.52253521,14.60473657,-0.082201362,0.084061027,1.168225717,0.052553504,6740,Oasis,HL,S,60DPW,4,Fall,2022,297.45,5.915384615384616,1.633603238866397,1.6840490797546013,11.89,10.610844682,10.905767879,3.790214432,0.9729571360520243,21.516612561000002,10.09,2.59,6.34,0.4085173501577287,0.66,0.48,0.02,25.7,62.9,6.5,4.7,0.2,10.55,12.7,34.2,32.5,12,37.1,23.4,397,5.4,4.39,7.56,0.001,16.83,18.25,55.84,4.63,49.07,210.19,532.79,530.22,58.35,362.86,42.47,<4,0,8,3,.,.
2571,3,2304,Fall,HL,H,L,102.3303048,1.220779221,14.52253521,14.60473657,-0.082201362,0.084061027,1.168225717,0.052553504,6740,Oasis,HL,S,28DF,5,Fall,2022,331.65000000000003,0.9792467332820908,0.9777619217505055,1.0076740164288804,6.837,9.061308549000001,9.852138051999999,2.1748617859999997,0.9197301642723674,18.913446601,2.7,0.78,1.66,0.46987951807228917,0.23,0.03,0,28.9,61.4,8.2,1.4,0.1,2.33,3.6,9.8,42,15.7,37.3,41.2,49,6,4.98,16.39,34.65,50.55,505.18,256.36,4.74,340.4,62.99,470.72,995.97,14549.09,1737.06,75.21,<4,0,<8,0,.,.
2572,3,2304,Fall,HH,H,H,97.9992558,1.636363636,15.08732394,14.47176441,0.61555953,0.108459502,1.15715508,0.479208556,8552,GrowthFund,HH,S,Brand,1,Fall,2022,123.75,0.9157421289355323,1.1856349757113116,1.0458452722063034,21.26,7.3158430039999995,2.23485626,1.7707974990000002,3.2735183622055404,9.550699263999999,12.93,2.49,9.73,0.25590955806783144,0.59,0.08,0.04,19.3,75.3,4.5,0.6,0.3,10.26,11.9,34.5,33.7,11.6,34.6,24.1,625,5,4.65,1.59,0.001,6.82,32.07,99.44,0.48,13.72,176.27,1264.88,577.12,73.45,197.27,208.12,<4,0,32,5,.,.
2572,3,2304,Fall,HH,H,H,97.9992558,1.636363636,15.08732394,14.47176441,0.61555953,0.108459502,1.15715508,0.479208556,8552,GrowthFund,HH,S,Wean,2,Fall,2022,207,.,.,.,31.35,11.036671095,8.841849772,2.001772841,1.2482310126949305,19.878520867,13.63,2.82,9.99,0.28228228228228225,0.62,0.17,0.03,20.8,73.3,4.5,1.2,0.2,9.19,11,31.2,34,12,35.3,26.6,547,5.1,2.15,7.46,0.001,31.98,23.47,76.46,0.48,54.13,153.34,853.19,546.25,79.22,321.42,174.62,<4,0,256,8,.,.
2572,3,2304,Fall,HH,H,H,97.9992558,1.636363636,15.08732394,14.47176441,0.61555953,0.108459502,1.15715508,0.479208556,8552,GrowthFund,HH,S,14DPW,3,Fall,2022,263.25,0.9486204782342121,1.0105664807748753,0.9787610619469028,14.780000000000001,12.751876236,10.078262539999999,2.490489859,1.2652851803957867,22.830138776,15.94,7.05,8.25,0.8545454545454545,0.46,0.16,0.02,44.3,51.8,2.8,1,0.1,9.04,10.9,31,34.3,12.1,35.3,25.3,721,5.2,2.59,7.34,0.001,79.52,32.07,76.16,7.02,62.71,406.16,1061.03,667.31,85.24,481.66,319.67,32,5,256,8,.,.
2572,3,2304,Fall,HH,H,H,97.9992558,1.636363636,15.08732394,14.47176441,0.61555953,0.108459502,1.15715508,0.479208556,8552,GrowthFund,HH,S,60DPW,4,Fall,2022,253.35,2.720812182741117,1.3703247020139746,1.0459948320413437,10.23,11.036671095,12.121974451,3.6821579449999997,0.9104681039885819,23.158645546000002,12.56,3.78,7.75,0.48774193548387096,0.76,0.24,0.03,30.1,61.7,6.1,1.9,0.2,9.46,12.1,33.2,35.1,12.8,36.3,24.7,644,5.5,3.14,6.44,0.001,114,68.94,49.26,9.2,67.35,110.44,432.36,296.12,32.04,449.8,119.47,32,5,256,8,.,.
2572,3,2304,Fall,HH,H,H,97.9992558,1.636363636,15.08732394,14.47176441,0.61555953,0.108459502,1.15715508,0.479208556,8552,GrowthFund,HH,S,28DF,5,Fall,2022,300.6,5.776817854571634,6.633649455567265,1.4093406593406594,13.39,10.857558202,12.493550576999999,5.143194414,0.8690530474169785,23.351108779,16.16,4.97,9.65,0.5150259067357512,1.32,0.2,0.02,30.8,59.8,8.1,1.2,0.1,8.43,10.9,30.8,36.6,12.9,35.4,26.7,271,6,5.45,13.19,0.001,62.6,43.46,155.63,166.33,112.57,122.13,708.93,543.38,171.81,545.14,160.31,16,4,64,6,.,.
2578,3,2304,Fall,HL,H,L,104.219521,1.831168831,13.71971831,15.45905526,-1.739336947,0.133469856,1.171032605,0.660136226,5663,Fortune,HL,S,Brand,1,Fall,2022,166.5,0.9772727272727274,1.1484836549822766,1.1960575386254662,10.94,11.710541712,3.2657867400000002,1.0490636899999999,3.5858256047668315,14.976328452,14.86,3.76,10.18,0.3693516699410609,0.67,0.14,0.11,25.3,68.5,4.5,1,0.7,11.18,12.8,36.3,32.5,11.5,35.3,21.5,495,5,8.69,0.09,0.001,20.06,13.97,146.03,0.84,16.97,268.36,1377.71,683.42,57.11,182.14,152.8,32,5,128,7,.,.
2578,3,2304,Fall,HL,H,L,104.219521,1.831168831,13.71971831,15.45905526,-1.739336947,0.133469856,1.171032605,0.660136226,5663,Fortune,HL,S,Wean,2,Fall,2022,243,0.8084342754598475,1.005154639175258,1.5125313283208017,28.76,9.688085171,7.288725727,2.3875921719999997,1.3291877803978727,16.976810898,14.53,2.93,11,0.26636363636363636,0.4,0.16,0.04,20.2,75.7,2.7,1.1,0.3,10.07,11.9,32.9,32.7,11.8,36.2,22.5,537,5.2,6.04,13.78,0.001,0.001,0.001,73.47,0.001,90.78,234.47,906.58,688.71,68.44,573.65,128.43,8,3,16,4,.,.
2578,3,2304,Fall,HL,H,L,104.219521,1.831168831,13.71971831,15.45905526,-1.739336947,0.133469856,1.171032605,0.660136226,5663,Fortune,HL,S,14DPW,3,Fall,2022,328.5,1.0655989750160155,1.0572955321359658,1.0373477672530447,5.03,9.972181963999999,8.129376287,2.598635245,1.2266847556247213,18.101558251,14.62,4.63,9.45,0.48994708994708996,0.39,0.12,0.03,31.7,64.6,2.7,0.8,0.2,10.1,11.5,33.4,33,11.4,34.6,21.8,633,5.4,3.81,9.21,0.001,15.12,0.001,66.51,0.001,54.29,422.36,999.41,761.96,66.42,468.42,175.71,8,3,256,8,.,.
2578,3,2304,Fall,HL,H,L,104.219521,1.831168831,13.71971831,15.45905526,-1.739336947,0.133469856,1.171032605,0.660136226,5663,Fortune,HL,S,60DPW,4,Fall,2022,294.3,1.6006211180124224,1.4933058702368693,2.951992753623188,21.57,8.50946339,9.309842765,2.727295273,0.91402869036532,17.819306155,14.6,3.97,9.63,0.4122533748701973,0.75,0.19,0.06,27.2,65.9,5.2,1.3,0.4,9.92,12.1,32.8,33,12.2,36.9,22,473,5.2,1.91,12.18,0.001,11.38,0.001,75.79,0.001,74.06,368.48,794.36,680.92,49.68,550.79,112.95,<4,0,256,8,.,.
2578,3,2304,Fall,HL,H,L,104.219521,1.831168831,13.71971831,15.45905526,-1.739336947,0.133469856,1.171032605,0.660136226,5663,Fortune,HL,S,28DF,5,Fall,2022,364.95,1.0381514540742873,1.1028378026555585,1.0692788858727722,7.3340000000000005,9.996309088,9.423961008,2.731161186,1.0607332818455144,19.420270096,13.49,3.92,8.47,0.46280991735537186,0.9,0.18,0.02,29.1,62.8,6.6,1.3,0.2,8.9,10.8,31.3,35.2,12.2,34.7,22.3,224,6,2.32,10.76,0.001,62.36,0.001,140.89,0.19,94.63,178.89,608.59,644.49,138.67,587.36,83.63,<4,0,128,7,.,.
2589,4,2304,Fall,HH,H,H,100.6493346,1.512987013,15.04714286,14.68480659,0.362336268,0.100549787,1.165038801,0.347948212,8573,Peyton,HH,S,Brand,1,Fall,2022,103.5,.,.,.,.,.,.,.,.,.,.,.,.,.,.,.,.,.,.,.,.,.,.,.,.,.,.,.,.,.,.,.,.,.,.,.,.,.,.,.,.,.,.,.,.,.,.,.,.,.,.
2589,4,2304,Fall,HH,H,H,100.6493346,1.512987013,15.04714286,14.68480659,0.362336268,0.100549787,1.165038801,0.347948212,8573,Peyton,HH,S,Wean,2,Fall,2022,189,.,.,.,.,.,.,.,.,.,13.24,3.1,9.58,0.3235908141962422,0.35,0.17,0.04,23.4,72.4,2.6,1.3,0.3,11.36,13.3,36.6,32.2,11.7,36.4,23.1,705,4.7,.,.,.,.,.,.,.,.,.,.,.,.,.,.,.,.,.,.,.,.
2589,4,2304,Fall,HH,H,H,100.6493346,1.512987013,15.04714286,14.68480659,0.362336268,0.100549787,1.165038801,0.347948212,8573,Peyton,HH,S,14DPW,3,Fall,2022,213.75,.,.,.,.,.,.,.,.,.,11.04,3.45,7.22,0.47783933518005545,0.25,0.1,0.02,31.2,65.4,2.3,0.9,0.2,9.8,11.5,31.9,32.6,11.7,36.1,22.5,843,4.7,.,.,.,.,.,.,.,.,.,.,.,.,.,.,.,.,.,.,.,.
2589,4,2304,Fall,HH,H,H,100.6493346,1.512987013,15.04714286,14.68480659,0.362336268,0.100549787,1.165038801,0.347948212,8573,Peyton,HH,S,60DPW,4,Fall,2022,256.95,.,.,.,.,.,.,.,.,.,12.49,2.73,8.57,0.3185530921820303,0.64,0.51,0.04,21.8,68.7,5.2,4,0.3,10.82,13.3,36.1,33.4,12.3,36.9,22.8,660,5,.,.,.,.,.,.,.,.,.,.,.,.,.,.,.,.,.,.,.,.
2589,4,2304,Fall,HH,H,H,100.6493346,1.512987013,15.04714286,14.68480659,0.362336268,0.100549787,1.165038801,0.347948212,8573,Peyton,HH,S,28DF,5,Fall,2022,317.25,.,.,.,.,.,.,.,.,.,8.97,1.63,6.33,0.2575039494470774,0.76,0.24,0.01,18.2,70.5,8.5,2.7,0.1,8.95,11.7,32.5,36.4,13.1,36.1,27,357,6,.,.,.,.,.,.,.,.,.,.,.,.,.,.,.,.,.,.,.,.
2591,3,2304,Fall,HL,H,L,104.9431025,1.980519481,15.29014085,15.70133662,-0.411195779,0.129529185,1.178931972,0.801587508,3230,Fortune,HL,S,Brand,1,Fall,2022,162,1.0522505233775297,1.197144426139484,1.5662537976162656,6.572,10.94313456,2.407860796,1.152642479,4.544753823883431,13.350995356,14.68,3.5,9.78,0.35787321063394684,1.16,0.16,0.08,23.8,66.7,7.9,1.1,0.5,11.27,13.5,39.2,34.7,11.9,34.4,23,828,4.3,8.82,0.001,0.001,4.25,2.11,54.91,3.52,42.11,155.53,1305.73,445.56,65.62,417.99,64.48,32,5,1024,10,.,.
2591,3,2304,Fall,HL,H,L,104.9431025,1.980519481,15.29014085,15.70133662,-0.411195779,0.129529185,1.178931972,0.801587508,3230,Fortune,HL,S,Wean,2,Fall,2022,252,1.0048586572438165,2.1919275123558486,1.7806347930895943,49.45,11.461103813,9.395275217,2.384142515,1.2198795190440028,20.85637903,15.96,3.86,10.83,0.3564173591874423,1.01,0.2,0.06,24.2,67.9,6.3,1.2,0.4,10.57,13.2,38,36,12.5,34.6,24,810,4.6,6.01,7.29,0.001,20.06,0.001,48.18,0.001,63.52,151.84,928.97,554.43,59.45,289.09,72.04,8,3,256,8,.,.
2591,3,2304,Fall,HL,H,L,104.9431025,1.980519481,15.29014085,15.70133662,-0.411195779,0.129529185,1.178931972,0.801587508,3230,Fortune,HL,S,14DPW,3,Fall,2022,256.5,1.242339832869081,1.2662945081472543,0.9453978159126365,16.21,11.710541712,10.516697871,2.239620512,1.1135188873583644,22.227239583,14.99,7.04,7.24,0.9723756906077348,0.53,0.15,0.03,47,48.3,3.5,1,0.2,10.45,13,36.8,35.2,12.4,35.3,23,1093,4.9,7.66,7.46,0.001,38.53,0.001,53.52,2.38,74.66,286.08,847.16,613.59,47.98,413.4,82.27,8,3,128,7,.,.
2591,3,2304,Fall,HL,H,L,104.9431025,1.980519481,15.29014085,15.70133662,-0.411195779,0.129529185,1.178931972,0.801587508,3230,Fortune,HL,S,60DPW,4,Fall,2022,283.5,2.1045310015898253,1.4792817679558012,3.387267904509284,61.39,11.921822595,11.882189541999999,3.9888426779999997,1.0033355008233045,23.804012137,13.65,2.99,9.22,0.324295010845987,0.6,0.8,0.04,21.9,67.6,4.4,5.8,0.3,9.86,12.7,34.9,35.4,12.9,36.4,21.6,815,4.7,5.12,17.31,16.39,74.13,0.001,59.32,5.07,119.11,225.84,587.88,457.41,45,911.77,65.42,<4,0,128,7,.,.
2591,3,2304,Fall,HL,H,L,104.9431025,1.980519481,15.29014085,15.70133662,-0.411195779,0.129529185,1.178931972,0.801587508,3230,Fortune,HL,S,28DF,5,Fall,2022,352.8,1.2603622431208636,1.1737608513021562,1.547683923705722,14.09,9.202575005000002,10.566375825,3.758933213,0.8709301237636039,19.76895083,12.25,4.72,6,0.7866666666666666,1,0.52,0.01,38.5,49,8.1,4.3,0.1,7.7,9.8,28.3,36.7,12.7,34.6,21.9,483,5.9,6.28,64.47,8.15,37.36,91.23,359.7,1.44,415.15,231.78,984.15,964.34,1404.42,4042.55,139.82,16,4,256,8,.,.
2615,4,2304,Fall,HH,H,H,98.88524068,1.480519481,16.54929577,14.42772045,2.121575325,0.089461177,1.16515242,0.31536706,7536,Monumental,HH,S,Brand,1,Fall,2022,130.5,.,.,.,.,.,.,.,.,.,12.8,3.27,8.73,0.3745704467353952,0.63,0.09,0.08,25.5,68.2,5,0.7,0.6,10.17,12.9,38.2,37.5,12.7,33.8,22.1,689,5.4,.,.,.,.,.,.,.,.,.,.,.,.,.,.,.,.,.,.,.,.
2615,4,2304,Fall,HH,H,H,98.88524068,1.480519481,16.54929577,14.42772045,2.121575325,0.089461177,1.16515242,0.31536706,7536,Monumental,HH,S,Wean,2,Fall,2022,207,.,.,.,.,.,.,.,.,.,14.49,2.66,10.82,0.24584103512014788,0.78,0.13,0.1,18.4,74.7,5.3,0.9,0.7,11.53,14.6,41.6,36.1,12.7,35.2,21.7,641,5.6,.,.,.,.,.,.,.,.,.,.,.,.,.,.,.,.,.,.,.,.
2615,4,2304,Fall,HH,H,H,98.88524068,1.480519481,16.54929577,14.42772045,2.121575325,0.089461177,1.16515242,0.31536706,7536,Monumental,HH,S,14DPW,3,Fall,2022,216,.,.,.,.,.,.,.,.,.,11.45,2.79,8.12,0.34359605911330054,0.28,0.16,0.1,24.4,70.9,2.4,1.4,0.9,11.13,13.9,40,35.9,12.5,34.7,21.9,974,5.5,.,.,.,.,.,.,.,.,.,.,.,.,.,.,.,.,.,.,.,.
2615,4,2304,Fall,HH,H,H,98.88524068,1.480519481,16.54929577,14.42772045,2.121575325,0.089461177,1.16515242,0.31536706,7536,Monumental,HH,S,60DPW,4,Fall,2022,250.20000000000002,.,.,.,.,.,.,.,.,.,.,.,.,.,.,.,.,.,.,.,.,.,.,.,.,.,.,.,.,.,.,.,.,.,.,.,.,.,.,.,.,.,.,.,.,.,.,.,.,.,.
2615,4,2304,Fall,HH,H,H,98.88524068,1.480519481,16.54929577,14.42772045,2.121575325,0.089461177,1.16515242,0.31536706,7536,Monumental,HH,S,28DF,5,Fall,2022,304.2,.,.,.,.,.,.,.,.,.,.,.,.,.,.,.,.,.,.,.,.,.,.,.,.,.,.,.,.,.,.,.,.,.,.,.,.,.,.,.,.,.,.,.,.,.,.,.,.,.,.
2618,4,2304,Fall,HH,H,H,98.5164032,1.766233766,14.84225352,14.66818837,0.174065148,0.119000377,1.157831451,0.608402315,9592,Enhance,HH,S,Brand,1,Fall,2022,117,.,.,.,.,.,.,.,.,.,7.32,0.78,5.98,0.13043478260869565,0.46,0.07,0.03,10.7,81.7,6.3,0.9,0.4,11.18,12.5,35.7,32,11.2,35,23.1,771,5.3,.,.,.,.,.,.,.,.,.,.,.,.,.,.,.,.,.,.,.,.
2618,4,2304,Fall,HH,H,H,98.5164032,1.766233766,14.84225352,14.66818837,0.174065148,0.119000377,1.157831451,0.608402315,9592,Enhance,HH,S,Wean,2,Fall,2022,213.75,.,.,.,.,.,.,.,.,.,11.33,2.28,8.3,0.2746987951807228,0.6,0.12,0.03,20.1,73.3,5.3,1.1,0.2,11.19,12.7,35.3,31.6,11.3,35.9,26.3,425,5.2,.,.,.,.,.,.,.,.,.,.,.,.,.,.,.,.,.,.,.,.
2618,4,2304,Fall,HH,H,H,98.5164032,1.766233766,14.84225352,14.66818837,0.174065148,0.119000377,1.157831451,0.608402315,9592,Enhance,HH,S,14DPW,3,Fall,2022,227.25,.,.,.,.,.,.,.,.,.,7.28,1.04,5.95,0.17478991596638654,0.19,0.07,0.03,14.3,81.7,2.6,1,0.4,11.22,12.7,35.1,31.3,11.3,36.2,25.8,811,5,.,.,.,.,.,.,.,.,.,.,.,.,.,.,.,.,.,.,.,.
2618,4,2304,Fall,HH,H,H,98.5164032,1.766233766,14.84225352,14.66818837,0.174065148,0.119000377,1.157831451,0.608402315,9592,Enhance,HH,S,60DPW,4,Fall,2022,262.8,.,.,.,.,.,.,.,.,.,.,.,.,.,.,.,.,.,.,.,.,.,.,.,.,.,.,.,.,.,.,.,.,.,.,.,.,.,.,.,.,.,.,.,.,.,.,.,.,.,.
2618,4,2304,Fall,HH,H,H,98.5164032,1.766233766,14.84225352,14.66818837,0.174065148,0.119000377,1.157831451,0.608402315,9592,Enhance,HH,S,28DF,5,Fall,2022,304.65000000000003,.,.,.,.,.,.,.,.,.,.,.,.,.,.,.,.,.,.,.,.,.,.,.,.,.,.,.,.,.,.,.,.,.,.,.,.,.,.,.,.,.,.,.,.,.,.,.,.,.,.
2629,3,2304,Fall,HH,H,H,105.015369,2.058441558,15.33239437,15.78890986,-0.456515492,0.13425441,1.179304489,0.879137069,9698,Enhance,HH,S,Brand,1,Fall,2022,126,0.73320255026974,0.7873819517313746,.,.,.,.,.,.,.,9.89,1.17,8.02,0.14588528678304238,0.51,0.15,0.04,11.8,81.1,5.2,1.5,0.4,10.93,13.5,38.1,34.8,12.3,35.4,22.3,435,5.4,.,.,.,.,.,.,.,.,.,.,.,.,.,.,.,.,.,.,.,.
2629,3,2304,Fall,HH,H,H,105.015369,2.058441558,15.33239437,15.78890986,-0.456515492,0.13425441,1.179304489,0.879137069,9698,Enhance,HH,S,Wean,2,Fall,2022,.,1.881412952060555,1.2953586497890297,0.8568912373403788,.,.,.,.,.,.,10.43,1.93,7.65,0.2522875816993464,0.72,0.1,0.03,18.5,73.4,6.8,1,0.3,10.69,13.7,38.1,35.7,12.8,35.8,25.5,450,5.6,.,.,.,.,.,.,.,.,.,.,.,.,.,.,.,.,.,.,.,.
2629,3,2304,Fall,HH,H,H,105.015369,2.058441558,15.33239437,15.78890986,-0.456515492,0.13425441,1.179304489,0.879137069,9698,Enhance,HH,S,14DPW,3,Fall,2022,245.25,1.05607476635514,1.2122507122507122,0.8341362697866482,.,.,.,.,.,.,10.19,2.28,7.2,0.31666666666666665,0.52,0.12,0.07,22.4,70.7,5,1.2,0.7,9.8,12.8,35,35.7,13,36.5,24.9,556,5.5,.,.,.,.,.,.,.,.,.,.,.,.,.,.,.,.,.,.,.,.
2629,3,2304,Fall,HH,H,H,105.015369,2.058441558,15.33239437,15.78890986,-0.456515492,0.13425441,1.179304489,0.879137069,9698,Enhance,HH,S,60DPW,4,Fall,2022,285.3,.,.,.,.,.,.,.,.,.,.,.,.,.,.,.,.,.,.,.,.,.,.,.,.,.,.,.,.,.,.,.,.,.,.,.,.,.,.,.,.,.,.,.,.,.,.,.,.,.,.
2629,3,2304,Fall,HH,H,H,105.015369,2.058441558,15.33239437,15.78890986,-0.456515492,0.13425441,1.179304489,0.879137069,9698,Enhance,HH,S,28DF,5,Fall,2022,344.25,.,.,.,.,.,.,.,.,.,.,.,.,.,.,.,.,.,.,.,.,.,.,.,.,.,.,.,.,.,.,.,.,.,.,.,.,.,.,.,.,.,.,.,.,.,.,.,.,.,.
2630,4,2304,Fall,HH,H,H,88.83218674,1.415584416,17.29014085,13.08345469,4.206686151,0.081872347,1.137383898,0.278200518,6010,Monumental,HH,S,Brand,1,Fall,2022,117,0.7792455075568249,1.1615192787262612,2.0169256381798,.,.,.,.,.,.,11.65,2.32,8.48,0.27358490566037735,0.7,0.12,0.03,19.9,72.8,6,1,0.3,10.82,13.6,39.8,36.8,12.5,34.1,22.9,739,5.3,.,.,.,.,.,.,.,.,.,.,.,.,.,.,.,.,.,.,.,.
2630,4,2304,Fall,HH,H,H,88.83218674,1.415584416,17.29014085,13.08345469,4.206686151,0.081872347,1.137383898,0.278200518,6010,Monumental,HH,S,Wean,2,Fall,2022,159.75,1.6975505857294995,1.0096536059057353,0.7939311594202898,.,.,.,.,.,.,14.56,3.23,10.56,0.3058712121212121,0.55,0.17,0.05,22.2,72.5,3.8,1.2,0.3,9.43,11.8,33.2,35.2,12.5,35.6,21.4,753,5.4,.,.,.,.,.,.,.,.,.,.,.,.,.,.,.,.,.,.,.,.
2630,4,2304,Fall,HH,H,H,88.83218674,1.415584416,17.29014085,13.08345469,4.206686151,0.081872347,1.137383898,0.278200518,6010,Monumental,HH,S,14DPW,3,Fall,2022,191.25,0.8230932203389831,1.4165907019143118,1.734313725490196,.,.,.,.,.,.,14.3,4.1,9.64,0.425311203319502,0.38,0.14,0.04,28.7,67.4,2.6,1,0.3,9.79,12,33.8,34.6,12.2,35.3,21.8,968,5.4,.,.,.,.,.,.,.,.,.,.,.,.,.,.,.,.,.,.,.,.
2630,4,2304,Fall,HH,H,H,88.83218674,1.415584416,17.29014085,13.08345469,4.206686151,0.081872347,1.137383898,0.278200518,6010,Monumental,HH,S,60DPW,4,Fall,2022,226.35,.,.,.,.,.,.,.,.,.,.,.,.,.,.,.,.,.,.,.,.,.,.,.,.,.,.,.,.,.,.,.,.,.,.,.,.,.,.,.,.,.,.,.,.,.,.,.,.,.,.
2630,4,2304,Fall,HH,H,H,88.83218674,1.415584416,17.29014085,13.08345469,4.206686151,0.081872347,1.137383898,0.278200518,6010,Monumental,HH,S,28DF,5,Fall,2022,274.5,.,.,.,.,.,.,.,.,.,.,.,.,.,.,.,.,.,.,.,.,.,.,.,.,.,.,.,.,.,.,.,.,.,.,.,.,.,.,.,.,.,.,.,.,.,.,.,.,.,.
2635,3,2304,Fall,HH,H,H,90.20393729,1.123376623,11.59855072,12.96404575,-1.365495021,0.096854913,1.120857063,0.00251956,508,EasyExpress,MH,S,Brand,1,Fall,2022,94.5,.,.,.,.,.,.,.,.,.,11.39,1.51,9.24,0.1634199134199134,0.52,0.09,0.03,13.3,81.1,4.5,0.8,0.3,10.8,12.2,35.1,32.5,11.3,34.7,23.1,536,5.1,.,.,.,.,.,.,.,.,.,.,.,.,.,.,.,.,.,.,.,.
2635,3,2304,Fall,HH,H,H,90.20393729,1.123376623,11.59855072,12.96404575,-1.365495021,0.096854913,1.120857063,0.00251956,508,EasyExpress,MH,S,Wean,2,Fall,2022,159.75,0.7054367201426026,1.7327427094868955,0.6389010030527692,.,.,.,.,.,.,11.08,2.39,8.14,0.2936117936117936,0.45,0.08,0.02,21.6,73.5,3.9,0.8,0.2,9.45,11.2,31.6,33.4,11.9,35.5,23,644,5.2,.,.,.,.,.,.,.,.,.,.,.,.,.,.,.,.,.,.,.,.
2635,3,2304,Fall,HH,H,H,90.20393729,1.123376623,11.59855072,12.96404575,-1.365495021,0.096854913,1.120857063,0.00251956,508,EasyExpress,MH,S,14DPW,3,Fall,2022,182.25,1.6842105263157892,1.1305201177625124,1.0965372507869886,.,.,.,.,.,.,.,.,.,.,.,.,.,.,.,.,.,.,.,.,.,.,.,.,.,.,.,.,.,.,.,.,.,.,.,.,.,.,.,.,.,.,.,.,.,.,.
2635,3,2304,Fall,HH,H,H,90.20393729,1.123376623,11.59855072,12.96404575,-1.365495021,0.096854913,1.120857063,0.00251956,508,EasyExpress,MH,S,60DPW,4,Fall,2022,225.45000000000002,.,.,.,.,.,.,.,.,.,.,.,.,.,.,.,.,.,.,.,.,.,.,.,.,.,.,.,.,.,.,.,.,.,.,.,.,.,.,.,.,.,.,.,.,.,.,.,.,.,.
2635,3,2304,Fall,HH,H,H,90.20393729,1.123376623,11.59855072,12.96404575,-1.365495021,0.096854913,1.120857063,0.00251956,508,EasyExpress,MH,S,28DF,5,Fall,2022,283.95,.,.,.,.,.,.,.,.,.,.,.,.,.,.,.,.,.,.,.,.,.,.,.,.,.,.,.,.,.,.,.,.,.,.,.,.,.,.,.,.,.,.,.,.,.,.,.,.,.,.
2638,3,2304,Fall,HH,H,H,85.60350729,1.38961039,11.88450704,12.6465756,-0.762068558,0.116926212,1.107956926,0.281653464,510,EasyExpress,MH,S,Brand,1,Fall,2022,81,0.7561099796334013,0.9385964912280701,.,.,.,.,.,.,.,11.98,1.2,9.99,0.12012012012012012,0.6,0.15,0.04,10,83.4,5.1,1.2,0.3,10.57,12.9,37.2,35.2,12.2,34.6,22.7,673,4.8,.,.,.,.,.,.,.,.,.,.,.,.,.,.,.,.,.,.,.,.
2638,3,2304,Fall,HH,H,H,85.60350729,1.38961039,11.88450704,12.6465756,-0.762068558,0.116926212,1.107956926,0.281653464,510,EasyExpress,MH,S,Wean,2,Fall,2022,153,0.9248826291079812,0.8512396694214875,1.0532233883058473,.,.,.,.,.,.,13.31,2.39,10.02,0.2385229540918164,0.72,0.16,0.02,18,75.3,5.3,1.2,0.2,9.47,11.9,34,35.9,12.5,34.9,26.3,612,5.1,.,.,.,.,.,.,.,.,.,.,.,.,.,.,.,.,.,.,.,.
2638,3,2304,Fall,HH,H,H,85.60350729,1.38961039,11.88450704,12.6465756,-0.762068558,0.116926212,1.107956926,0.281653464,510,EasyExpress,MH,S,14DPW,3,Fall,2022,182.25,1.3058405682715077,4.863309352517986,1.266472868217054,.,.,.,.,.,.,13.88,3.18,9.97,0.3189568706118355,0.58,0.11,0.04,22.9,71.9,4.1,0.8,0.3,10.14,12.8,36.6,36.1,12.6,34.9,24.9,720,5,.,.,.,.,.,.,.,.,.,.,.,.,.,.,.,.,.,.,.,.
2638,3,2304,Fall,HH,H,H,85.60350729,1.38961039,11.88450704,12.6465756,-0.762068558,0.116926212,1.107956926,0.281653464,510,EasyExpress,MH,S,60DPW,4,Fall,2022,214.20000000000002,.,.,.,.,.,.,.,.,.,.,.,.,.,.,.,.,.,.,.,.,.,.,.,.,.,.,.,.,.,.,.,.,.,.,.,.,.,.,.,.,.,.,.,.,.,.,.,.,.,.
2638,3,2304,Fall,HH,H,H,85.60350729,1.38961039,11.88450704,12.6465756,-0.762068558,0.116926212,1.107956926,0.281653464,510,EasyExpress,MH,S,28DF,5,Fall,2022,265.05,.,.,.,.,.,.,.,.,.,.,.,.,.,.,.,.,.,.,.,.,.,.,.,.,.,.,.,.,.,.,.,.,.,.,.,.,.,.,.,.,.,.,.,.,.,.,.,.,.,.
3503,3,2404,Fall,HH,H,H,115.5432344,1.62987013,12.56544857,12.21532458,0.350123989,0.129710461,1.920745019,-0.290874889,1584,GrowthFund,HH,S,Brand,1,Fall,2023,155.25,.,.,.,15.09,.,.,.,.,.,10.6,4.43,5.16,0.8585271317829457,0.84,0.11,0.06,41.8,48.6,8.1,1,0.5,10.17,12.5,36.1,35.5,12.3,34.7,23.6,676,5,27.05,1.46,0.0005,0.0005,259.85,246.15,1.66,67.54,139.67,3090.74,750.06,203.8,440.14,143.7,.,.,.,.,.,.
3503,3,2404,Fall,HH,H,H,115.5432344,1.62987013,12.56544857,12.21532458,0.350123989,0.129710461,1.920745019,-0.290874889,1584,GrowthFund,HH,S,Wean,2,Fall,2023,243,.,.,.,17.64,.,.,.,.,.,11.28,3.39,7.1,0.4774647887323944,0.51,0.19,0.09,30.1,63,4.5,1.6,0.8,10.01,13.1,37.1,37,13.1,35.4,23.7,724,5.1,10.05,1.68,0.0005,0.0005,6.33,125.18,3.24,110.3,552.16,4111.41,929.51,184.7,358.76,174.82,.,.,.,.,.,.
3503,3,2404,Fall,HH,H,H,115.5432344,1.62987013,12.56544857,12.21532458,0.350123989,0.129710461,1.920745019,-0.290874889,1584,GrowthFund,HH,S,14DPW,3,Fall,2023,256.5,.,.,.,14.030000000000001,.,.,.,.,.,12.98,4.6,7.29,0.6310013717421125,0.81,0.2,0.08,35.5,56.2,6.2,1.5,0.6,9.75,13.2,36.7,37.6,13.6,36,23.5,825,5.2,5.12,5.63,88.2,0.0005,4.19,118.09,10.07,151.9,494.28,3672.11,1118.8,223.66,475.64,184.29,.,.,.,.,.,.
3503,3,2404,Fall,HH,H,H,115.5432344,1.62987013,12.56544857,12.21532458,0.350123989,0.129710461,1.920745019,-0.290874889,1584,GrowthFund,HH,S,60DPW,4,Fall,2023,309.6,.,.,.,49.19,.,.,.,.,.,17.4,6.68,9.16,0.7292576419213973,1.25,0.24,0.07,38.4,52.7,7.1,1.4,0.4,8.99,11.6,31.7,35.2,12.9,36.7,24.4,699,5.8,6.14,3.39,17.53,0.0005,18.43,131.28,14.98,111.43,758.42,3362.52,1099.29,204.06,327.03,201.32,.,.,.,.,.,.
3503,3,2404,Fall,HH,H,H,115.5432344,1.62987013,12.56544857,12.21532458,0.350123989,0.129710461,1.920745019,-0.290874889,1584,GrowthFund,HH,S,28DF,5,Fall,2023,353.25,.,.,.,19.54,.,.,.,.,.,9.45,2.4,6.41,0.3744149765990639,0.46,0.15,0.03,25.4,67.8,5,1.5,0.3,8.1,11.5,33,40.8,14.2,34.8,24.9,434,6.5,8.35,84.82,36.41,17.48,12.88,1024.9,8.95,708.56,467.94,3204.66,1996.93,319.84,7339.41,251.98,.,.,.,.,.,.
3511,4,2404,Fall,HH,H,H,122.0455728,2.019480519,13.30556197,13.6176163,-0.312054327,0.151777168,1.959572651,0.059907869,1506,Regiment,HH,S,Brand,1,Fall,2023,83.25,1.5026957637997433,1.3298520452567448,1.1522983805005724,30.14,9.7701906,7.565120599999999,1.2108075,1.2914784993645707,17.3353112,12.83,4.9,7.01,0.6990014265335236,0.78,0.11,0.03,38.2,54.6,6.1,0.8,0.3,10.25,12.2,35.9,35.1,11.9,33.8,23.1,515,4.9,7.37,27.81,0.001,0.001,2.42,170.09,0.001,0.001,460.06,1584.3,983.67,130.35,1116.76,147.14,<2,0,8,3,<4,0
3511,4,2404,Fall,HH,H,H,122.0455728,2.019480519,13.30556197,13.6176163,-0.312054327,0.151777168,1.959572651,0.059907869,1506,Regiment,HH,S,Wean,2,Fall,2023,270,1.1406964474147028,0.6858041683051513,0.5934959349593496,10.05,10.4003477,11.4917897,1.175171,0.9050241930549773,21.8921374,15.71,4.87,9.7,0.5020618556701031,0.87,0.25,0.02,31,61.8,5.5,1.6,0.1,11.24,13.6,38.8,34.5,12.1,35.1,19.9,487,5.3,1.74,16.11,0.001,0.001,0.001,177.71,0.24,0.001,552.56,2172.74,1251.95,145.76,946.01,99.82,<2,0,512,9,<4,0
3511,4,2404,Fall,HH,H,H,122.0455728,2.019480519,13.30556197,13.6176163,-0.312054327,0.151777168,1.959572651,0.059907869,1506,Regiment,HH,S,14DPW,3,Fall,2023,288,0.5712643678160919,1.1198125836680053,0.7964731814842028,11.55,8.7465924,12.1247459,1.4980496,0.721383563180487,20.8713383,15.46,5.89,8.85,0.6655367231638418,0.48,0.22,0.02,38.1,57.3,3.1,1.4,0.1,10.37,12.8,36,34.7,12.3,35.6,19.3,784,5.4,1.64,12.89,0.001,0.001,0.001,129.03,0.001,0.001,266.54,2171.14,1126.84,147,661.68,119.73,32,5,1024,10,8,3
3511,4,2404,Fall,HH,H,H,122.0455728,2.019480519,13.30556197,13.6176163,-0.312054327,0.151777168,1.959572651,0.059907869,1506,Regiment,HH,S,60DPW,4,Fall,2023,343.8,1.465663962002771,1.20333569907736,1.1323409128087685,15.19,10.6771625,17.4878058,2.4459702,0.6105490089557147,28.164968299999998,15.58,7.81,6.63,1.1779788838612368,0.71,0.38,0.05,50.2,42.6,4.5,2.4,0.3,8.94,11.1,30.6,34.2,12.5,36.4,19.8,833,5.2,5.45,14.12,0.001,0.001,0.001,217.93,0.73,0.001,350.86,1859.05,1229,140.94,623.59,101.68,16,4,512,9,<4,0
3511,4,2404,Fall,HH,H,H,122.0455728,2.019480519,13.30556197,13.6176163,-0.312054327,0.151777168,1.959572651,0.059907869,1506,Regiment,HH,S,28DF,5,Fall,2023,425.25,1.0519932503691203,1.0024140594824256,1.1181163650515662,18.05,3.9004954,6.2907089,0.566574,0.6200406761788008,10.1912043,12.82,5.07,6.59,0.7693474962063733,0.85,0.29,0.02,39.6,51.4,6.6,2.2,0.2,8.19,11.1,31.7,38.8,13.6,35.1,27.5,531,5.9,0.9,3.75,0.001,0.001,1.45,24.49,0.001,0.001,104.11,942.25,478.12,30.51,120.68,44.65,.,.,.,.,.,.
3514,3,2404,Fall,HH,H,H,110.0680404,1.785714286,10.89681549,11.90264636,-1.005830863,0.163874876,1.696904026,0.08881026,1565,Magnitude,HH,S,Brand,1,Fall,2023,126,1.0503472222222223,1.071784796735681,1.0516156705747783,23.91,9.066953400000001,3.6427449,0.7122768,2.489044291847063,12.709698300000001,9.6,1.63,7.47,0.2182061579651941,0.4,0.08,0.02,17,77.8,4.2,0.8,0.2,12.53,14.8,42.3,33.8,11.8,34.9,23.2,618,4.5,16.79,6.76,0.001,0.001,0.001,257.36,0.001,0.001,248.53,2479.19,1364.42,208.36,255.5,200.86,<2,0,<4,0,<4,0
3514,3,2404,Fall,HH,H,H,110.0680404,1.785714286,10.89681549,11.90264636,-1.005830863,0.163874876,1.696904026,0.08881026,1565,Magnitude,HH,S,Wean,2,Fall,2023,200.25,0.7243186582809223,0.6018907563025209,0.48287416232315705,37.77,9.7047747,8.3361242,2.6415088,1.1641830744316404,18.040898900000002,11.35,2.37,8.15,0.2907975460122699,0.66,0.15,0.02,20.9,71.9,5.7,1.3,0.2,10.41,13.2,36.2,34.8,12.6,36.3,23.3,643,4.6,2.26,55.45,0.001,0.001,0.001,220.4,0.001,117.05,735.14,2358.68,1450.04,237.9,2723.54,234.52,<2,0,512,9,32,5
3514,3,2404,Fall,HH,H,H,110.0680404,1.785714286,10.89681549,11.90264636,-1.005830863,0.163874876,1.696904026,0.08881026,1565,Magnitude,HH,S,14DPW,3,Fall,2023,218.25,0.5725599813650128,0.8939873417721518,2.96383121232418,41.97,14.3066102,11.1944571,2.4805385,1.2780083993532836,25.5010673,12.86,4.17,7.72,0.5401554404145078,0.76,0.15,0.06,32.5,60,6,1.1,0.4,9.88,12.6,34.3,34.7,12.8,36.9,22.8,903,4.7,4.31,56.09,0.001,101.63,44.59,294.6,2,179.19,672.88,2322.54,1533.54,309.96,2462.35,432.37,32,5,1024,10,64,6
3514,3,2404,Fall,HH,H,H,110.0680404,1.785714286,10.89681549,11.90264636,-1.005830863,0.163874876,1.696904026,0.08881026,1565,Magnitude,HH,S,60DPW,4,Fall,2023,287.1,1.1809672386895478,0.8161128812016384,0.8027790228597043,36.07,11.991840199999999,12.1704089,2.7289518,0.9853276334864968,24.162249099999997,11.04,3.37,6.69,0.5037369207772795,0.71,0.24,0.03,30.5,60.6,6.5,2.2,0.2,9.55,13.3,35.9,37.6,13.9,37,25.4,788,5.1,4.94,65.01,0.001,83.24,44.59,169.98,65.8,207.1,410.15,2437.66,1510.43,311.06,3181.11,355.6,4,2,512,9,8,3
3514,3,2404,Fall,HH,H,H,110.0680404,1.785714286,10.89681549,11.90264636,-1.005830863,0.163874876,1.696904026,0.08881026,1565,Magnitude,HH,S,28DF,5,Fall,2023,344.7,1.0522565320665083,0.7689530685920577,0.8731419262879252,27.2,11.9005839,10.468699699999998,1.6067085,1.1367776553949678,22.3692836,8.44,1.98,6.02,0.3289036544850499,0.27,0.16,0.01,23.4,71.3,3.2,2,0.1,8.88,13.1,36.1,40.6,14.7,36.2,29,572,5.1,5.98,18.74,0.001,72.84,34.17,252.92,2.76,133.33,231.06,2318.25,1716.74,235.65,972.4,267.81,8,3,1024,10,64,6
3522,4,2404,Fall,HH,H,H,114.0505516,1.409090909,11.3454169,11.65779862,-0.312381723,0.12419913,1.71982584,-0.310734931,510,Regiment,HH,S,Brand,1,Fall,2023,139.5,1.0020447110141766,1.0210397926513186,0.644705882352941,11.96,9.952053800000002,6.6538406,1.1117545,1.4956856345491658,16.6058944,12.43,2.57,9.08,0.2830396475770925,0.62,0.13,0.03,20.7,73,5,1,0.3,11.7,14,41.7,35.6,11.9,33.5,23,717,4.6,15.43,3.79,0.001,0.001,44.59,144.03,3.88,66.04,347.27,3889.89,2323.62,222.09,315.61,279.15,8,3,32,5,<4,0
3522,4,2404,Fall,HH,H,H,114.0505516,1.409090909,11.3454169,11.65779862,-0.312381723,0.12419913,1.71982584,-0.310734931,510,Regiment,HH,S,Wean,2,Fall,2023,245.25,1.2583695374393047,0.5993452530848652,0.522808267997149,25.42,9.459195800000002,10.468699699999998,2.3990144,0.903569313388558,19.927895499999998,10.47,2.53,7.19,0.3518776077885952,0.54,0.19,0.02,24.2,68.6,5.1,1.9,0.2,10.64,13.6,39.4,37,12.8,34.4,22.1,680,4.8,10.64,26.97,0.001,0.001,20.87,148.89,1.61,140.02,499.82,3449.15,1761.66,243.4,1028.94,205.25,<2,0,512,9,16,4
3522,4,2404,Fall,HH,H,H,114.0505516,1.409090909,11.3454169,11.65779862,-0.312381723,0.12419913,1.71982584,-0.310734931,510,Regiment,HH,S,14DPW,3,Fall,2023,249.75,1.8921490880253764,1.8400000000000003,0.599078341013825,25.27,11.8100787,14.8061522,3.9205053999999997,0.7976467174233155,26.616230899999998,10.99,3.41,6.78,0.5029498525073747,0.51,0.24,0.05,31.1,61.7,4.6,2.2,0.4,10.92,13.7,40.1,36.7,12.6,34.2,21.4,981,4.8,6.26,27.92,0.001,0.001,9.19,100.57,2.39,168.77,300.48,2902.76,1567.55,209.53,1197.7,272.82,<2,0,512,9,32,5
3522,4,2404,Fall,HH,H,H,114.0505516,1.409090909,11.3454169,11.65779862,-0.312381723,0.12419913,1.71982584,-0.310734931,510,Regiment,HH,S,60DPW,4,Fall,2023,304.65000000000003,1.0449566989302088,0.9326403326403326,1.189359357783724,30.77,10.9026281,12.6152877,2.7873712999999998,0.8642393546046516,23.517915799999997,12.3,5.51,5.7,0.9666666666666666,0.69,0.38,0.02,44.9,46.3,5.6,3.1,0.1,9.56,12.4,35.1,36.7,13,35.4,20.8,961,5,8.77,76.44,104.41,204.41,59.56,227.29,6.38,349.82,289.39,2189.63,1500.55,242.81,3597.18,240.7,4,2,512,9,8,3
3522,4,2404,Fall,HH,H,H,114.0505516,1.409090909,11.3454169,11.65779862,-0.312381723,0.12419913,1.71982584,-0.310734931,510,Regiment,HH,S,28DF,5,Fall,2023,374.40000000000003,1.0916418240035333,1.178545629665302,1.1604938271604937,24.79,10.079035,14.1444966,4.2770448,0.7125764376796555,24.2235316,9.56,3.47,5.08,0.6830708661417323,0.65,0.35,0.01,36.2,53.1,6.9,3.7,0.1,8.46,11.7,33.4,39.5,13.8,34.9,24.1,561,5.7,7.38,23.73,13.76,54.76,19.4,292.51,4.6,165.85,240.48,2413.43,2266.19,513.94,1133.54,209.71,<2,0,512,9,128,7
3538,4,2404,Fall,HH,H,H,112.7320367,2.422077922,12.72907286,13.33240265,-0.603329794,0.19027921,1.992380257,0.429697665,5514,Magnitude,HH,S,Brand,1,Fall,2023,155.25,1.6075491209927613,0.8818277310924371,1.0839832033593282,24.740000000000002,8.1104086,2.3310256000000003,1.1695487,3.479330557330644,10.4414342,12.85,4.02,7.82,0.5140664961636828,0.67,0.22,0.12,31.3,60.9,5.2,1.7,0.9,10.85,13.5,39.1,36,12.4,34.5,23.5,691,4.7,5.71,7.09,0.001,0.001,29.72,135.15,2.95,87.95,234.45,2100.61,1152.24,141.63,500.66,233.41,16,4,64,6,64,6
3538,4,2404,Fall,HH,H,H,112.7320367,2.422077922,12.72907286,13.33240265,-0.603329794,0.19027921,1.992380257,0.429697665,5514,Magnitude,HH,S,Wean,2,Fall,2023,227.25,1.1588235294117646,0.8655332302936631,1.0445572476029328,25.04,11.840164300000001,4.6550652999999995,2.2026315,2.5435012265026664,16.495229600000002,11.1,2.74,7.7,0.35584415584415585,0.5,0.15,0.01,24.7,69.4,4.5,1.3,0.1,9.92,13.4,37,37.3,13.5,36.2,23.5,681,5.1,38.73,17.19,0.001,245.81,20.87,238.43,5.32,135.58,434.57,3775.55,1707.7,219.18,907.55,268.03,2,1,512,9,8,3
3538,4,2404,Fall,HH,H,H,112.7320367,2.422077922,12.72907286,13.33240265,-0.603329794,0.19027921,1.992380257,0.429697665,5514,Magnitude,HH,S,14DPW,3,Fall,2023,238.5,1.4411529223378703,1.0620087336244541,0.9844092570036542,24.1,12.8652597,6.030233099999999,2.3772224,2.133459766256797,18.8954928,9.96,2.57,6.97,0.36872309899569583,0.24,0.17,0.01,25.8,70,2.4,1.7,0.1,9.12,12.3,34.7,38,13.5,35.5,22.6,782,5,14.25,59.59,86.06,243.52,38.63,246.71,18.9,279.11,326.61,1898.61,1139,145.6,3647.52,219.93,<2,0,256,8,8,3
3538,4,2404,Fall,HH,H,H,112.7320367,2.422077922,12.72907286,13.33240265,-0.603329794,0.19027921,1.992380257,0.429697665,5514,Magnitude,HH,S,60DPW,4,Fall,2023,291.6,1.5066693613581241,1.0785256410256412,0.862351495288816,21.72,11.5283168,8.0609047,3.3128647,1.430151729743189,19.5892215,11.78,6.54,4.28,1.52803738317757,0.63,0.32,0.01,55.5,36.4,5.3,2.7,0.1,8.28,11.8,32.9,39.7,14.2,35.8,21.1,469,6.1,12.24,15.24,9.68,67.21,32.68,131.11,10.49,176.39,190.31,2360.48,1314.45,176.21,858.72,202.75,<2,0,256,8,<4,0
3538,4,2404,Fall,HH,H,H,112.7320367,2.422077922,12.72907286,13.33240265,-0.603329794,0.19027921,1.992380257,0.429697665,5514,Magnitude,HH,S,28DF,5,Fall,2023,340.2,0.9975733277062669,0.6207936507936508,0.7595675304616442,39.06,12.6202094,8.1971013,3.2186241,1.5395941733695544,20.8173107,11.32,3.91,6.32,0.6186708860759493,0.83,0.24,0.02,34.5,55.8,7.3,2.2,0.2,7.88,11.6,32.6,41.3,14.7,35.5,22.2,693,5.6,6.12,15.73,0.001,0.001,32.68,133.53,8.45,147.03,214.38,1854.38,1353.9,175.05,677.74,224.93,<2,0,256,8,<4,0
3542,3,2404,Fall,HH,H,H,112.4044311,1.272727273,9.811853571,11.23511094,-1.423257372,0.129713235,1.46385755,-0.191130277,4145,Regiment,HH,S,Brand,1,Fall,2023,153,0.9570440480524208,1.153409090909091,1.1343551505109084,6.091,12.3330444,3.9628507,1.6989109,3.1121647858194605,16.2958951,11.65,4.03,6.89,0.5849056603773586,0.57,0.07,0.09,34.7,59.1,4.9,0.6,0.7,9.33,12.5,35.5,38.1,13.4,35.2,26.3,526,4.5,13.76,3.79,0.001,0.001,44.59,170.39,1.61,93.91,230.68,3027.73,1049.62,192.62,278.81,134.42,4,2,256,8,64,6
3542,3,2404,Fall,HH,H,H,112.4044311,1.272727273,9.811853571,11.23511094,-1.423257372,0.129713235,1.46385755,-0.191130277,4145,Regiment,HH,S,Wean,2,Fall,2023,243,0.8731934731934732,0.678714859437751,0.6695095948827292,22.93,12.5236661,6.9052735,2.9433941,1.8136379536596197,19.4289396,.,.,.,.,.,.,.,.,.,.,.,.,.,.,.,.,.,.,.,.,.,11.68,239.12,21.74,146.3,17.93,847.38,3.14,741.16,740.74,3058.47,2420.68,171.23,19072.36,409.07,<2,0,64,6,4,2
3542,3,2404,Fall,HH,H,H,112.4044311,1.272727273,9.811853571,11.23511094,-1.423257372,0.129713235,1.46385755,-0.191130277,4145,Regiment,HH,S,14DPW,3,Fall,2023,247.5,0.5827398408043569,1.3142464498396702,2.6359223300970873,31.19,11.9005839,7.8647437,4.1845327999999995,1.513155972266458,19.7653276,6.62,1.11,4.95,0.22424242424242424,0.32,0.23,0.01,16.8,74.7,4.9,3.4,0.2,10.72,14.5,40.5,37.8,13.6,35.9,21.2,40,4.6,8.91,178.94,296.59,172.69,35.65,538.31,13.17,626.77,444.6,2721.26,2277.35,223.49,9288.78,281.99,<2,0,128,7,4,2
3542,3,2404,Fall,HH,H,H,112.4044311,1.272727273,9.811853571,11.23511094,-1.423257372,0.129713235,1.46385755,-0.191130277,4145,Regiment,HH,S,60DPW,4,Fall,2023,307.35,1.332698896079178,0.6442953020134229,0.6454942437475188,23.18,20.4089544,11.9212121,4.3788208,1.7119865185520857,32.3301665,15.19,5.89,7.74,0.7609819121447028,0.99,0.53,0.04,38.8,51,6.5,3.5,0.2,8.75,12.5,33.9,38.8,14.3,36.7,22.5,723,5.3,5.01,38.84,21.74,109.97,47.57,326.15,7.42,285.46,237.47,1849.81,1248.99,371.12,2397.74,161.1,<2,0,512,9,<4,0
3542,3,2404,Fall,HH,H,H,112.4044311,1.272727273,9.811853571,11.23511094,-1.423257372,0.129713235,1.46385755,-0.191130277,4145,Regiment,HH,S,28DF,5,Fall,2023,374.40000000000003,1.221809804172533,0.7128876182098087,0.7180500658761528,35.06,18.488992399999997,9.129897099999999,3.2530107999999998,2.0251041383587993,27.618889499999995,10.78,3.34,6.77,0.49335302806499265,0.46,0.19,0.02,31,62.8,4.3,1.8,0.1,7.76,11.3,31.9,41.1,14.6,35.6,22.6,534,5.7,7.38,24.12,9.68,39.74,23.81,218.65,2.39,160.91,279.55,1678.38,1631.48,288.9,1181.67,183.37,<2,0,64,6,16,4
3545,4,2404,Fall,HL,H,L,120.1160978,1.785714286,10.86919225,12.98954472,-2.12035247,0.164291352,1.542740221,0.242974065,537,Oasis,HL,S,Brand,1,Fall,2023,141.75,1.0180658873538788,1.0565326633165828,1.2789297658862877,17.580000000000002,12.7665989,4.3253215,1.2106171000000001,2.951595366957115,17.0919204,13.1,3.32,9.07,0.3660418963616317,0.64,0.06,0.01,25.3,69.2,5,0.5,0,11.55,13.1,38.1,33,11.4,34.5,22.3,547,5,11.89,27.73,0.001,85.69,38.63,231.42,6.38,141.11,579.22,2230.66,1447.31,196.55,743.96,329.55,2,1,256,8,4,2
3545,4,2404,Fall,HL,H,L,120.1160978,1.785714286,10.86919225,12.98954472,-2.12035247,0.164291352,1.542740221,0.242974065,537,Oasis,HL,S,Wean,2,Fall,2023,234,1.8024436413698162,0.9594731509625127,0.861376021798365,25.48,13.0820236,9.528656400000001,3.0661992000000002,1.3729137719773377,22.610680000000002,13.06,3.16,9.04,0.34955752212389385,0.68,0.15,0.03,24.2,69.2,5.2,1.2,0.2,10.23,12.3,34.6,33.8,12,35.5,22.3,573,5.2,6.4,16.9,13.76,92.76,3.45,194.86,11.5,159.41,789.31,1698.48,1170.12,294.47,743.96,198.61,<2,0,16,4,16,4
3545,4,2404,Fall,HL,H,L,120.1160978,1.785714286,10.86919225,12.98954472,-2.12035247,0.164291352,1.542740221,0.242974065,537,Oasis,HL,S,14DPW,3,Fall,2023,258.75,1.4198868991517437,1.0940291490362013,0.8958228485153497,22.19,12.1456315,11.5086554,3.9144542999999996,1.0553475691000358,23.654286900000002,14.35,4.5,8.64,0.5208333333333333,0.95,0.22,0.04,31.3,60.2,6.7,1.5,0.3,10.61,12.8,35.3,33.3,12,36.2,21.8,889,5.3,7.59,28.59,158.66,146.3,22.34,185.06,28.64,160.41,429.91,1952.87,1112.36,301.52,1117.48,406.49,4,2,8,3,128,7
3545,4,2404,Fall,HL,H,L,120.1160978,1.785714286,10.86919225,12.98954472,-2.12035247,0.164291352,1.542740221,0.242974065,537,Oasis,HL,S,60DPW,4,Fall,2023,322.2,1.2973568281938324,1.737884314747264,1.0947821924365724,24.98,9.926843,12.107773400000001,4.2173037,0.8198735367809245,22.0346164,18.16,11,5.69,1.9332161687170473,0.97,0.48,0.02,60.6,31.4,5.3,2.6,0.1,9.58,12.1,33.1,34.5,12.6,36.6,23,256,5.9,3.47,16.51,21.74,85.69,29.72,133.13,14.49,319.47,328.44,1403.44,1028.08,379,1157.62,212.1,2,1,256,8,<4,0
3545,4,2404,Fall,HL,H,L,120.1160978,1.785714286,10.86919225,12.98954472,-2.12035247,0.164291352,1.542740221,0.242974065,537,Oasis,HL,S,28DF,5,Fall,2023,386.1,0.9656299006795607,0.9442060085836911,1.2092355857031045,24.23,10.2205271,9.8545456,2.3164776000000002,1.0371383435477735,20.0750727,8.39,1.73,6.31,0.2741679873217116,0.27,0.07,0.01,20.6,75.3,3.2,0.8,0.1,7.02,10.8,30.2,43,15.3,35.6,36.3,321,6.2,5.01,42.76,21.74,480.31,44.59,619.02,11.5,219.99,463.71,2458.21,1472.5,408.01,2446.18,225.04,2,1,256,8,32,5
3558,3,2404,Fall,HH,H,H,109.9769747,1.357142857,11.93034318,11.12396864,0.806374543,0.113755559,1.887225643,-0.530082786,633,Regiment,HH,S,Brand,1,Fall,2023,123.75,1.4255106127352826,1.0192945432619835,1.1554641060813902,13.43,12.0377532,3.8661487,1.3671311000000002,3.1136291265775675,15.9039019,13.81,5.38,7.61,0.7069645203679369,0.69,0.12,0.01,39,55.1,5,0.8,0.1,12.35,13.5,38.7,31.3,10.9,35,23.9,655,4.7,3.4,4.63,0.001,0.001,50.57,131.52,3.88,58.13,184.92,2709.51,1377.01,181.06,121.23,199.92,4,2,32,5,4,2
3558,3,2404,Fall,HH,H,H,109.9769747,1.357142857,11.93034318,11.12396864,0.806374543,0.113755559,1.887225643,-0.530082786,633,Regiment,HH,S,Wean,2,Fall,2023,198,1.2761627906976742,0.75,0.8970276008492569,39.08,9.519523699999999,7.1956202000000005,2.5184576,1.3229608338694694,16.7151439,10.94,4.01,6.48,0.6188271604938271,0.27,0.14,0.04,36.6,59.3,2.5,1.3,0.3,10.31,12.1,33.6,32.6,11.7,35.9,22.4,495,4.6,11.96,115.49,63.79,182.75,104.89,390.43,12.17,393.73,614.97,2354.98,1435.1,187.53,6851.26,224.49,<2,0,1024,10,4,2
3558,3,2404,Fall,HH,H,H,109.9769747,1.357142857,11.93034318,11.12396864,0.806374543,0.113755559,1.887225643,-0.530082786,633,Regiment,HH,S,14DPW,3,Fall,2023,225,1.0404833836858007,0.9186991869918698,2.207740916271722,20.64,11.4553636,8.7403069,3.3944965,1.3106363118668063,20.1956705,13.12,4.59,7.75,0.5922580645161291,0.6,0.15,0.03,35,59.1,4.5,1.2,0.2,10.39,12.2,34.1,32.8,11.7,35.7,22.5,713,5,12.86,91.55,37.29,171.22,95.79,333.33,15.48,344.75,385.6,2800.77,1573.9,234.01,5617.35,288.54,2,1,1024,10,64,6
3558,3,2404,Fall,HH,H,H,109.9769747,1.357142857,11.93034318,11.12396864,0.806374543,0.113755559,1.887225643,-0.530082786,633,Regiment,HH,S,60DPW,4,Fall,2023,287.55,0.8975056689342403,1.1749605944607069,2.0227613057801737,48.9,13.2858509,9.129897099999999,4.1198691,1.4552026988343605,22.415748,12.49,4.99,6.74,0.7403560830860534,0.5,0.22,0.04,40,54,4,1.7,0.3,8.53,11.1,29.4,34.5,13.1,37.9,26.2,712,4.9,10.85,32.27,13.76,136.14,35.65,170.39,14.16,198.95,337.59,2956.25,1555.68,224.54,1652.74,154.75,8,3,1024,10,16,4
3558,3,2404,Fall,HH,H,H,109.9769747,1.357142857,11.93034318,11.12396864,0.806374543,0.113755559,1.887225643,-0.530082786,633,Regiment,HH,S,28DF,5,Fall,2023,343.35,1.6327952421410366,1.5274545825678707,2.117682926829268,26.14,12.0224276,7.5507719,3.7034342999999996,1.592211731359545,19.5731995,10.82,2.47,7.3,0.3383561643835617,0.81,0.23,0.01,22.8,67.5,7.5,2.1,0.1,8.16,11.1,31.4,38.5,13.6,35.4,30.3,454,5.8,23.18,29.82,13.76,51.31,44.59,251.68,6.73,186.99,398.25,3494.16,1930.43,318.94,1596.93,244.72,<2,0,256,8,256,8
3568,3,2404,Fall,HL,H,L,111.1475354,1.850649351,10.72954615,12.1359043,-1.406358142,0.172481606,1.650300793,0.200348557,6776,Oasis,HL,S,Brand,1,Fall,2023,150.75,1.5614323258869907,0.7743086529884032,0.7687898089171975,4.658,10.259450900000001,2.9815735,1.0730686,3.440951866522828,13.2410244,12.05,4.46,7.03,0.6344238975817923,0.34,0.17,0.05,37,58.3,2.9,1.4,0.4,9.24,11.4,33.6,36.4,12.4,34,22.2,549,5.2,12.65,2.2,0.001,0.001,16.47,171.2,2,133.89,151.12,2301.05,894.28,120.54,315.61,167,2,1,8,3,<4,0
3568,3,2404,Fall,HL,H,L,111.1475354,1.850649351,10.72954615,12.1359043,-1.406358142,0.172481606,1.650300793,0.200348557,6776,Oasis,HL,S,Wean,2,Fall,2023,245.25,1.2327044025157237,0.5367928541046364,0.358246609902239,14.34,14.862298599999999,4.554480900000001,2.0023006,3.2632255851594407,19.4167795,8.06,1.79,5.73,0.31239092495636994,0.4,0.13,0.01,22.1,71.1,5,1.6,0.2,9.31,11.4,32,34.4,12.3,35.8,22.8,551,5.1,24.98,15.63,511.79,80.73,164.49,205.92,41.16,117.95,501.24,2379.38,1099.91,139.64,1453.4,206.77,<2,0,2048,11,<4,0
3568,3,2404,Fall,HL,H,L,111.1475354,1.850649351,10.72954615,12.1359043,-1.406358142,0.172481606,1.650300793,0.200348557,6776,Oasis,HL,S,14DPW,3,Fall,2023,249.75,0.6953623993335185,0.6952380952380951,0.43456060198871266,14.530000000000001,15.0401825,6.0193036,2.5184576,2.4986582334873426,21.0594861,6.33,1.28,4.48,0.2857142857142857,0.41,0.14,0.02,20.3,70.8,6.4,2.1,0.4,8.63,10.8,30.7,35.5,12.5,35.1,22.1,747,5.1,24.43,28.87,247.43,155.98,141.49,193.22,39.3,176.39,176.63,2467.87,1068.09,165.33,2084.17,178.46,<2,0,512,9,<4,0
3568,3,2404,Fall,HL,H,L,111.1475354,1.850649351,10.72954615,12.1359043,-1.406358142,0.172481606,1.650300793,0.200348557,6776,Oasis,HL,S,60DPW,4,Fall,2023,301.5,1.0627147766323024,0.8051131601005868,0.8384879725085911,27.35,16.8169851,6.813409,2.7248256,2.4682189341635,23.6303941,13.5,6.61,5.22,1.2662835249042146,1.23,0.4,0.04,49,38.7,9.1,2.9,0.3,8.51,11.1,31,36.5,13,35.7,22.4,751,5.5,44.73,35.37,709.88,316.86,255.62,284.14,70.85,265.42,299.19,2724.78,1009.85,179.67,3148.08,172.46,2,1,512,9,<4,0
3568,3,2404,Fall,HL,H,L,111.1475354,1.850649351,10.72954615,12.1359043,-1.406358142,0.172481606,1.650300793,0.200348557,6776,Oasis,HL,S,28DF,5,Fall,2023,330.3,1.0523320687346573,0.8393482196741099,1.1332057697968794,7.495,15.971339,9.8408415,3.2431467,1.62296476373489,25.8121805,7.38,2.62,3.95,0.6632911392405063,0.69,0.12,0,35.4,53.5,9.3,1.7,0.1,7.81,10.7,30.1,38.5,13.6,35.4,26.9,640,6.1,16.19,59.04,98.92,18.13,79.14,187.5,16.79,248.68,289.01,1746.45,1400.88,208.95,2397.74,337.26,4,2,1024,10,4096,12
3575,3,2404,Fall,HL,H,L,110.7956648,1.649350649,11.57375227,11.73672667,-0.162974398,0.142507858,1.8098772,-0.160526551,7546,Oasis,HL,S,Brand,1,Fall,2023,141.75,1.5929712460063896,1.0309835133598637,0.8554752640355753,11.620000000000001,11.0977947,1.9696532,0.8930712,5.634390206357139,13.0674479,13.44,3.98,8.62,0.4617169373549884,0.67,0.1,0.07,29.7,64.2,4.9,0.7,0.5,11.18,13.2,37.8,33.9,11.8,34.9,21.7,567,4.8,6.4,4.52,0.001,0.001,32.68,148.48,3.14,58.13,216.09,2025.84,1137.1,123.28,202.71,147.73,4,2,64,6,16,4
3575,3,2404,Fall,HL,H,L,110.7956648,1.649350649,11.57375227,11.73672667,-0.162974398,0.142507858,1.8098772,-0.160526551,7546,Oasis,HL,S,Wean,2,Fall,2023,216,1.4302384576357179,0.8445092322643344,1.182326053834434,5.1530000000000005,10.3639606,7.102163900000001,2.0397613,1.459268012668646,17.4661245,13.58,2.95,9.49,0.31085353003161226,0.74,0.37,0.03,21.7,69.9,5.5,2.7,0.2,9.35,11.9,32.6,34.9,12.7,36.5,20.7,469,5.3,7.45,62.8,0.001,30.4,9.19,383.14,2,231.64,339.61,1746.45,1272.77,235.76,1684.64,151.24,<2,0,8,3,<4,0
3575,3,2404,Fall,HL,H,L,110.7956648,1.649350649,11.57375227,11.73672667,-0.162974398,0.142507858,1.8098772,-0.160526551,7546,Oasis,HL,S,14DPW,3,Fall,2023,234,0.59410582719357,0.8106887467068121,1.2302685109845402,22.7,17.286284600000002,10.440299099999999,2.808535,1.6557269513475916,27.7265837,12.36,3.61,8.13,0.44403444034440337,0.44,0.15,0.03,29.2,65.8,3.6,1.1,0.3,9.68,12.4,34.8,36,12.8,35.5,20.4,616,5.1,5.98,53.88,0.001,70.07,29.72,235.13,2,198.95,228.98,1325.24,1149.88,148.16,1668.69,148.17,<2,0,32,5,<4,0
3575,3,2404,Fall,HL,H,L,110.7956648,1.649350649,11.57375227,11.73672667,-0.162974398,0.142507858,1.8098772,-0.160526551,7546,Oasis,HL,S,60DPW,4,Fall,2023,285.3,1.7599781301257515,1.353569046030687,1.3080194410692587,22.66,12.6525761,10.5684748,2.2640767000000004,1.1971998173284188,23.2210509,14.74,5.6,7.59,0.7378129117259552,0.86,0.66,0.03,38,51.5,5.8,4.5,0.2,8.8,11.9,32.7,37.1,13.6,36.5,19.3,736,5.4,9.95,30.38,1.15,188.33,28.24,176.9,3.14,142.2,256.62,1955.44,1243.48,221.16,956.22,141.14,<2,0,512,9,<4,0
3575,3,2404,Fall,HL,H,L,110.7956648,1.649350649,11.57375227,11.73672667,-0.162974398,0.142507858,1.8098772,-0.160526551,7546,Oasis,HL,S,28DF,5,Fall,2023,336.15000000000003,2.424146147736299,1.5788161993769474,1.342683496961197,13.530000000000001,22.9729035,15.1742779,3.1701607999999997,1.5139371804967405,38.1471814,11.73,2.9,7.64,0.3795811518324607,1.01,0.15,0.03,24.7,65.1,8.6,1.3,0.3,8.03,11.1,30.7,38.2,13.8,36.1,22.6,594,5.7,6.4,41.36,5.51,0.001,9.19,289.16,2.39,177.8,198.75,1242.09,1036.91,230.5,1477.33,151.13,<2,0,1024,10,256,8
3586,4,2404,Fall,HL,H,L,124.0305629,2.279220779,13.29782746,14.29828853,-1.000461061,0.171397981,1.92870122,0.35051956,7528,Oasis,HL,S,Brand,1,Fall,2023,164.25,0.7939221272554606,1.0910511918718249,1.1939409632314861,12.450000000000001,10.5761491,3.7987685,1.0961673,2.784099399581733,14.3749176,12.99,3.37,8.48,0.39740566037735847,0.98,0.11,0.05,25.9,65.3,7.6,0.8,0.4,9.24,12.6,36.1,39.1,13.6,34.9,24.4,396,5.1,13.42,4.52,0.001,0.001,3.45,190.36,3.51,45.69,261.86,2562.65,1331.09,147,172.99,184.24,16,4,128,7,16,4
3586,4,2404,Fall,HL,H,L,124.0305629,2.279220779,13.29782746,14.29828853,-1.000461061,0.171397981,1.92870122,0.35051956,7528,Oasis,HL,S,Wean,2,Fall,2023,254.25,1.8676748582230622,0.9121432568550644,1.030229746070133,16.27,9.8017025,6.106937599999999,2.1492892,1.6050110778927889,15.9086401,11.71,2.43,8.43,0.28825622775800713,0.68,0.14,0.03,20.8,72,5.8,1.2,0.2,8.6,12.4,33.9,39.5,14.4,36.5,24.4,433,5.4,8.35,7.5,52.52,64.27,169.09,249.61,8.45,81.68,507.8,1911.57,1151.77,210.81,474.84,158.25,2,1,256,8,<4,0
3586,4,2404,Fall,HL,H,L,124.0305629,2.279220779,13.29782746,14.29828853,-1.000461061,0.171397981,1.92870122,0.35051956,7528,Oasis,HL,S,14DPW,3,Fall,2023,270,0.4495279593318809,0.7916829109811564,1.1862378459237097,20.16,8.4743238,7.1605133,2.3023957000000004,1.1834799329260377,15.6348371,10.06,4.6,4.85,0.9484536082474226,0.43,0.16,0.02,45.8,48.2,4.3,1.5,0.2,9.54,13.2,38.3,40.2,13.9,34.6,23.1,401,5.3,5.36,14.46,87.91,85.69,50.57,140.4,11.84,107.74,313.38,1424.56,707.59,131.78,809.69,168.09,2,1,256,8,4,2
3586,4,2404,Fall,HL,H,L,124.0305629,2.279220779,13.29782746,14.29828853,-1.000461061,0.171397981,1.92870122,0.35051956,7528,Oasis,HL,S,60DPW,4,Fall,2023,335.25,2.114345114345114,1.315168539325843,1.1078180889115994,25.87,7.5591085,9.3680262,2.6276147,0.8069051408075695,16.9271347,13.27,6.5,5.47,1.1882998171846435,0.95,0.32,0.03,49,41.3,7.1,2.4,0.2,8,12.7,35.2,44,15.9,36.1,24.8,617,5.6,7.38,11.5,0.001,61.22,35.65,130.31,4.6,86.42,465.68,1880.43,1272.77,120.3,509.23,128.79,<2,0,256,8,<4,0
3586,4,2404,Fall,HL,H,L,124.0305629,2.279220779,13.29782746,14.29828853,-1.000461061,0.171397981,1.92870122,0.35051956,7528,Oasis,HL,S,28DF,5,Fall,2023,396.90000000000003,0.8086479902557856,1.4524348810872028,1.3283582089552242,27.59,8.4743238,7.8647437,2.450595,1.0775079421850708,16.3390675,10.59,2.61,6.75,0.38666666666666666,1.04,0.17,0.02,24.6,63.8,9.8,1.6,0.2,7.71,12,33.4,43.4,15.6,35.8,23.5,476,5.8,6.96,36.59,0.001,39.74,25.29,210.43,2.76,214.23,458.36,1545.37,1629.39,150.37,1852.21,236.35,2,1,256,8,<4,0
3588,3,2404,Fall,HL,H,L,107.8296174,1.987012987,9.578745,12.02163193,-2.442886927,0.207439804,1.489126213,0.497886774,4142,Oasis,HL,S,Brand,1,Fall,2023,141.75,1.8529058116232462,1.1041069723018146,1.150061500615006,4.207,11.8100787,4.4345436,2.1592011,2.6632004926053723,16.2446223,11.69,3.29,7.86,0.41857506361323155,0.41,0.1,0.03,28.1,67.2,3.6,0.9,0.2,10.29,11.9,34.1,33.1,11.6,34.9,22.4,518,4.8,5.98,6.38,0.001,0.001,44.59,269.13,3.69,60.18,236.34,3821.61,1139.95,458.58,306.47,118.37,4,2,16,4,<4,0
3588,3,2404,Fall,HL,H,L,107.8296174,1.987012987,9.578745,12.02163193,-2.442886927,0.207439804,1.489126213,0.497886774,4142,Oasis,HL,S,Wean,2,Fall,2023,222.75,1.3935294117647057,0.5909090909090909,0.7318369757826343,10.09,15.507146,5.5665119,2.1394181,2.785792301997953,21.0736579,13.94,2.28,10.92,0.20879120879120877,0.43,0.29,0.02,16.3,78.4,3,2.1,0.2,10.36,12.7,34.3,33.1,12.3,37.1,24.9,392,5.1,9.46,45.73,0.001,35.3,17.93,170.8,3.14,268.34,560.23,2217.01,1327.05,133.9,1804.31,162.96,<2,0,2048,11,<4,0
3588,3,2404,Fall,HL,H,L,107.8296174,1.987012987,9.578745,12.02163193,-2.442886927,0.207439804,1.489126213,0.497886774,4142,Oasis,HL,S,14DPW,3,Fall,2023,236.25,0.9391691394658754,0.5362606232294618,0.9407725321888413,16.77,19.2460673,7.384102400000001,3.1271956000000003,2.6064193394717816,26.6301697,9.9,1.72,7.66,0.22454308093994776,0.39,0.12,0.01,17.4,77.4,3.8,1.3,0.1,9.3,11.2,31.4,33.7,12,35.6,23.9,422,5.2,6.05,35.37,0.001,0.001,23.81,154.15,2.39,175.45,265.22,2023.29,1030.05,122.56,1477.33,136.51,<2,0,2048,11,<4,0
3588,3,2404,Fall,HL,H,L,107.8296174,1.987012987,9.578745,12.02163193,-2.442886927,0.207439804,1.489126213,0.497886774,4142,Oasis,HL,S,60DPW,4,Fall,2023,276.75,1.2717250324254215,1.0359999999999998,1.1536074476338247,14.14,22.9729035,9.9921968,2.9035826,2.299084371516782,32.9651003,12.23,3.65,7.26,0.5027548209366391,0.84,0.48,0,29.9,59.4,6.9,3.8,0,8.14,10.5,29.2,35.8,12.9,36,21.4,536,5.7,14.73,25.64,0.001,0.001,23.81,257.9,4.24,210.89,332.84,3822.68,1284.6,216.74,923.79,139.16,<2,0,1024,10,8,3
3588,3,2404,Fall,HL,H,L,107.8296174,1.987012987,9.578745,12.02163193,-2.442886927,0.207439804,1.489126213,0.497886774,4142,Oasis,HL,S,28DF,5,Fall,2023,332.1,0.9865151223271047,1.2849488553336583,0.9970082273747197,25.7,16.498662,9.7452205,2.2468534,1.6930003790063035,26.243882499999998,11.31,1.77,8.54,0.20725995316159254,0.86,0.12,0.02,15.7,75.5,7.6,1,0.2,8.55,10.7,30.7,36,12.5,34.8,21.3,539,6,8.63,12.79,0.001,0.001,15.01,117.83,2.76,119.18,228.03,980.76,1176.69,162.67,727.46,116.15,<2,0,1024,10,512,9
3591,3,2404,Fall,HH,H,H,102.8866414,2.162337662,10.14694714,11.80147041,-1.654523264,0.213102289,1.666370057,0.495967606,7174,Magnitude,HH,S,Brand,1,Fall,2023,126,2.457046603032005,1.0568499534016775,1.630817894261184,17.16,7.8614793,2.0835795,0.9821571,3.773064238729552,9.9450588,11.8,2.38,8.67,0.2745098039215686,0.57,0.13,0.05,20.1,73.5,4.9,1.1,0.4,9.68,12.5,35.8,37,12.9,34.9,21.3,495,5.7,3.33,2.09,0.001,0.001,35.65,207.97,3.14,66.04,271.74,3525.36,1198.17,172.51,222.12,136.95,8,3,128,7,16,4
3591,3,2404,Fall,HH,H,H,102.8866414,2.162337662,10.14694714,11.80147041,-1.654523264,0.213102289,1.666370057,0.495967606,7174,Magnitude,HH,S,Wean,2,Fall,2023,209.25,0.9929161747343566,0.9305866547245857,0.8149864812668983,25.1,7.7596249,4.9501138,2.696114,1.5675649517390895,12.709738699999999,17.04,5.67,10.2,0.5558823529411765,0.85,0.25,0.07,33.3,59.9,5,1.4,0.4,10.1,14.4,38.9,38.6,14.3,37,20.8,362,6,14.04,83,69.39,327.34,159.88,429.69,10.49,475.12,1280.24,3247.87,2003.18,297.14,7967.68,597.14,<2,0,64,6,<4,0
3591,3,2404,Fall,HH,H,H,102.8866414,2.162337662,10.14694714,11.80147041,-1.654523264,0.213102289,1.666370057,0.495967606,7174,Magnitude,HH,S,14DPW,3,Fall,2023,225,0.6708173690932312,0.5249559600704639,1.042312526183494,24.16,9.0697709,6.986067599999999,3.213743,1.2982655507083845,16.0558385,9.64,2.21,6.55,0.3374045801526718,0.62,0.23,0.03,22.9,67.9,6.4,2.4,0.4,9.29,12.5,35.5,38.2,13.4,35.2,20,671,6.1,23.39,74.06,233.33,383.56,289.84,350.71,22.92,395.83,813.28,2967.15,1381.44,201.88,7340.51,620.63,<2,0,256,8,<4,0
3591,3,2404,Fall,HH,H,H,102.8866414,2.162337662,10.14694714,11.80147041,-1.654523264,0.213102289,1.666370057,0.495967606,7174,Magnitude,HH,S,60DPW,4,Fall,2023,276.3,0.8472974675570115,0.9368913620842291,0.9399366471734892,29.39,11.2822525,8.0362594,2.9567873,1.403918407611382,19.3185119,17.39,7.1,8.5,0.8352941176470587,1.28,0.42,0.09,40.9,48.9,7.3,2.4,0.5,8.81,12.3,34.1,38.7,14,36.1,20.2,698,5.8,13.35,115.76,95.26,340.36,158.35,426.22,20.67,462.83,904.98,2296.13,1610.55,191.46,11769.01,558.97,<2,0,128,7,<4,0
3591,3,2404,Fall,HH,H,H,102.8866414,2.162337662,10.14694714,11.80147041,-1.654523264,0.213102289,1.666370057,0.495967606,7174,Magnitude,HH,S,28DF,5,Fall,2023,322.2,1.1545226130653266,0.711033274956217,1.3779193205944797,35.68,10.3902514,7.8039085,2.1361369,1.3314163537412054,18.194159900000002,11.98,2.63,7.98,0.3295739348370927,0.99,0.33,0.05,21.9,66.6,8.3,2.8,0.4,8.26,11.3,32.1,38.8,13.7,35.1,21.5,395,6.2,12.93,121.64,33.44,255.98,156.81,472.42,11.84,512.97,845.84,2180.9,2128.5,251.17,8387.46,499.1,<2,0,128,7,<4,0
3598,4,2404,Fall,HL,H,L,114.4327563,2.207792208,11.68021056,13.13195593,-1.451745365,0.189019898,1.775367595,0.432424612,2556,Fortune,HL,S,Brand,1,Fall,2023,141.75,0.5760968401909525,1.0298986903879417,0.9763497081712061,23.61,7.2276526,2.3933477,1.0484216,3.0198924293365312,9.6210003,11.31,4.22,6.32,0.6677215189873417,0.51,0.2,0.06,37.3,55.9,4.5,1.8,0.5,10.92,13,36.7,33.6,11.9,35.5,24.6,657,4.5,8.35,4.84,0.001,0.001,3.45,146.05,1.61,53.86,196.64,1509.55,959.49,164.41,162.89,132.54,32,5,256,8,32,5
3598,4,2404,Fall,HL,H,L,114.4327563,2.207792208,11.68021056,13.13195593,-1.451745365,0.189019898,1.775367595,0.432424612,2556,Fortune,HL,S,Wean,2,Fall,2023,218.25,1.1189189189189188,0.9767324228629236,1.0590046177526937,18.93,8.141979,9.5555765,1.8554606,0.8520657021583155,17.6975555,11.95,5.1,6.16,0.8279220779220778,0.26,0.38,0.05,42.7,51.5,2.2,3.2,0.4,10.13,12.7,34.5,34,12.6,36.9,25.7,731,4.6,16.39,28.11,0.001,0.001,23.81,168.76,3.14,232.04,568.68,2676.54,1526.7,181.29,1437.45,178.35,8,3,64,6,8,3
3598,4,2404,Fall,HL,H,L,114.4327563,2.207792208,11.68021056,13.13195593,-1.451745365,0.189019898,1.775367595,0.432424612,2556,Fortune,HL,S,14DPW,3,Fall,2023,227.25,3.920883164673413,0.9370564281559045,1.2498457742134483,22.02,10.3115755,12.776964699999999,2.4099805,0.8070442191955027,23.088540199999997,7.44,2.11,4.58,0.46069868995633184,0.58,0.14,0.03,28.4,61.6,7.7,1.9,0.4,9.31,11.7,32.3,34.7,12.6,36.2,24.7,654,4.9,13.62,168.88,0.001,70.07,20.87,624.95,2.39,687.59,439.59,2450.36,1901.22,134.13,9974.04,375.56,2,1,256,8,<4,0
3598,4,2404,Fall,HL,H,L,114.4327563,2.207792208,11.68021056,13.13195593,-1.451745365,0.189019898,1.775367595,0.432424612,2556,Fortune,HL,S,60DPW,4,Fall,2023,294.3,0.8521925403225806,0.9328524590163935,1.0526242127361791,34.7,13.8118667,14.056942300000001,4.6202741,0.9825655114199336,27.868809,14.39,8.04,4.86,1.6543209876543208,1.02,0.44,0.03,55.9,33.8,7,3.1,0.2,8.92,11.9,32.5,36.5,13.4,36.6,22.8,602,5.1,6.05,48.98,236.86,139.59,44.59,284.56,38.36,278.4,438.16,1624.46,1305.43,160.7,2389.67,153.87,<2,0,32,5,<4,0
3598,4,2404,Fall,HL,H,L,114.4327563,2.207792208,11.68021056,13.13195593,-1.451745365,0.189019898,1.775367595,0.432424612,2556,Fortune,HL,S,28DF,5,Fall,2023,349.2,.,.,.,67.82000000000001,10.3902514,13.0058535,3.6751402,0.7988903919300644,23.3961049,10.3,3.57,5.58,0.6397849462365591,0.93,0.19,0.03,34.7,54.2,8.9,1.9,0.3,8.19,11.4,30.8,37.6,13.9,37,24.3,230,5.7,1.13,14.85,0.001,0.001,15.01,189.95,2.76,102.37,362.75,1669.66,2582.47,255.19,727.46,149.71,<2,0,64,6,<4,0
3602,3,2404,Fall,HL,H,L,100.8661902,1.785714286,9.679609286,10.90728223,-1.227672941,0.184482063,1.610905499,0.174808787,7577,Fortune,HL,S,Brand,1,Fall,2023,141.75,1.04256551324743,1.1848858641712745,0.754069893640113,20.41,11.7651044,1.7089018,1.1394,6.884599454456658,13.4740062,10.77,2.77,7.51,0.36884154460719043,0.32,0.16,0.01,25.7,69.7,3,1.5,0.1,12.5,15.6,44.4,35.5,12.5,35.1,24.3,477,4.8,9.81,1.87,0.001,0.001,65.57,242.15,2,22.1,114.21,2749.39,874.6,171.12,76.57,225.04,16,4,256,8,16,4
3602,3,2404,Fall,HL,H,L,100.8661902,1.785714286,9.679609286,10.90728223,-1.227672941,0.184482063,1.610905499,0.174808787,7577,Fortune,HL,S,Wean,2,Fall,2023,218.25,0.8649893109685906,0.5712699000370234,1.2732951587714734,31.61,14.1763165,3.914434,2.8341432,3.6215495011539347,18.0907505,13.15,3.41,8.87,0.3844419391206314,0.68,0.17,0.02,25.9,67.4,5.2,1.3,0.2,11.27,14.1,38.3,34,12.5,36.7,22.4,530,5.2,11.13,19.7,169.4,193.79,35.65,249.19,15.15,121.01,259.99,3081.18,1181.37,214.53,1045.07,311.97,2,1,256,8,<4,0
3602,3,2404,Fall,HL,H,L,100.8661902,1.785714286,9.679609286,10.90728223,-1.227672941,0.184482063,1.610905499,0.174808787,7577,Fortune,HL,S,14DPW,3,Fall,2023,229.5,0.8608275120902739,0.6186567164179105,0.749331550802139,36.14,18.970622,6.3725968,5.2121691,2.9769060550010003,25.3432188,9.2,2.11,6.55,0.32213740458015266,0.34,0.15,0.05,23,71.2,3.6,1.6,0.6,11.81,14.4,39.7,33.6,12.2,36.3,21.6,461,4.8,5.57,24.97,84.22,136.14,38.63,138.78,6.02,137.81,135.76,1960.59,719.87,132.02,1069.23,276.97,2,1,256,8,<4,0
3602,3,2404,Fall,HL,H,L,100.8661902,1.785714286,9.679609286,10.90728223,-1.227672941,0.184482063,1.610905499,0.174808787,7577,Fortune,HL,S,60DPW,4,Fall,2023,277.2,2.068576388888889,0.8101135190918474,0.2901579586877278,46.17,20.168139,8.1103036,3.4048506,2.4867304597573883,28.278442599999998,15.71,5.76,8.75,0.6582857142857143,0.88,0.31,0.01,36.7,55.7,5.5,2,0.1,9.9,13.1,35,35.4,13.2,37.4,24.9,667,5.3,5.08,15.04,21.74,64.27,246.31,196.09,4.78,105.08,285.68,3173.84,1145.63,215.34,610.92,327.9,<2,0,256,8,<4,0
3602,3,2404,Fall,HL,H,L,100.8661902,1.785714286,9.679609286,10.90728223,-1.227672941,0.184482063,1.610905499,0.174808787,7577,Fortune,HL,S,28DF,5,Fall,2023,322.65000000000003,.,.,.,30.86,17.5276625,9.129897099999999,2.288393,1.9198094247962558,26.6575596,10.2,1.73,7,0.24714285714285714,1.1,0.33,0.04,16.9,68.7,10.8,3.2,0.4,8.99,11.7,32.5,36.2,13,36,24.9,152,5.4,0.34,12.49,0.001,18.13,250.96,182.61,1.61,84.86,131,2277.66,945.36,265.99,387.45,186.31,<2,0,1024,10,128,7
3629,3,2404,Fall,HL,H,L,105.6102164,2.064935065,9.901273944,11.92134607,-2.020072125,0.208552463,1.581033317,0.483901748,6783,Fortune,HL,S,Brand,1,Fall,2023,123.75,1.797244094488189,0.9810779816513762,1.1514195583596212,8.605,9.244928300000002,2.039692,0.5643484,4.532511918466122,11.284620300000002,11.03,1.75,8.84,0.19796380090497737,0.35,0.05,0.04,15.8,80.2,3.1,0.5,0.4,9.89,13.9,39.9,40.4,14,34.8,29.2,587,4.9,28.8,2.41,0.001,0.001,23.81,400.31,3.14,59.17,432.06,5709.48,1872.65,203.73,162.89,153.43,8,3,1024,10,8,3
3629,3,2404,Fall,HL,H,L,105.6102164,2.064935065,9.901273944,11.92134607,-2.020072125,0.208552463,1.581033317,0.483901748,6783,Fortune,HL,S,Wean,2,Fall,2023,209.25,1.218243243243243,0.728173374613003,0.9193729003359462,26.97,36.7989456,9.9921968,1.8237934,3.682768297758107,46.791142400000005,12.63,2.85,9.09,0.31353135313531355,0.56,0.11,0.02,22.5,72,4.4,0.9,0.2,8.42,12,33.2,39.5,14.3,36.1,23.2,473,5.3,1.84,70.77,0.001,43.85,15.01,382.28,2.39,294.85,448.18,2688.33,1717.56,446.69,2462.35,158.91,4,2,128,7,<4,0
3629,3,2404,Fall,HL,H,L,105.6102164,2.064935065,9.901273944,11.92134607,-2.020072125,0.208552463,1.581033317,0.483901748,6783,Fortune,HL,S,14DPW,3,Fall,2023,211.5,1.2762645914396888,1.1022727272727273,0.9424124513618676,27.48,10.0407774,9.341401699999999,1.9472361,1.074868389398135,19.3821791,7.8,0.83,6.51,0.12749615975422426,0.31,0.13,0.02,10.6,83.5,4,1.6,0.3,8.92,12.5,35.6,39.9,14,35.2,22.2,598,5.5,9.32,27.92,0.001,30.4,20.87,249.19,12.5,156.38,465.32,2857.68,1196.3,204.66,1037.01,127.02,4,2,2048,11,<4,0
3629,3,2404,Fall,HL,H,L,105.6102164,2.064935065,9.901273944,11.92134607,-2.020072125,0.208552463,1.581033317,0.483901748,6783,Fortune,HL,S,60DPW,4,Fall,2023,268.2,2.0516074450084596,1.1980712166172105,1.049740932642487,46.730000000000004,15.0508593,10.747262699999999,2.3029626000000003,1.4004365316202798,25.798122,9.75,3.6,5.36,0.6716417910447761,0.61,0.15,0.03,36.9,55,6.2,1.5,0.4,8.59,12.2,34.5,40.1,14.2,35.4,20,452,5.5,4.44,69.97,0.001,78.2,41.99,419.09,6.88,236,757.08,2140.42,1669.39,185.93,3811.35,160.2,<2,0,512,9,<4,0
3629,3,2404,Fall,HL,H,L,105.6102164,2.064935065,9.901273944,11.92134607,-2.020072125,0.208552463,1.581033317,0.483901748,6783,Fortune,HL,S,28DF,5,Fall,2023,316.8,1.6082474226804122,1.1038159371492706,0.8986547085201794,15.540000000000001,8.2367804,9.3989274,1.51699,0.876353231540016,17.6357078,9.2,3.04,5.37,0.5661080074487895,0.51,0.27,0.01,33.1,58.3,5.6,2.9,0.1,6.6,10.1,28.2,42.8,15.3,35.8,22.2,218,6.6,5.06,51.08,0.001,64.33,66.28,1431.9,7.32,230.05,520.19,3585.52,1858.39,1637.4,3194.36,191.77,<2,0,128,7,128,7
3636,4,2404,Fall,HL,H,L,110.6252711,1.415584416,11.36628429,11.29893492,0.067349365,0.124542408,1.774472396,-0.358887981,545,Fortune,HL,S,Brand,1,Fall,2023,114.75,1.753638698630137,1.0510029876227058,0.857142857142857,14.540000000000001,8.4949188,2.9351437000000002,1.2344131999999999,2.894208825278299,11.430062500000002,12.02,1.85,9.45,0.19576719576719578,0.6,0.09,0.03,15.4,78.6,5,0.7,0.3,10.79,13.4,37.6,34.9,12.4,35.7,21.9,540,5.2,21.31,2.41,0.001,56.63,80.45,309.79,9.23,76.91,147.36,3473.13,1882.43,289.46,285.22,212.15,4,2,128,7,8,3
3636,4,2404,Fall,HL,H,L,110.6252711,1.415584416,11.36628429,11.29893492,0.067349365,0.124542408,1.774472396,-0.358887981,545,Fortune,HL,S,Wean,2,Fall,2023,207,2.310642709053213,0.6692806000681896,0.6469572723349158,24.72,8.6363124,7.888022,3.2570766,1.094864137042214,16.5243344,14.18,2.13,11.5,0.1852173913043478,0.23,0.27,0.05,15,81.1,1.6,2,0.3,10.53,12.4,35.3,33.6,11.8,35.2,22.6,551,5.3,8.61,17.94,0.001,38.66,10.66,182.49,1.31,111.1,197.1,1600.05,1202.89,271.14,743.14,128.89,<2,0,16,4,4,2
3636,4,2404,Fall,HL,H,L,110.6252711,1.415584416,11.36628429,11.29893492,0.067349365,0.124542408,1.774472396,-0.358887981,545,Fortune,HL,S,14DPW,3,Fall,2023,227.25,0.635131318836487,1.1145792177005136,2.211816467630421,36.410000000000004,9.2408534,10.8218353,4.658192400000001,0.8539081536382281,20.062688700000002,13.71,3.74,9.33,0.40085744908896037,0.4,0.19,0.05,27.3,68.1,2.9,1.4,0.3,9.87,12,32.6,33.1,12.2,36.8,22.1,415,5,10.49,9.81,0.001,48.19,10.66,324.99,0.18,74.3,198.45,2147.19,1234.23,304.42,528.29,179.98,2,1,32,5,64,6
3636,4,2404,Fall,HL,H,L,110.6252711,1.415584416,11.36628429,11.29893492,0.067349365,0.124542408,1.774472396,-0.358887981,545,Fortune,HL,S,60DPW,4,Fall,2023,261.90000000000003,2.5281989084293515,1.2967581047381544,1.353594389246055,27.37,13.0516944,16.6024873,6.8744133,0.7861288591378716,29.654181700000002,17.5,5.42,10.71,0.5060690943043884,1.06,0.27,0.04,31,61.2,6.1,1.5,0.2,7.92,11.1,31,39.2,14.1,35.9,25,632,5.9,3.02,21.42,0.001,136.93,4.82,144.84,2.81,143.63,181.67,1354.76,881.97,197.85,1091.65,177.58,<2,0,1024,10,16,4
3636,4,2404,Fall,HL,H,L,110.6252711,1.415584416,11.36628429,11.29893492,0.067349365,0.124542408,1.774472396,-0.358887981,545,Fortune,HL,S,28DF,5,Fall,2023,315,0.8986465218759834,0.9168633621820088,2.0940484937545922,18.07,11.350527199999998,16.929564399999997,3.0252962,0.6704559510107656,28.280091599999995,14.33,4.33,8.89,0.4870641169853768,0.81,0.28,0.02,30.3,62,5.6,2,0.1,8.42,11.4,31.7,37.7,13.6,36,22.4,464,6.3,6.02,21.21,13,115.29,10.66,163.42,3.29,140.48,168.13,1074.32,1176.79,207.32,881.08,160.86,<2,0,256,8,4,2
3639,3,2404,Fall,HH,H,H,108.5393512,2.181818182,9.757633099,12.44787071,-2.690237607,0.22360117,1.511301665,0.670516517,638,Magnitude,HH,S,Brand,1,Fall,2023,114.75,0.6946236559139785,1.472990436805376,1.2140121649020048,13.97,15.5486197,2.7350784,1.7897679,5.684889946847593,18.2836981,11.08,3.45,6.69,0.515695067264574,0.81,0.1,0.03,31.1,60.4,7.3,0.9,0.3,11.16,13.6,39.9,35.8,12.1,33.9,23.5,359,5,27.76,4.32,0.001,0.001,35.65,330.79,9.14,80.87,345.27,3955.73,1295.48,197.36,297.29,344.99,4,2,128,7,16,4
3639,3,2404,Fall,HH,H,H,108.5393512,2.181818182,9.757633099,12.44787071,-2.690237607,0.22360117,1.511301665,0.670516517,638,Magnitude,HH,S,Wean,2,Fall,2023,209.25,1.1873290793072016,0.6150442477876106,0.49922779922779925,20.45,15.1803905,7.8403832,4.4412503,1.936179662749137,23.0207737,12.41,2.25,9.37,0.240128068303095,0.55,0.22,0.02,18.2,75.5,4.5,1.7,0.1,10.35,12.6,35.4,34.2,12.2,35.5,23.2,440,4.8,9.05,120.56,690.95,279.73,19.4,352.41,26.11,512.97,589.4,2267.79,1635.23,149.32,6083.52,522.02,<2,0,8,3,32,5
3639,3,2404,Fall,HH,H,H,108.5393512,2.181818182,9.757633099,12.44787071,-2.690237607,0.22360117,1.511301665,0.670516517,638,Magnitude,HH,S,14DPW,3,Fall,2023,229.5,0.5498472646487087,0.8864569083447333,1.025633383010432,28.84,12.9647896,9.5017789,3.726243,1.3644591961616788,22.4665685,11.99,3.47,7.51,0.4620505992010653,0.8,0.18,0.03,28.9,62.7,6.6,1.5,0.3,9.49,11.7,32.6,34.4,12.3,35.9,22.6,343,5.4,13.35,62.53,596.27,109.97,26.76,247.95,21.16,347.29,572.37,2214.52,1116.18,138.59,2934.28,465.62,<2,0,64,6,128,7
3639,3,2404,Fall,HH,H,H,108.5393512,2.181818182,9.757633099,12.44787071,-2.690237607,0.22360117,1.511301665,0.670516517,638,Magnitude,HH,S,60DPW,4,Fall,2023,286.65000000000003,1.0707508809975603,0.9445192566657691,1.3409961685823757,28.16,10.806365099999999,10.5684748,12.087117,1.0225094258634178,21.374839899999998,11.21,3.15,6.74,0.46735905044510384,0.99,0.32,0.01,28.1,60.1,8.9,2.8,0.1,8.41,11,31,36.9,13.1,35.5,23.7,71,5.5,2.97,41.27,9.68,95.04,390.02,260.81,6.02,187.44,1143.16,2773.95,1467.3,178.29,1517.2,554.5,2,1,512,9,4,2
3639,3,2404,Fall,HH,H,H,108.5393512,2.181818182,9.757633099,12.44787071,-2.690237607,0.22360117,1.511301665,0.670516517,638,Magnitude,HH,S,28DF,5,Fall,2023,349.2,0.6829904375543321,1.3301037117903927,1.1404485185791455,14.18,13.2345515,12.2490221,9.212967,1.0804578024232645,25.4835736,9.17,2.76,5.09,0.5422396856581532,1.11,0.2,0.01,30.1,55.5,12.1,2.2,0.1,8.2,11.3,32.1,39.2,13.8,35.1,22.7,363,6.1,5.15,18.93,0.001,58.05,23.81,325.3,2.19,173.56,354.38,2096.83,1445.57,428.4,858.72,856.09,2,1,512,9,256,8
3642,4,2404,Fall,HL,H,L,103.1193641,1.850649351,11.94981338,11.267497,0.682316379,0.154868473,1.992552516,-0.141903165,6758,Monumental,HH,S,Brand,1,Fall,2023,110.25,.,.,.,10.540000000000001,.,.,.,.,.,9.18,2.57,6.22,0.41318327974276525,0.26,0.09,0.04,28,67.7,2.8,1,0.5,11.48,13.9,41.4,36.1,12.1,33.6,25,481,4.9,18.8,0.97,0.0005,0.0005,13.98,264,3.82,184.68,282.78,4489.34,1484.31,163.79,148.6,200.19,.,.,.,.,.,.
3642,4,2404,Fall,HL,H,L,103.1193641,1.850649351,11.94981338,11.267497,0.682316379,0.154868473,1.992552516,-0.141903165,6758,Monumental,HH,S,Wean,2,Fall,2023,195.75,.,.,.,33.84,.,.,.,.,.,11.34,3.29,7.41,0.4439946018893387,0.48,0.12,0.04,29,65.3,4.3,1,0.4,11.11,13.7,38.4,34.6,12.3,35.6,21.9,310,5.9,10.94,5.36,0.0005,0.0005,6.33,539.3,2.46,128.76,937.25,3996.29,1312.43,483.05,319.99,139.75,.,.,.,.,.,.
3642,4,2404,Fall,HL,H,L,103.1193641,1.850649351,11.94981338,11.267497,0.682316379,0.154868473,1.992552516,-0.141903165,6758,Monumental,HH,S,14DPW,3,Fall,2023,195.75,.,.,.,27.310000000000002,.,.,.,.,.,6.63,1.12,4.96,0.22580645161290325,0.36,0.15,0.04,16.8,74.8,5.5,2.3,0.6,10.72,12.9,36.9,34.4,12,34.9,20.9,662,5.7,6.29,10.49,0.0005,17.48,11.77,290.29,0.85,212.49,375.84,9860.44,1695.85,294.48,668.58,172.95,.,.,.,.,.,.
3642,4,2404,Fall,HL,H,L,103.1193641,1.850649351,11.94981338,11.267497,0.682316379,0.154868473,1.992552516,-0.141903165,6758,Monumental,HH,S,60DPW,4,Fall,2023,240.3,.,.,.,24.61,.,.,.,.,.,12.52,6.09,5.39,1.12987012987013,0.79,0.21,0.04,48.7,43,6.3,1.7,0.3,10.45,12.7,36.1,34.6,12.1,35,20.5,675,5.7,4.83,29.25,0.0005,24.07,72.78,362.01,1.46,339.85,494.92,3429.56,1379.8,315.34,1556,212.9,.,.,.,.,.,.
3642,4,2404,Fall,HL,H,L,103.1193641,1.850649351,11.94981338,11.267497,0.682316379,0.154868473,1.992552516,-0.141903165,6758,Monumental,HH,S,28DF,5,Fall,2023,315.90000000000003,.,.,.,16.51,.,.,.,.,.,7.5,2.41,4.27,0.5644028103044497,0.64,0.16,0.02,32.1,56.9,8.6,2.1,0.3,9,11.7,32.6,36.3,13,35.9,22.8,239,6.3,18.27,6.22,57.14,17.48,28.59,526.77,2.06,141.06,341.87,3590.01,1549.22,284.76,425.96,137.22,.,.,.,.,.,.
3649,4,2404,Fall,HH,H,H,102.537228,2.149350649,10.88932836,11.74037657,-0.851048208,0.197381379,1.807292333,0.342058316,1533,Magnitude,HH,S,Brand,1,Fall,2023,90,0.46078212290502807,0.9667103048438377,0.9979691307879773,5.461,13.704725199999999,2.0221615,1.1838084,6.7772654162390085,15.726886699999998,7.62,1.5,5.5,0.2727272727272727,0.49,0.09,0.04,19.7,72.2,6.3,1.2,0.6,12.56,15.2,43.1,34.3,12.1,35.3,23,411,5,19.79,19.03,0.001,0.001,37.14,711.31,7.77,154.85,425.96,5355.46,2380.92,487.62,817.88,229.71,<2,0,8,3,<4,0
3649,4,2404,Fall,HH,H,H,102.537228,2.149350649,10.88932836,11.74037657,-0.851048208,0.197381379,1.807292333,0.342058316,1533,Magnitude,HH,S,Wean,2,Fall,2023,180,0.8692528735632185,0.5712365591397848,0.46822636737274737,27.42,17.9236755,8.472837199999999,2.1295878,2.1154278167884546,26.396512700000002,10.83,3.05,6.92,0.44075144508670516,0.57,0.25,0.04,28.1,63.9,5.3,2.3,0.4,11.62,13.5,36.7,31.5,11.6,36.9,23.5,425,5,2.2,7.5,0.001,30.4,12.09,189.55,1.21,64.14,656.52,2509.38,1739.66,165.68,577.24,194.04,2,1,2048,11,16,4
3649,4,2404,Fall,HH,H,H,102.537228,2.149350649,10.88932836,11.74037657,-0.851048208,0.197381379,1.807292333,0.342058316,1533,Magnitude,HH,S,14DPW,3,Fall,2023,198,0.6560283687943261,0.9366258741258743,1.1547256097560974,30.95,15.8217119,11.0762544,1.9899483,1.428435220845054,26.8979663,9.93,3.35,5.78,0.5795847750865052,0.52,0.23,0.05,33.7,58.3,5.2,2.3,0.5,11.71,13.2,36.7,31.3,11.2,35.9,22.9,535,4.7,2.9,15.24,0.001,58.05,15.01,210.43,2.39,131.62,522.31,3219.88,1393.38,148.74,923.79,209.71,64,6,1024,10,128,7
3649,4,2404,Fall,HH,H,H,102.537228,2.149350649,10.88932836,11.74037657,-0.851048208,0.197381379,1.807292333,0.342058316,1533,Magnitude,HH,S,60DPW,4,Fall,2023,242.55,1.1225006327512024,0.8735713444090962,1.0096532970768186,35.42,14.0109012,12.1547288,7.6446812,1.1527119552021596,26.16563,.,.,.,.,.,.,.,.,.,.,.,.,.,.,.,.,.,.,.,.,.,1.35,11.3,0.001,8.58,144.56,147.67,2,119.8,575.35,1826.91,1389.85,242.69,492.07,219.71,4,2,512,9,16,4
3649,4,2404,Fall,HH,H,H,102.537228,2.149350649,10.88932836,11.74037657,-0.851048208,0.197381379,1.807292333,0.342058316,1533,Magnitude,HH,S,28DF,5,Fall,2023,290.7,.,.,.,37.45,12.9149152,10.0060233,4.657104299999999,1.2907140841856724,22.9209385,9.97,2.91,5.37,0.5418994413407822,1.32,0.34,0.03,29.2,53.9,13.2,3.4,0.3,8.54,10.5,28.8,33.7,12.3,36.6,23.7,412,5.7,2.2,12.89,11.73,67.21,3.45,176.09,2,94.64,529.91,1733.83,1633.98,190.54,644.42,255.39,4,2,512,9,8,3
2502,3,2304,Fall,MH,M,H,93.00210747,1.883116883,13.33478261,14.08422889,-0.749446283,0.141218416,1.135644986,0.747471897,6790,NewAddition,MH,S,Brand,1,Fall,2022,119.25,.,.,.,.,.,.,.,.,.,10.97,2.6,7.65,0.33986928104575165,0.57,0.09,0.06,23.7,69.7,5.2,0.8,0.6,11.26,12.7,35.9,31.9,11.3,35.4,24.7,598,5,.,.,.,.,.,.,.,.,.,.,.,.,.,.,.,.,.,.,.,.
2502,3,2304,Fall,MH,M,H,93.00210747,1.883116883,13.33478261,14.08422889,-0.749446283,0.141218416,1.135644986,0.747471897,6790,NewAddition,MH,S,Wean,2,Fall,2022,180,.,.,.,.,.,.,.,.,.,14.97,5.21,9,0.5788888888888889,0.29,0.38,0.09,34.8,60.1,2,2.5,0.6,9.21,11.9,34.7,37.6,12.9,34.2,22,643,5.2,.,.,.,.,.,.,.,.,.,.,.,.,.,.,.,.,.,.,.,.
2502,3,2304,Fall,MH,M,H,93.00210747,1.883116883,13.33478261,14.08422889,-0.749446283,0.141218416,1.135644986,0.747471897,6790,NewAddition,MH,S,14DPW,3,Fall,2022,204.75,.,.,.,.,.,.,.,.,.,16.23,7.43,8.04,0.9241293532338309,0.54,0.12,0.1,45.8,49.6,3.3,0.7,0.6,8.81,11,32.8,37.2,12.5,33.6,21.3,642,5.2,.,.,.,.,.,.,.,.,.,.,.,.,.,.,.,.,.,.,.,.
2502,3,2304,Fall,MH,M,H,93.00210747,1.883116883,13.33478261,14.08422889,-0.749446283,0.141218416,1.135644986,0.747471897,6790,NewAddition,MH,S,60DPW,4,Fall,2022,235.8,.,.,.,.,.,.,.,.,.,13.64,4.42,8.44,0.523696682464455,0.4,0.27,0.11,32.4,61.9,2.9,2,0.8,8.42,11.7,32.7,38.9,13.8,35.6,22.8,513,5.2,.,.,.,.,.,.,.,.,.,.,.,.,.,.,.,.,.,.,.,.
2502,3,2304,Fall,MH,M,H,93.00210747,1.883116883,13.33478261,14.08422889,-0.749446283,0.141218416,1.135644986,0.747471897,6790,NewAddition,MH,S,28DF,5,Fall,2022,286.65000000000003,.,.,.,.,.,.,.,.,.,11.95,4.27,5.92,0.7212837837837838,1.28,0.46,0.02,35.7,49.6,10.8,3.8,0.1,7.24,10.4,29.8,41.1,14.4,35,24.3,159,6.3,.,.,.,.,.,.,.,.,.,.,.,.,.,.,.,.,.,.,.,.
2512,4,2304,Fall,MH,M,H,92.24864403,1.772727273,14.94714286,13.87733567,1.069807182,0.118599741,1.139221309,0.633505964,3718,Homestead,MH,S,Brand,1,Fall,2022,150.75,.,.,.,.,.,.,.,.,.,14.11,2.57,10.38,0.24759152215799612,0.76,0.32,0.08,18.2,73.6,5.4,2.3,0.5,11.03,13.2,38,34.5,12,34.7,25.5,553,4.9,.,.,.,.,.,.,.,.,.,.,.,.,.,.,.,.,.,.,.,.
2512,4,2304,Fall,MH,M,H,92.24864403,1.772727273,14.94714286,13.87733567,1.069807182,0.118599741,1.139221309,0.633505964,3718,Homestead,MH,S,Wean,2,Fall,2022,247.5,.,.,.,.,.,.,.,.,.,14.46,2.55,10.78,0.23654916512059368,0.96,0.12,0.05,17.7,74.6,6.6,0.8,0.3,9.11,12.3,34.7,38.1,13.5,35.3,25.1,443,5.2,.,.,.,.,.,.,.,.,.,.,.,.,.,.,.,.,.,.,.,.
2512,4,2304,Fall,MH,M,H,92.24864403,1.772727273,14.94714286,13.87733567,1.069807182,0.118599741,1.139221309,0.633505964,3718,Homestead,MH,S,14DPW,3,Fall,2022,256.5,.,.,.,.,.,.,.,.,.,9.78,2.3,6.9,0.3333333333333333,0.41,0.11,0.06,23.5,70.5,4.2,1.2,0.6,10.09,12.9,38,37.7,12.8,33.9,23.6,621,5,.,.,.,.,.,.,.,.,.,.,.,.,.,.,.,.,.,.,.,.
2512,4,2304,Fall,MH,M,H,92.24864403,1.772727273,14.94714286,13.87733567,1.069807182,0.118599741,1.139221309,0.633505964,3718,Homestead,MH,S,60DPW,4,Fall,2022,281.25,.,.,.,.,.,.,.,.,.,12.19,2.5,8.76,0.2853881278538813,0.62,0.24,0.07,20.5,71.9,5,2,0.6,9.31,12.7,35.1,37.7,13.6,36.1,21.8,322,5.8,.,.,.,.,.,.,.,.,.,.,.,.,.,.,.,.,.,.,.,.
2512,4,2304,Fall,MH,M,H,92.24864403,1.772727273,14.94714286,13.87733567,1.069807182,0.118599741,1.139221309,0.633505964,3718,Homestead,MH,S,28DF,5,Fall,2022,333,.,.,.,.,.,.,.,.,.,11.59,3.49,7.1,0.49154929577464795,0.77,0.21,0.02,30.1,61.2,6.7,1.8,0.2,8.97,12.2,35.2,39.2,13.6,34.8,22.6,566,6,.,.,.,.,.,.,.,.,.,.,.,.,.,.,.,.,.,.,.,.
2514,4,2304,Fall,MH,M,H,83.11610019,1.811688312,13.18309859,12.75468319,0.428415404,0.137425075,1.105139164,0.706549148,554,Homestead,MH,S,Brand,1,Fall,2022,105.75,.,.,.,.,.,.,.,.,.,12.67,2.96,8.81,0.33598183881952326,0.73,0.14,0.03,23.3,69.6,5.8,1.1,0.2,9.98,12,33.9,33.9,12,35.3,23.5,492,4.9,.,.,.,.,.,.,.,.,.,.,.,.,.,.,.,.,.,.,.,.
2514,4,2304,Fall,MH,M,H,83.11610019,1.811688312,13.18309859,12.75468319,0.428415404,0.137425075,1.105139164,0.706549148,554,Homestead,MH,S,Wean,2,Fall,2022,141.75,.,.,.,.,.,.,.,.,.,13.63,3.1,9.65,0.32124352331606215,0.72,0.12,0.04,22.7,70.8,5.4,0.8,0.3,9.33,12.4,36,38.6,13.3,34.5,24.4,604,4.7,.,.,.,.,.,.,.,.,.,.,.,.,.,.,.,.,.,.,.,.
2514,4,2304,Fall,MH,M,H,83.11610019,1.811688312,13.18309859,12.75468319,0.428415404,0.137425075,1.105139164,0.706549148,554,Homestead,MH,S,14DPW,3,Fall,2022,157.5,.,.,.,.,.,.,.,.,.,13.02,4.13,8.23,0.5018226002430133,0.5,0.1,0.06,31.7,63.2,3.8,0.8,0.5,8.99,11.7,33.9,37.7,13,34.5,22.8,961,4.8,.,.,.,.,.,.,.,.,.,.,.,.,.,.,.,.,.,.,.,.
2514,4,2304,Fall,MH,M,H,83.11610019,1.811688312,13.18309859,12.75468319,0.428415404,0.137425075,1.105139164,0.706549148,554,Homestead,MH,S,60DPW,4,Fall,2022,189.9,.,.,.,.,.,.,.,.,.,12.73,3.68,8.47,0.4344746162927981,0.38,0.15,0.05,28.9,66.6,2.9,1.2,0.4,8.8,12.1,33.4,38,13.8,36.3,21.7,626,5,.,.,.,.,.,.,.,.,.,.,.,.,.,.,.,.,.,.,.,.
2514,4,2304,Fall,MH,M,H,83.11610019,1.811688312,13.18309859,12.75468319,0.428415404,0.137425075,1.105139164,0.706549148,554,Homestead,MH,S,28DF,5,Fall,2022,245.25,.,.,.,.,.,.,.,.,.,11.47,3.51,6.8,0.5161764705882352,0.9,0.24,0.02,30.6,59.3,7.8,2.1,0.2,8.13,11.4,31.7,39,14,35.9,24,179,6.4,.,.,.,.,.,.,.,.,.,.,.,.,.,.,.,.,.,.,.,.
2520,3,2304,Fall,MH,M,H,91.34177016,2.350649351,14.78873239,14.34327766,0.445454732,0.15894867,1.135897817,1.214751534,8523,Homestead,MH,S,Brand,1,Fall,2022,141.75,0.7370012091898427,1.1367127496159755,1.1323190410327337,5.639,14.130962157999999,4.278322327,3.336044717,3.302921350460465,18.409284485,19.19,4.64,13.35,0.34756554307116105,0.9,0.2,0.1,24.2,69.6,4.7,1,0.5,13.17,14,38.2,29.1,10.6,36.6,22.6,656,5.2,5.23,3.17,0.001,37.49,37.02,58.53,0.91,37.1,188.28,2015.84,391.55,27.95,11.65,103.23,<4,0,<8,0,.,.
2520,3,2304,Fall,MH,M,H,91.34177016,2.350649351,14.78873239,14.34327766,0.445454732,0.15894867,1.135897817,1.214751534,8523,Homestead,MH,S,Wean,2,Fall,2022,198,0.9238636363636364,1.0383622279601623,1.13948380010983,40.83,21.476833623,10.499801775,3.98537371,2.0454513411992488,31.976635398,13.91,3.41,9.81,0.3476044852191641,0.44,0.14,0.11,24.6,70.5,3.2,1,0.7,11.18,12.2,34.4,30.8,10.9,35.3,27,639,4.9,1.16,20.02,10.49,43.06,5.55,90.27,1.17,101.94,273.08,1091.61,558.97,29.39,1738.18,92.9,<4,0,<4,0,.,.
2520,3,2304,Fall,MH,M,H,91.34177016,2.350649351,14.78873239,14.34327766,0.445454732,0.15894867,1.135897817,1.214751534,8523,Homestead,MH,S,14DPW,3,Fall,2022,202.5,1.2346570397111916,0.1461343930635838,1.164686825053996,14.57,25.400692018,12.946420676999999,5.642901722,1.961985683280451,38.347112695,11.49,1.74,8.9,0.19550561797752808,0.67,0.13,0.05,15.2,77.5,5.8,1.1,0.4,13,13.8,40.1,30.8,10.6,34.4,24.9,944,4.9,1.88,29.6,23.14,44.36,0.001,124.93,2.86,131.79,711.5,1232.46,630.02,37.76,2813.87,125.53,32,5,64,6,.,.
2520,3,2304,Fall,MH,M,H,91.34177016,2.350649351,14.78873239,14.34327766,0.445454732,0.15894867,1.135897817,1.214751534,8523,Homestead,MH,S,60DPW,4,Fall,2022,241.20000000000002,1.1615384615384619,7.699695121951219,1.0169340463458112,13.280000000000001,24.302802692,13.806583344,2.712455048,1.7602329328321042,38.109386036000004,12.48,2.79,8.73,0.31958762886597936,0.59,0.35,0.02,22.4,69.9,4.8,2.8,0.1,11.11,13.1,35.7,32.1,11.8,36.6,24.9,551,4.9,4.66,11.4,135.16,105.99,21.83,80.98,9.15,104.58,289.18,788.23,437.58,35.37,1191.31,69.84,32,5,128,7,.,.
2520,3,2304,Fall,MH,M,H,91.34177016,2.350649351,14.78873239,14.34327766,0.445454732,0.15894867,1.135897817,1.214751534,8523,Homestead,MH,S,28DF,5,Fall,2022,295.65000000000003,4.534541336353341,6.906263135771333,0.1430066271363795,34.4,21.978167525,13.070782451,4.371945782,1.6814729804732178,35.048949976,9.14,2.81,5.25,0.5352380952380953,0.88,0.2,0,30.7,57.4,9.7,2.2,0,9.88,11.8,32.5,32.9,11.9,36.2,25,430,5.5,2.06,4.36,5.02,27.56,14.94,62.26,1.49,48.47,84.9,661.59,389.86,65.56,282.29,52.65,16,4,64,6,.,.
2526,3,2304,Fall,ML,M,L,93.45320973,2.025974026,13.21408451,14.28531384,-1.071229329,0.153319288,1.136573209,0.889400817,8504,Powerball,ML,S,Brand,1,Fall,2022,146.70000000000002,0.7759206059023245,1.12351985140469,2.186203787195672,20.97,14.778668629,6.025382586,1.0720049569999999,2.4527353106735985,20.804051215,12.35,2.77,8.91,0.3108866442199775,0.5,0.13,0.04,22.4,72.2,4.1,1,0.3,11.96,13.3,37.4,31.2,11.1,35.5,24.4,898,4.8,4.56,1.39,0.001,35.99,17.97,42.52,0.72,22.94,109.93,1227.39,477.26,67.92,0.001,83.08,64,6,16,4,.,.
2526,3,2304,Fall,ML,M,L,93.45320973,2.025974026,13.21408451,14.28531384,-1.071229329,0.153319288,1.136573209,0.889400817,8504,Powerball,ML,S,Wean,2,Fall,2022,207,3.8338430173292557,2.1732426303854875,0.7039581288845272,22.57,14.208186161,9.630061742,2.186624728,1.475399280051677,23.838247903000003,14.71,4.41,9.58,0.4603340292275574,0.34,0.29,0.09,30,65.2,2.3,1.9,0.6,8.77,10.8,30.7,35,12.3,35.2,23.8,843,5.1,1.07,3.94,0.001,51.61,3.54,33.24,0.86,38,90.79,644.07,418.86,55.2,84.82,89.22,4,2,32,5,.,.
2526,3,2304,Fall,ML,M,L,93.45320973,2.025974026,13.21408451,14.28531384,-1.071229329,0.153319288,1.136573209,0.889400817,8504,Powerball,ML,S,14DPW,3,Fall,2022,229.5,0.9877973622581043,0.9280071355759428,0.7939153439153439,13.32,14.698860944,10.988421706,2.358442836,1.3376680780256176,25.68728265,13.21,4.05,8.37,0.4838709677419355,0.4,0.35,0.04,30.7,63.3,3,2.7,0.3,9.49,11.7,33.7,35.5,12.3,34.7,22.5,914,5.3,0.5,3.1,2.27,41.72,2.25,27.03,1.38,31.38,98.01,325.77,382.38,41.74,0.001,50.65,<4,0,128,7,.,.
2526,3,2304,Fall,ML,M,L,93.45320973,2.025974026,13.21408451,14.28531384,-1.071229329,0.153319288,1.136573209,0.889400817,8504,Powerball,ML,S,60DPW,4,Fall,2022,252.45000000000002,6.1430348258706475,0.8943925233644859,1.516949152542373,31.73,13.693666857999998,13.035122301000001,2.2575734240000003,1.0505207808406583,26.728789159,11.99,3.38,7.74,0.4366925064599483,0.47,0.35,0.05,28.2,64.6,3.9,2.9,0.4,8.14,10.8,28.8,35.4,13.2,37.3,22.8,637,5.2,1.1,4.01,0.001,29.4,0.001,22.56,0.67,32.05,84.5,424.94,303.41,33.44,0.001,46.93,<4,0,512,9,.,.
2526,3,2304,Fall,ML,M,L,93.45320973,2.025974026,13.21408451,14.28531384,-1.071229329,0.153319288,1.136573209,0.889400817,8504,Powerball,ML,S,28DF,5,Fall,2022,300.15000000000003,3.924948695397244,4.782867340868531,0.9805108798486281,21.2,13.977562279999999,13.232542953,2.186624728,1.0563020524207778,27.210105233,9.57,3.19,4.66,0.6845493562231759,1.34,0.36,0.02,33.3,48.7,14.1,3.7,0.2,7.82,10.4,29.9,38.2,13.3,34.8,26.3,508,6.6,3.7,5.87,0.001,50.46,14.19,67.79,1.27,62.89,63.22,686.02,681.23,103.56,339.34,60.87,<4,0,<8,0,.,.
2537,3,2304,Fall,ML,M,L,86.29874102,1.175324675,11.54929577,12.51947966,-0.970183889,0.101765917,1.108845326,0.066479349,7509,Powerball,ML,S,Brand,1,Fall,2022,101.25,0.7733491969066032,0.5984121733377441,1.2740631888317413,4.356,12.64036246,12.44415518,1.676892249,1.0157670229245728,25.08451764,12.59,1.72,9.99,0.17217217217217218,0.71,0.11,0.06,13.7,79.3,5.7,0.9,0.4,12.4,13.8,40.1,32.4,11.1,34.3,22.4,721,4.8,2.79,1.39,0.001,12.8,10.5,52.2,5.93,17.19,188.49,934.04,434.25,33.64,0.001,88.33,<4,0,<8,0,.,.
2537,3,2304,Fall,ML,M,L,86.29874102,1.175324675,11.54929577,12.51947966,-0.970183889,0.101765917,1.108845326,0.066479349,7509,Powerball,ML,S,Wean,2,Fall,2022,150.75,0.9613686534216334,1.1422101449275361,1.1084598698481563,24.1,18.503363718,11.945172756,2.497577587,1.5490243712637688,30.448536474,13.06,3.14,9.01,0.34850166481687017,0.69,0.14,0.08,24,69,5.4,1,0.6,11.01,13.1,37.1,33.7,11.9,35.2,23.5,910,4.8,2.11,2.56,0.001,23.52,11.96,31.78,0.23,43.97,143,909.61,507.66,75.72,48.8,81.7,8,3,32,5,.,.
2537,3,2304,Fall,ML,M,L,86.29874102,1.175324675,11.54929577,12.51947966,-0.970183889,0.101765917,1.108845326,0.066479349,7509,Powerball,ML,S,14DPW,3,Fall,2022,180,6.41479634247714,0.8669590643274854,4.2465753424657535,19.84,15.74403315,11.064143939,2.092240382,1.4229779761363968,26.808177088999997,12.31,4.06,7.55,0.5377483443708609,0.55,0.13,0.02,33,61.3,4.5,1,0.2,10.09,12.1,35.2,34.9,12,34.4,23.4,992,5.5,2.94,4.08,0.001,27.56,16.45,30.75,0.4,48.21,121.14,1007.15,536.16,118.71,24.25,108.78,128,7,1024,10,.,.
2537,3,2304,Fall,ML,M,L,86.29874102,1.175324675,11.54929577,12.51947966,-0.970183889,0.101765917,1.108845326,0.066479349,7509,Powerball,ML,S,60DPW,4,Fall,2022,208.8,5.315763546798029,1.421978021978022,3.878498293515359,51.79,17.882966909,12.597856741000001,3.9775598530000003,1.419524549029002,30.48082365,10.6,3.29,6.6,0.49848484848484853,0.5,0.15,0.06,31,62.3,4.8,1.4,0.5,9.52,12.5,34,35.7,13.1,36.8,22.9,523,5.1,6.07,6.02,0.001,38.94,4.87,39.55,1.07,47.43,140.34,1065.27,466.08,45.77,259.38,51.32,64,6,1024,10,.,.
2537,3,2304,Fall,ML,M,L,86.29874102,1.175324675,11.54929577,12.51947966,-0.970183889,0.101765917,1.108845326,0.066479349,7509,Powerball,ML,S,28DF,5,Fall,2022,272.25,1.0345957279517755,1.1247403946002077,0.9425966986942598,14.11,17.280542403000002,12.78834785,3.3687219419999996,1.3512724712911217,30.068890253,14.57,5.34,7.51,0.711051930758988,1.44,0.24,0.04,36.6,51.6,9.8,1.7,0.3,8.78,11.6,33,37.6,13.2,35,24.8,560,5.9,0.44,2.36,0.001,27.56,2.25,48.96,0.58,65.7,108.3,539.43,551.92,121.38,18,93.3,32,5,1024,10,.,.
2553,3,2304,Fall,MH,M,H,90.431885,1.525974026,13.38450704,13.3980059,-0.013498861,0.114010477,1.12803791,0.397936116,3106,Homestead,MH,S,Brand,1,Fall,2022,128.25,1.0228260869565218,1.0687898089171974,1.043882978723404,8.347,17.280542403000002,4.703992230000001,0.894387125,3.6735907625000475,21.984534633000003,11.18,2.28,8.23,0.27703523693803156,0.46,0.15,0.06,20.4,73.7,4,1.4,0.5,13.28,15.4,44.4,33.4,11.6,34.8,21.7,414,5.4,5.54,0.83,0.001,23.52,17.97,58.53,0.86,10.49,87.14,1698.86,437.91,34.51,0.001,41.43,16,4,256,8,.,.
2553,3,2304,Fall,MH,M,H,90.431885,1.525974026,13.38450704,13.3980059,-0.013498861,0.114010477,1.12803791,0.397936116,3106,Homestead,MH,S,Wean,2,Fall,2022,175.5,0.6875397329942785,1.4263618022864826,0.559255374934452,20.22,18.334536227,10.601872238,1.814519747,1.7293677772576832,28.936408465,10.79,2.58,7.56,0.3412698412698413,0.46,0.16,0.03,24,70.1,4.2,1.4,0.3,11.61,14.2,39.9,34.3,12.2,35.5,23.5,506,5.4,2.48,2.9,0.001,29.4,6.24,40.19,1.7,31.04,71.62,905.2,335.98,34.02,0.001,56.39,4,2,64,6,.,.
2553,3,2304,Fall,MH,M,H,90.431885,1.525974026,13.38450704,13.3980059,-0.013498861,0.114010477,1.12803791,0.397936116,3106,Homestead,MH,S,14DPW,3,Fall,2022,202.5,0.9148676667886327,0.9397759103641457,1.0033853222101317,17.17,17.672427775,12.893504372999999,1.921668803,1.3706458123213916,30.565932147999998,9.97,2.97,6.57,0.452054794520548,0.31,0.11,0.01,29.8,65.9,3.1,1.1,0.1,10.17,12.5,36.2,35.6,12.3,34.6,22.6,558,5.5,1.85,3.21,0.001,37.49,16.45,53.94,1.07,28.98,422.52,795.77,550.95,34.7,155.4,80.22,<4,0,32,5,.,.
2553,3,2304,Fall,MH,M,H,90.431885,1.525974026,13.38450704,13.3980059,-0.013498861,0.114010477,1.12803791,0.397936116,3106,Homestead,MH,S,60DPW,4,Fall,2022,223.20000000000002,0.9337499999999999,1.4653641207815278,2.595578673602081,38.85,21.837886012,18.733844905,1.803335298,1.1656916197791056,40.571730917,11.61,3.95,6.17,0.640194489465154,0.86,0.58,0.05,34,53.2,7.4,5,0.4,10.55,13.6,37.3,35.4,12.9,36.4,21.7,406,5.3,1.56,3.52,0.001,29.4,0.001,30.33,0.58,32.05,115.23,712.07,274.23,22.03,0.001,55.63,<4,0,8,3,.,.
2553,3,2304,Fall,MH,M,H,90.431885,1.525974026,13.38450704,13.3980059,-0.013498861,0.114010477,1.12803791,0.397936116,3106,Homestead,MH,S,28DF,5,Fall,2022,279,0.789148264984227,1.2152386191720532,1.3013447432762837,22.990000000000002,18.869665233,14.408784261,2.439127881,1.309594542550976,33.278449494,9.55,3.27,4.82,0.6784232365145227,1.11,0.34,0.01,34.2,50.5,11.6,3.5,0.2,9.28,12.4,34.7,37.4,13.3,35.6,24.4,264,6.3,3.16,3.31,0.001,31.16,38.65,141.91,0.67,50.75,84.7,945.56,376.93,121.73,60.89,59.19,<4,0,64,6,.,.
2554,3,2304,Fall,ML,M,L,96.51664277,1.577922078,13.41830986,14.22436177,-0.806051915,0.117594697,1.146597566,0.431324512,1122,Profound,ML,S,Brand,1,Fall,2022,139.5,0.6445396145610279,1.0903261778645108,.,16.77,22.865783265999998,5.279542344999999,0.928762789,4.3310161699252365,28.145325610999997,12.43,3.13,8.3,0.37710843373493974,0.84,0.13,0.03,25.2,66.8,6.7,1,0.3,10.09,11.2,32.7,32.4,11.1,34.4,19.9,732,4.9,1.99,33.06,0.001,23.52,32.14,110.25,1.27,100.61,268.96,1356.07,522.91,38.62,1693.46,137.91,32,5,512,9,.,.
2554,3,2304,Fall,ML,M,L,96.51664277,1.577922078,13.41830986,14.22436177,-0.806051915,0.117594697,1.146597566,0.431324512,1122,Profound,ML,S,Wean,2,Fall,2022,222.75,1.976375046142488,0.2520267611176702,1.6305555555555555,27.01,20.770416398,7.396581676,1.662902363,2.8081101930361485,28.166998074,13.27,3.52,8.73,0.40320733104238254,0.83,0.14,0.05,26.6,65.8,6.2,1,0.4,8.78,10.8,31.6,36,12.3,34.3,23.9,547,4.9,1.56,3.8,1.34,79.12,11.96,67.34,1.38,33.68,179.25,1137.19,456.17,38.62,48.8,170.68,8,3,64,6,.,.
2554,3,2304,Fall,ML,M,L,96.51664277,1.577922078,13.41830986,14.22436177,-0.806051915,0.117594697,1.146597566,0.431324512,1122,Profound,ML,S,14DPW,3,Fall,2022,220.5,0.275225806451613,1.0186197916666666,0.8759444309042166,24.23,22.204269105,9.455028919,1.524670675,2.348408375608481,31.659298024,14.02,5.57,7.74,0.7196382428940569,0.6,0.07,0.04,39.7,55.2,4.3,0.5,0.3,8.85,10.8,31.6,35.7,12.2,34.3,22.8,793,4.8,1.88,4.15,30.33,49.29,2.25,70.9,4.54,40.63,226.31,1012.56,445.23,48.66,66.9,391.6,8,3,16,4,.,.
2554,3,2304,Fall,ML,M,L,96.51664277,1.577922078,13.41830986,14.22436177,-0.806051915,0.117594697,1.146597566,0.431324512,1122,Profound,ML,S,60DPW,4,Fall,2022,248.85,1.0226757369614512,1.1666666666666663,1.7030620467365027,39.42,26.978438734,11.880132796,2.4199224389999996,2.2708869671123164,38.85857153,14.12,5.33,7.56,0.7050264550264551,0.65,0.52,0.06,37.8,53.5,4.6,3.7,0.4,9.28,11.4,31.6,34,12.3,36.2,20.1,632,4.7,2.04,7.57,66.05,79.94,9.06,55.68,4.09,62.45,200.5,671.38,312.57,27.95,362.09,187.37,<4,0,16,4,.,.
2554,3,2304,Fall,ML,M,L,96.51664277,1.577922078,13.41830986,14.22436177,-0.806051915,0.117594697,1.146597566,0.431324512,1122,Profound,ML,S,28DF,5,Fall,2022,300.6,1.1484334874165383,0.9641103135625235,1.5969736113674111,23.16,21.504419373,12.805811829,1.969163308,1.679270292282537,34.310231202,9.18,2.95,5.2,0.5673076923076923,0.78,0.24,0.01,32.1,56.7,8.5,2.6,0.1,8.61,10.9,30.7,35.6,12.7,35.5,25.4,565,5.3,0.82,11.87,0.001,44.36,16.45,112.8,1.27,65.49,119.1,808.09,552.56,103.85,627.19,148.23,<4,0,32,5,.,.
2557,3,2304,Fall,ML,M,L,92.24864403,1.558441558,12.48428571,13.6617921,-1.177506389,0.124832257,1.130271286,0.428170273,2755,Profound,ML,S,Brand,1,Fall,2022,135,0.8009787928221859,1.0504701592784493,0.9372384937238493,6.265000000000001,21.148219784000002,6.346868299,1.6490042690000002,3.3320716277241917,27.495088083000002,11.11,1.82,8.32,0.21875,0.73,0.13,0.11,16.4,74.9,6.6,1.2,0.9,13.42,15,42.1,31.4,11.2,35.7,22.3,433,5.2,2.27,1.58,0.001,34.44,7.64,56.77,0.62,19.97,185.21,1824.4,542.6,34.51,0.001,68.19,8,3,<8,0,.,.
2557,3,2304,Fall,ML,M,L,92.24864403,1.558441558,12.48428571,13.6617921,-1.177506389,0.124832257,1.130271286,0.428170273,2755,Profound,ML,S,Wean,2,Fall,2022,186.75,0.6091359620771386,1.0572543916720885,0.6752797558494404,22.7,22.80757723,14.87551529,5.608342836,1.5332293897295979,37.68309252,11.95,2.21,8.5,0.26,1.04,0.16,0.04,18.5,71.1,8.7,1.4,0.3,10.36,12,34.7,33.5,11.6,34.6,22.7,316,5.2,1.69,14.97,0.001,49.29,6.24,47.23,2.38,53.69,201.33,1359.46,377.27,96.64,236.41,58.41,4,2,32,5,.,.
2557,3,2304,Fall,ML,M,L,92.24864403,1.558441558,12.48428571,13.6617921,-1.177506389,0.124832257,1.130271286,0.428170273,2755,Profound,ML,S,14DPW,3,Fall,2022,207,0.9874939874939875,0.8926518883415435,0.9485564928121658,18.63,22.261113799,16.046796793,3.8246537089999997,1.3872621487118748,38.307910592,10.33,2.91,6.92,0.42052023121387283,0.36,0.11,0.03,28.1,67,3.5,1.1,0.3,11.79,13.4,39,33.1,11.4,34.3,21.4,632,5.3,6.7,25.08,235.56,189.17,76.07,121.65,25.31,115.39,128.49,1082.15,613.01,153.54,1671.11,87.34,<4,0,128,7,.,.
2557,3,2304,Fall,ML,M,L,92.24864403,1.558441558,12.48428571,13.6617921,-1.177506389,0.124832257,1.130271286,0.428170273,2755,Profound,ML,S,60DPW,4,Fall,2022,237.6,0.5796019900497513,1.4747899159663864,0.5351194786386676,17.84,22.43241875,13.940003183,3.5997448280000004,1.6092118814833989,36.372421933,14.7,5.54,7.79,0.711168164313222,0.99,0.35,0.03,37.7,53,6.8,2.3,0.2,10.92,13.3,35.9,32.9,12.2,36.9,21.6,509,5.2,3.85,16.42,209.18,117.36,16.45,93,17.51,103.26,193.52,993.63,412.15,49.68,1738.18,64.11,<4,0,128,7,.,.
2557,3,2304,Fall,ML,M,L,92.24864403,1.558441558,12.48428571,13.6617921,-1.177506389,0.124832257,1.130271286,0.428170273,2755,Profound,ML,S,28DF,5,Fall,2022,282.6,1.0001678133915086,1.0410569858615795,0.9603332729577975,1.037,21.532036249,15.66582302,4.858013476,1.3744593068305966,37.197859269,13.85,5.55,6.29,0.8823529411764706,1.39,0.6,0.02,40.1,45.5,9.9,4.3,0.2,10.1,12.1,34.5,34.2,12,35.1,22.2,146,6,5.1,35.69,219.74,111.78,48.62,189.54,28.33,216.6,136.15,800.56,773.36,444.44,3310.44,90.02,<4,0,32,5,.,.
2564,3,2304,Fall,MH,M,H,97.258891,1.733766234,13.68714286,14.47554955,-0.788406698,0.126671158,1.149823517,0.583942717,7528,Exceed,MH,S,Brand,1,Fall,2022,150.75,0.9594074074074074,1.222179289026275,0.9327623126338329,8.217,22.865783265999998,4.075441458,0.832313712,5.610627339797748,26.941224723999998,16.74,2.74,13.28,0.20632530120481932,0.54,0.13,0.05,16.4,79.4,3.2,0.7,0.3,9.75,12.3,33.3,34.1,12.6,36.9,23,462,4.9,6.17,1.51,0.001,29.4,24.17,60.72,0.86,15.69,197.52,1425.39,495.6,22.14,0.001,38.03,32,5,64,6,.,.
2564,3,2304,Fall,MH,M,H,97.258891,1.733766234,13.68714286,14.47554955,-0.788406698,0.126671158,1.149823517,0.583942717,7528,Exceed,MH,S,Wean,2,Fall,2022,227.25,2.5464285714285713,1.698595146871009,2.5282418456642795,28.52,19.800194918000003,8.626706839,1.1420774439999999,2.295220561858715,28.426901757000003,18.13,2.74,14.38,0.1905424200278164,0.7,0.25,0.06,15.1,79.3,3.9,1.4,0.3,9.22,11.8,33.1,35.9,12.8,35.8,22,524,5.4,4.92,2.23,0.001,23.52,25.75,54.81,0.86,35.26,75.37,815.62,509.29,163.02,0.001,22.22,4,2,16,4,.,.
2564,3,2304,Fall,MH,M,H,97.258891,1.733766234,13.68714286,14.47554955,-0.788406698,0.126671158,1.149823517,0.583942717,7528,Exceed,MH,S,14DPW,3,Fall,2022,240.75,1.5484267885392864,1.0455978383247015,0.9722858175683816,18.18,19.877360958,11.496877553,1.814519747,1.728935605895289,31.374238511,12.75,3.06,9.05,0.33812154696132596,0.38,0.22,0.04,24,71,3,1.7,0.3,9.51,12.1,34.4,36.1,12.7,35.2,21.5,889,5.2,6.97,1.14,6.85,21.27,21.05,45.52,0.67,29.33,50.8,727.64,345.68,142.26,0.001,22.69,<4,0,8,3,.,.
2564,3,2304,Fall,MH,M,H,97.258891,1.733766234,13.68714286,14.47554955,-0.788406698,0.126671158,1.149823517,0.583942717,7528,Exceed,MH,S,60DPW,4,Fall,2022,272.7,3.9018324607329844,1.5053380782918153,1.1177419354838711,17.830000000000002,20.13647659,12.1589371,1.527933423,1.6561050052639883,32.295413690000004,17.03,3.48,12.43,0.27996781979082863,0.75,0.31,0.06,20.5,73,4.3,1.8,0.4,9.19,12.3,32.9,35.8,13.4,37.4,21.6,417,4.9,1.69,1.08,7.76,44.36,10.5,29.5,1.22,24.93,109.62,522.74,268.47,30.77,0.001,12.72,<4,0,8,3,.,.
2564,3,2304,Fall,MH,M,H,97.258891,1.733766234,13.68714286,14.47554955,-0.788406698,0.126671158,1.149823517,0.583942717,7528,Exceed,MH,S,28DF,5,Fall,2022,330.3,8.226254002134471,6.128504672897197,0.8467441683762631,19.42,16.806739278000002,10.973332043,1.305947257,1.531598534715004,27.780071321,12.06,2.29,8.31,0.27557160048134777,1.28,0.16,0.02,19,68.9,10.7,1.3,0.1,8.35,11.6,32.2,38.6,13.9,36,27.2,677,5.4,3.65,1.9,0.001,32.83,21.05,80.31,0.77,51.74,88.56,772.44,520.32,59.78,0.001,28.88,<4,0,<8,0,.,.
2566,3,2304,Fall,MH,M,H,94.57780759,1.642857143,14.21549296,14.0430194,0.172473562,0.115568074,1.143619858,0.499237284,9587,NewAddition,MH,S,Brand,1,Fall,2022,117,0.6516608391608391,0.9747774480712165,.,14.39,16.192267985,5.269889122,1.118390443,3.072601265442715,21.462157107000003,9.53,0.98,7.44,0.13172043010752688,0.87,0.18,0.06,10.4,78,9.2,1.8,0.6,10.8,12.7,35.6,32.9,11.8,35.7,26.4,803,5,2.48,1.14,0.001,18.81,17.97,24.79,0.86,10.49,130.02,1768.09,262.34,39.75,0.001,63.24,16,4,64,6,.,.
2566,3,2304,Fall,MH,M,H,94.57780759,1.642857143,14.21549296,14.0430194,0.172473562,0.115568074,1.143619858,0.499237284,9587,NewAddition,MH,S,Wean,2,Fall,2022,189,1.0126715945089757,0.6680387409200967,1.0738770685579195,9.607,19.774530925,11.003529568,1.840836194,1.7971079918308628,30.778060492999998,11.06,2.43,7.31,0.33242134062927503,1.02,0.22,0.08,22,66.1,9.1,2,0.8,10.77,14.1,40.3,37.4,13.1,35.1,23,867,5,1.88,3.8,87.37,92.2,17.97,32.82,5.13,38.3,87.34,911.99,311.16,29.78,201.82,131.73,<4,0,32,5,.,.
2566,3,2304,Fall,MH,M,H,94.57780759,1.642857143,14.21549296,14.0430194,0.172473562,0.115568074,1.143619858,0.499237284,9587,NewAddition,MH,S,14DPW,3,Fall,2022,218.25,1.5301391035548684,1.2366101694915255,0.7548709847288047,35.12,18.143218995999998,12.325915886,1.426098777,1.4719570670287792,30.469134882,9.98,2.64,6.77,0.38995568685376664,0.33,0.15,0.09,26.4,67.8,3.4,1.5,0.9,11.27,14.4,41.1,36.5,12.8,35.1,21.9,1036,5,2.15,6.31,83.82,94.37,16.45,43.59,6.89,53.69,239.28,672.77,356.03,41.74,497.86,227.09,4,2,.,.,.,.
2566,3,2304,Fall,MH,M,H,94.57780759,1.642857143,14.21549296,14.0430194,0.172473562,0.115568074,1.143619858,0.499237284,9587,NewAddition,MH,S,60DPW,4,Fall,2022,254.70000000000002,4.1313598519889,1.6225939917251302,0.40252795333009234,44.67,18.649139759,13.451584166,2.386641259,1.3863898503595773,32.100723925,11.69,3.5,7.38,0.4742547425474255,0.42,0.3,0.09,30,63.2,3.5,2.5,0.8,10.58,14.1,38.3,36.2,13.4,36.9,21.5,741,5.3,2.04,27.2,67.83,67.88,3.54,83.47,4.48,134.09,133.8,469.39,584.82,29.24,2304.84,118.66,<4,0,64,6,.,.
2566,3,2304,Fall,MH,M,H,94.57780759,1.642857143,14.21549296,14.0430194,0.172473562,0.115568074,1.143619858,0.499237284,9587,NewAddition,MH,S,28DF,5,Fall,2022,312.3,1.0089233298109663,1.0988984088127296,1.0009791921664626,9.524000000000001,16.673422253000002,11.751065127,1.9177543540000002,1.4188860390782856,28.424487380000002,6.7,2.09,3.9,0.5358974358974359,0.59,0.1,0.02,31.1,58.2,8.9,1.5,0.3,9.25,12.7,35.3,38.2,13.8,36.1,26.5,730,5.8,2.41,5.73,66.05,53.86,19.5,49.82,3.34,64.2,71.21,1161.84,446.89,96.12,224.9,97.1,<4,0,64,6,.,.
2575,3,2304,Fall,MH,M,H,89.89970793,1.532467532,11.52394366,13.33683396,-1.812890298,0.132981172,1.119664126,0.412803406,566,NewAddition,MH,S,Brand,1,Fall,2022,103.5,0.6513526119402986,1.4510309278350517,.,4.4430000000000005,21.257263959,7.742918235,2.298365503,2.7453814329217177,29.000182194,10.61,0.82,8.87,0.09244644870349493,0.79,0.13,0,7.7,83.6,7.5,1.2,0,12.85,14.2,40.4,31.4,11.1,35.2,20.8,517,4.9,2.36,3.1,0.001,18.81,12.7,21.75,1.07,11.76,74.25,700.97,388.84,44.27,0.001,29.53,<4,0,16,4,.,.
2575,3,2304,Fall,MH,M,H,89.89970793,1.532467532,11.52394366,13.33683396,-1.812890298,0.132981172,1.119664126,0.412803406,566,NewAddition,MH,S,Wean,2,Fall,2022,168.75,0.37084148727984345,0.5028928136419001,1.2182662538699691,22.46,22.691557942000003,14.979376874,3.158845882,1.5148532634482406,37.670934816,14.75,5.33,8.67,0.6147635524798155,0.53,0.16,0.06,36.2,58.8,3.6,1,0.4,11.26,13.2,37.9,33.7,11.8,35,20.7,500,4.8,1.81,8.4,0.001,21.27,2.25,58.31,0.96,60.22,277.21,1081.48,531.32,73.49,305.15,81.21,<4,0,128,7,.,.
2575,3,2304,Fall,MH,M,H,89.89970793,1.532467532,11.52394366,13.33683396,-1.812890298,0.132981172,1.119664126,0.412803406,566,NewAddition,MH,S,14DPW,3,Fall,2022,200.25,0.5989932885906041,0.9323158593231584,0.7148067104303428,14.46,22.547267302,17.88538896,3.189784759,1.260652891163067,40.432656262,12.07,2.92,8.36,0.3492822966507177,0.57,0.11,0.11,24.2,69.3,4.7,0.9,0.9,11.13,12.9,37,33.2,11.6,34.9,20.6,616,4.8,1.69,4.36,0.001,8.63,3.54,24.58,5,32.7,485.05,774.84,438.25,53.39,48.8,92.11,128,7,<8,0,.,.
2575,3,2304,Fall,MH,M,H,89.89970793,1.532467532,11.52394366,13.33683396,-1.812890298,0.132981172,1.119664126,0.412803406,566,NewAddition,MH,S,60DPW,4,Fall,2022,223.65,5.1138353765324,2.347315436241611,1.947562097516099,29.92,10.755391579,14.581293581,3.686917802,0.7376157347942502,25.336685160000002,13.04,3.95,7.76,0.5090206185567011,0.9,0.38,0.05,30.4,59.5,6.9,2.9,0.3,10.67,12.9,35.6,33.4,12.1,36.2,19.8,447,5,0.91,6.53,0.001,25.91,0.001,35.84,1.68,38.65,447.62,679.16,510.09,103.89,385.85,145.33,32,5,512,9,.,.
2575,3,2304,Fall,MH,M,H,89.89970793,1.532467532,11.52394366,13.33683396,-1.812890298,0.132981172,1.119664126,0.412803406,566,NewAddition,MH,S,28DF,5,Fall,2022,279.90000000000003,1.20872413279738,0.9704288407163055,1.0435660018993353,16.07,9.7934661,11.010482321000001,3.551777025,0.8894674923841602,20.803948421,11.44,3.76,6.59,0.5705614567526556,0.8,0.23,0.06,32.9,57.6,6.9,2,0.6,9.9,12.4,35.9,36.2,12.6,34.7,22.9,405,6,5.6,30.78,0.001,32.49,8.6,164.77,1.2,159.18,176.27,1226.71,867.68,321.17,1737.06,133.08,16,4,256,8,.,.
2579,4,2304,Fall,MH,M,H,93.30292312,1.467532468,14.42816901,13.70447476,0.723694252,0.101713008,1.140529823,0.327002644,9558,Mediator,MH,S,Brand,1,Fall,2022,119.25,.,.,.,10.18,.,.,.,.,.,9.83,1.34,7.35,0.18231292517006806,0.88,0.22,0.04,13.6,74.7,9.1,2.2,0.4,11.06,13.2,37.4,33.8,11.9,35.3,26.4,98,4.6,.,.,.,.,.,.,.,.,.,.,.,.,.,.,.,.,.,.,.,.
2579,4,2304,Fall,MH,M,H,93.30292312,1.467532468,14.42816901,13.70447476,0.723694252,0.101713008,1.140529823,0.327002644,9558,Mediator,MH,S,Wean,2,Fall,2022,175.5,.,.,.,22.51,.,.,.,.,.,11.73,3.6,7.26,0.49586776859504134,0.7,0.12,0.05,30.7,61.9,6,1,0.4,10.27,12.7,36.7,35.8,12.3,34.5,21.3,714,5.3,.,.,.,.,.,.,.,.,.,.,.,.,.,.,.,.,.,.,.,.
2579,4,2304,Fall,MH,M,H,93.30292312,1.467532468,14.42816901,13.70447476,0.723694252,0.101713008,1.140529823,0.327002644,9558,Mediator,MH,S,14DPW,3,Fall,2022,213.75,.,.,.,16.57,.,.,.,.,.,11.25,4.6,5.91,0.7783417935702199,0.56,0.12,0.06,40.9,52.5,4.9,1.1,0.6,10.09,12.3,35.3,35,12.2,34.8,21.3,716,5.5,.,.,.,.,.,.,.,.,.,.,.,.,.,.,.,.,.,.,.,.
2579,4,2304,Fall,MH,M,H,93.30292312,1.467532468,14.42816901,13.70447476,0.723694252,0.101713008,1.140529823,0.327002644,9558,Mediator,MH,S,60DPW,4,Fall,2022,247.5,.,.,.,33.05,.,.,.,.,.,12.63,3.86,7.62,0.5065616797900262,0.66,0.43,0.06,30.6,60.3,5.3,3.4,0.4,8.13,10.8,29.9,36.8,13.2,36,25.2,514,5.8,.,.,.,.,.,.,.,.,.,.,.,.,.,.,.,.,.,.,.,.
2579,4,2304,Fall,MH,M,H,93.30292312,1.467532468,14.42816901,13.70447476,0.723694252,0.101713008,1.140529823,0.327002644,9558,Mediator,MH,S,28DF,5,Fall,2022,308.7,.,.,.,11.700000000000001,.,.,.,.,.,11.07,3.48,6.44,0.5403726708074533,0.94,0.16,0.05,31.5,58.2,8.5,1.4,0.4,7.35,10.1,29.1,39.6,13.8,34.8,26.4,469,6.4,.,.,.,.,.,.,.,.,.,.,.,.,.,.,.,.,.,.,.,.
2581,3,2304,Fall,ML,M,L,94.65262194,1.487012987,13.01549296,13.89577832,-0.880285359,0.114249456,1.139485746,0.347527241,5642,Powerball,ML,S,Brand,1,Fall,2022,139.5,0.8719733656174335,0.9452054794520549,0.8824096385542167,18.13,21.257263959,3.104483471,0.912621504,6.847278833200784,24.36174743,10.9,1.2,9.22,0.1301518438177874,0.32,0.11,0.05,11.1,84.6,2.9,1,0.4,11.34,14.1,38.8,34.2,12.4,36.3,23.2,103,4.7,2.77,1.48,3.19,12.8,10.5,73.58,1.17,20.85,63.01,2209.31,498.87,38,0.001,134.06,16,4,128,7,.,.
2581,3,2304,Fall,ML,M,L,94.65262194,1.487012987,13.01549296,13.89577832,-0.880285359,0.114249456,1.139485746,0.347527241,5642,Powerball,ML,S,Wean,2,Fall,2022,211.5,0.9269801980198017,0.9799771167048054,1.0737704918032787,33.68,19.544854212,11.048962814,1.852209551,1.7689311242169234,30.593817026,12.36,3,8.65,0.3468208092485549,0.49,0.17,0.05,24.3,70,3.9,1.4,0.4,9.47,11,31.9,33.7,11.6,34.6,26.1,773,4.8,1.51,10.01,0.001,34.44,16.45,69.56,0.96,77.3,72.53,814.25,460.8,37.57,441.41,129.04,<4,0,64,6,.,.
2581,3,2304,Fall,ML,M,L,94.65262194,1.487012987,13.01549296,13.89577832,-0.880285359,0.114249456,1.139485746,0.347527241,5642,Powerball,ML,S,14DPW,3,Fall,2022,231.75,1.1708195737015914,0.8562247983870969,1.3091670694377322,22.84,17.859467727000002,10.749139783,1.673386132,1.6614787869114085,28.608607510000002,11.37,3.54,7.37,0.48032564450474896,0.27,0.15,0.04,31.1,64.8,2.5,1.3,0.3,9.37,11.1,31.8,33.9,11.9,35,24.8,1011,5.1,1.07,3.66,0.001,44.36,7.64,73.35,0.67,59.54,74.35,574.66,274.94,42.96,0.001,100.16,<4,0,128,7,.,.
2581,3,2304,Fall,ML,M,L,94.65262194,1.487012987,13.01549296,13.89577832,-0.880285359,0.114249456,1.139485746,0.347527241,5642,Powerball,ML,S,60DPW,4,Fall,2022,251.55,1.1593686354378818,1.542087542087542,3.084760273972603,28.36,18.479163659,11.783206663000001,2.6807392979999998,1.5682627138354213,30.262370322000002,15.75,6.01,8.43,0.7129300118623962,0.89,0.33,0.09,38.2,53.5,5.7,2.1,0.5,10.47,12.9,35,33.5,12.3,36.7,22.8,844,4.9,1.6,2.97,0.001,34.44,0.001,28.68,1.07,33.03,77.19,621.19,256.19,24.31,0.001,83.13,8,3,16,4,.,.
2581,3,2304,Fall,ML,M,L,94.65262194,1.487012987,13.01549296,13.89577832,-0.880285359,0.114249456,1.139485746,0.347527241,5642,Powerball,ML,S,28DF,5,Fall,2022,291.6,0.9845498783454989,1.024895756683836,0.9159480406069207,23.54,14.188847274,12.393342828,2.956158838,1.1448765253183715,26.582190102,15.25,4.73,8.95,0.5284916201117319,0.98,0.52,0.07,31.1,58.7,6.4,3.4,0.4,9.49,11.4,32.5,34.3,12.1,35.2,23.2,933,5.5,1.92,3.62,0.001,41.72,33.76,87.09,0.86,39.47,66.45,664.74,379.66,164.53,0.001,123.32,8,3,16,4,.,.
2590,4,2304,Fall,MH,M,H,92.32408247,1.318181818,13.70985915,13.42971932,0.280139837,0.096148458,1.134953598,0.18322822,542,NewAddition,MH,S,Brand,1,Fall,2022,108,0.6920272241127856,0.9444922547332185,.,4.43,9.948125925000001,5.237802234,0.9919209229999999,1.899293917671043,15.185928159000001,10.47,1.77,8.14,0.21744471744471744,0.4,0.11,0.05,16.9,77.7,3.8,1.1,0.5,11.63,13.5,37.9,32.6,11.6,35.6,22.4,553,5.1,12.51,0.46,0.001,4.25,2.11,18.49,0.46,35.05,213.01,1361.63,532.89,99.48,200.85,58.08,<4,0,32,5,.,.
2590,4,2304,Fall,MH,M,H,92.32408247,1.318181818,13.70985915,13.42971932,0.280139837,0.096148458,1.134953598,0.18322822,542,NewAddition,MH,S,Wean,2,Fall,2022,164.25,1.2486002239641656,0.8489422391252676,1.0259495163953762,22.89,10.316625646,11.46226967,2.7544569360000004,0.9000508575541131,21.778895316,12.09,2.3,8.82,0.26077097505668934,0.84,0.1,0.03,19,73,6.9,0.8,0.3,9.65,12.2,35.1,36.3,12.7,34.8,24.1,671,5.2,2.04,20.18,0.001,25.91,33.15,52.13,3.07,87.14,412.01,895.83,666.85,59.52,1375.5,85.61,<4,0,256,8,.,.
2590,4,2304,Fall,MH,M,H,92.32408247,1.318181818,13.70985915,13.42971932,0.280139837,0.096148458,1.134953598,0.18322822,542,NewAddition,MH,S,14DPW,3,Fall,2022,193.5,1.644495412844037,1.1151461470327722,0.8090024330900243,23.5,9.781689687,10.549781845,3.416636855,0.9271935506074913,20.331471532000002,11.52,2.72,8.21,0.33130328867235076,0.46,0.07,0.06,23.6,71.3,4,0.6,0.5,9.22,11.9,33.3,36.1,12.9,35.8,23.5,737,5.2,2.08,15.26,0.001,32.49,42.7,47.48,1.2,67.94,283.87,410.01,635.93,37.18,998.71,104.18,512,9,512,9,.,.
2590,4,2304,Fall,MH,M,H,92.32408247,1.318181818,13.70985915,13.42971932,0.280139837,0.096148458,1.134953598,0.18322822,542,NewAddition,MH,S,60DPW,4,Fall,2022,226.35,1.382262996941896,0.9959183673469387,0.5541871921182266,31.23,8.806774328,12.471697911,4.636958779,0.7061407669466121,21.278472239,10.67,2.31,7.62,0.3031496062992126,0.53,0.18,0.03,21.7,71.4,5,1.6,0.3,9.54,13.2,36.1,37.8,13.8,36.6,22.8,383,5.6,4.06,30.23,0.001,38.53,0.001,68.83,0.46,142.73,239.39,528.66,651.44,39,1755.7,71.6,256,8,256,8,.,.
2590,4,2304,Fall,MH,M,H,92.32408247,1.318181818,13.70985915,13.42971932,0.280139837,0.096148458,1.134953598,0.18322822,542,NewAddition,MH,S,28DF,5,Fall,2022,282.15000000000003,0.8458917076864824,1.3841103086014444,1.359917223814072,15.55,10.379691385,10.940519525000001,3.551777025,0.9487384361667229,21.32021091,8.38,2.63,5.08,0.5177165354330708,0.56,0.1,0.01,31.4,60.6,6.7,1.2,0.1,8.66,12.1,34.6,40,14,34.9,24.4,544,5.9,5.36,56.05,0.001,28.62,10.75,210.54,4.19,268.79,225.72,742.34,880.5,118.43,3872.13,141.29,128,7,256,8,.,.
2592,3,2304,Fall,MH,M,H,92.77628276,1.954545455,14.60140845,14.12734733,0.474061121,0.133860063,1.139563655,0.814981799,9582,Mediator,MH,S,Brand,1,Fall,2022,128.25,.,.,.,18.88,.,.,.,.,.,11.11,2,8.25,0.24242424242424243,0.74,0.08,0.04,18,74.2,6.7,0.7,0.4,10.19,13,36.3,35.6,12.8,35.8,22.4,601,5.2,.,.,.,.,.,.,.,.,.,.,.,.,.,.,.,.,.,.,.,.
2592,3,2304,Fall,MH,M,H,92.77628276,1.954545455,14.60140845,14.12734733,0.474061121,0.133860063,1.139563655,0.814981799,9582,Mediator,MH,S,Wean,2,Fall,2022,195.75,.,.,.,17.87,.,.,.,.,.,13.22,4.24,8.22,0.5158150851581509,0.52,0.2,0.04,32.1,62.2,3.9,1.5,0.3,9.7,12.8,35.5,36.6,13.2,36,22.7,566,5.2,.,.,.,.,.,.,.,.,.,.,.,.,.,.,.,.,.,.,.,.
2592,3,2304,Fall,MH,M,H,92.77628276,1.954545455,14.60140845,14.12734733,0.474061121,0.133860063,1.139563655,0.814981799,9582,Mediator,MH,S,14DPW,3,Fall,2022,218.25,.,.,.,4.602,.,.,.,.,.,9.57,2.25,6.65,0.3383458646616541,0.57,0.08,0.02,23.5,69.5,5.9,0.9,0.2,10.07,12.9,36.6,36.3,12.8,35.4,22.7,798,4.9,.,.,.,.,.,.,.,.,.,.,.,.,.,.,.,.,.,.,.,.
2592,3,2304,Fall,MH,M,H,92.77628276,1.954545455,14.60140845,14.12734733,0.474061121,0.133860063,1.139563655,0.814981799,9582,Mediator,MH,S,60DPW,4,Fall,2022,245.70000000000002,.,.,.,24.69,.,.,.,.,.,10.59,2.94,6.8,0.4323529411764706,0.46,0.35,0.04,27.7,64.3,4.3,3.3,0.4,9.16,13.1,35.9,39.2,14.3,36.4,24.6,734,5.1,.,.,.,.,.,.,.,.,.,.,.,.,.,.,.,.,.,.,.,.
2592,3,2304,Fall,MH,M,H,92.77628276,1.954545455,14.60140845,14.12734733,0.474061121,0.133860063,1.139563655,0.814981799,9582,Mediator,MH,S,28DF,5,Fall,2022,304.2,.,.,.,7.607,.,.,.,.,.,10.79,2.96,6.67,0.44377811094452774,0.92,0.21,0.03,27.5,61.8,8.5,1.9,0.3,8.64,12,34.2,39.6,13.9,35,22.7,266,6.5,.,.,.,.,.,.,.,.,.,.,.,.,.,.,.,.,.,.,.,.
2593,3,2304,Fall,MH,M,H,95.62342465,1.532467532,12.57971014,14.0650052,-1.485295055,0.121820576,1.140843643,0.391623889,3104,Mediator,MH,S,Brand,1,Fall,2022,144,.,.,.,.,.,.,.,.,.,9.77,1.53,7.55,0.20264900662251656,0.58,0.07,0.04,15.7,77.2,6,0.7,0.4,10.88,13.7,39.4,36.2,12.6,34.7,21.5,613,5.4,.,.,.,.,.,.,.,.,.,.,.,.,.,.,.,.,.,.,.,.
2593,3,2304,Fall,MH,M,H,95.62342465,1.532467532,12.57971014,14.0650052,-1.485295055,0.121820576,1.140843643,0.391623889,3104,Mediator,MH,S,Wean,2,Fall,2022,256.5,.,.,.,.,.,.,.,.,.,11.57,2.29,8.54,0.2681498829039813,0.57,0.13,0.04,19.8,73.8,5,1.1,0.3,10.02,13.1,37,36.9,13.1,35.5,23.5,492,5.9,.,.,.,.,.,.,.,.,.,.,.,.,.,.,.,.,.,.,.,.
2593,3,2304,Fall,MH,M,H,95.62342465,1.532467532,12.57971014,14.0650052,-1.485295055,0.121820576,1.140843643,0.391623889,3104,Mediator,MH,S,14DPW,3,Fall,2022,243,.,.,.,.,.,.,.,.,.,12.71,3.97,8.15,0.48711656441717793,0.4,0.15,0.04,31.2,64.1,3.2,1.2,0.3,9.74,12.4,35.6,36.5,12.8,34.9,22.7,703,5.7,.,.,.,.,.,.,.,.,.,.,.,.,.,.,.,.,.,.,.,.
2593,3,2304,Fall,MH,M,H,95.62342465,1.532467532,12.57971014,14.0650052,-1.485295055,0.121820576,1.140843643,0.391623889,3104,Mediator,MH,S,60DPW,4,Fall,2022,270.90000000000003,.,.,.,.,.,.,.,.,.,9.73,2.58,6.26,0.41214057507987223,0.57,0.28,0.04,26.5,64.4,5.8,2.9,0.4,9.45,13,35.1,37.1,13.8,37.1,22.7,271,5.2,.,.,.,.,.,.,.,.,.,.,.,.,.,.,.,.,.,.,.,.
2593,3,2304,Fall,MH,M,H,95.62342465,1.532467532,12.57971014,14.0650052,-1.485295055,0.121820576,1.140843643,0.391623889,3104,Mediator,MH,S,28DF,5,Fall,2022,324.90000000000003,.,.,.,.,.,.,.,.,.,9.65,3.09,5.94,0.5202020202020201,0.5,0.1,0.02,32,61.6,5.1,1.1,0.2,8.59,11.9,33.9,39.4,13.8,35,24.7,735,6,.,.,.,.,.,.,.,.,.,.,.,.,.,.,.,.,.,.,.,.
2595,4,2304,Fall,MH,M,H,87.53013039,1.480519481,15.33521127,12.98312332,2.352087949,0.096543794,1.126334453,0.354185028,1615,NewAddition,MH,S,Brand,1,Fall,2022,114.75,0.6694374350601157,.,.,14.14,12.673809088999999,4.518675482,1.2906639229999999,2.8047619572340863,17.192484570999998,14.51,2.1,11.08,0.18953068592057762,1.1,0.18,0.05,14.5,76.4,7.6,1.2,0.3,11.27,14.2,39.4,35,12.6,36,22.4,419,5.4,6.44,0.63,0.001,6.98,20.38,100.61,0.46,26.9,236.93,1046.69,429.38,74.5,153.97,55.3,32,5,1024,10,.,.
2595,4,2304,Fall,MH,M,H,87.53013039,1.480519481,15.33521127,12.98312332,2.352087949,0.096543794,1.126334453,0.354185028,1615,NewAddition,MH,S,Wean,2,Fall,2022,202.5,3.3471391972672926,1.1323654995730144,1.1362451108213822,58.43,10.728919547,6.193527156999999,3.901720106,1.7322794063918887,16.922446704,14.5,3.51,10.07,0.3485600794438927,0.73,0.13,0.06,24.2,69.5,5,0.9,0.4,10.26,13.6,37.6,36.7,13.2,36,21.8,536,5.5,3.52,16.68,0.001,193.81,84.91,121.07,0.46,111.78,222.35,856.42,831.27,114.53,728.98,91.28,<4,0,128,7,.,.
2595,4,2304,Fall,MH,M,H,87.53013039,1.480519481,15.33521127,12.98312332,2.352087949,0.096543794,1.126334453,0.354185028,1615,NewAddition,MH,S,14DPW,3,Fall,2022,220.5,0.9349475966750995,0.9518439302611965,1.054229934924078,23.080000000000002,9.984236614,7.510043604000001,3.277229407,1.3294512176576705,17.494280218,11.23,2.07,8.26,0.2506053268765133,0.7,0.13,0.07,18.5,73.5,6.3,1.1,0.6,10.35,13.3,37.7,36.4,12.8,35.2,21.2,597,5.8,4.56,3.31,0.001,60.47,25.71,81.82,3.07,57.65,513.3,980.33,810.53,201.49,330.63,146.98,<4,0,64,6,.,.
2595,4,2304,Fall,MH,M,H,87.53013039,1.480519481,15.33521127,12.98312332,2.352087949,0.096543794,1.126334453,0.354185028,1615,NewAddition,MH,S,60DPW,4,Fall,2022,240.3,2.7981220657276995,3.2007168458781368,0.9186840471756673,53.99,9.54966144,9.031623304,2.149380804,1.0573582531692356,18.581284744,9.34,2.11,6.46,0.326625386996904,0.59,0.16,0.02,22.6,69.2,6.2,1.8,0.2,9.54,12.3,34,35.6,12.9,36.4,20.9,419,5.7,5.33,4.68,0.001,64.23,15.04,582.57,0.71,48,350.84,2688.9,1171.07,452.8,321.41,90.29,<4,0,256,8,.,.
2595,4,2304,Fall,MH,M,H,87.53013039,1.480519481,15.33521127,12.98312332,2.352087949,0.096543794,1.126334453,0.354185028,1615,NewAddition,MH,S,28DF,5,Fall,2022,292.95,1.1784698713608666,1.1958977021939505,1.0645811115061026,16.01,7.741524049,6.660865157,1.72076757,1.1622400193560922,14.402389205999999,8.02,2.17,5.43,0.39963167587476983,0.3,0.11,0.01,27,67.7,3.9,1.3,0.1,8.19,11.6,31.3,38.1,14.1,37.1,28.3,274,6.1,6.41,3.56,0.001,67,65.95,188.54,6.38,52.22,155.07,565.87,764.07,114.67,265.95,75.83,<4,0,32,5,.,.
2598,4,2304,Fall,MH,M,H,82.09850182,1.220779221,12.23380282,12.0308466,0.20295622,0.099787387,1.0986061,0.122173121,4040,Exceed,MH,S,Brand,1,Fall,2022,101.25,0.778991159646386,1.1274467159634625,0.8773455377574368,0.7735,11.163110325,3.6614746,1.001315636,3.048801792862362,14.824584925,19.5,4.37,13.95,0.31326164874551976,0.89,0.19,0.1,22.4,71.6,4.5,1,0.5,11.05,14.3,38.7,35,12.9,37,21.9,562,5.1,7.01,0.001,0.001,13.31,23.58,69.53,0.71,17.52,235.14,1203.81,693.67,55.79,106.6,84.37,16,4,256,8,.,.
2598,4,2304,Fall,MH,M,H,82.09850182,1.220779221,12.23380282,12.0308466,0.20295622,0.099787387,1.0986061,0.122173121,4040,Exceed,MH,S,Wean,2,Fall,2022,171,0.6760563380281691,0.3447154471544716,2.1906994919890583,32.64,9.630122944,8.923052198,1.939175919,1.0792409066214452,18.553175142,19.62,5.18,13.54,0.3825701624815362,0.55,0.28,0.07,26.4,69.1,2.8,1.4,0.3,10.43,13.2,37,35.4,12.7,35.8,23.5,474,5.2,2.16,2.82,0.001,18.48,17.18,71.15,0.46,10.33,156.1,490.36,631.16,54.62,219.5,92.63,<4,0,512,9,.,.
2598,4,2304,Fall,MH,M,H,82.09850182,1.220779221,12.23380282,12.0308466,0.20295622,0.099787387,1.0986061,0.122173121,4040,Exceed,MH,S,14DPW,3,Fall,2022,204.75,4.409888357256778,1.7200806248425295,3.975039830058418,12.86,8.975577096,11.098810999,2.124137086,0.8086971745720057,20.074388095,18.56,5.81,11.49,0.5056570931244561,0.99,0.22,0.05,31.4,61.9,5.3,1.2,0.2,10.02,12.5,35.4,35.3,12.5,35.3,23,872,5.5,2.32,24.14,0.001,25.91,10.75,129.22,4.63,111.02,343.97,567.34,745.88,163.35,1430.9,135.59,<4,0,512,9,.,.
2598,4,2304,Fall,MH,M,H,82.09850182,1.220779221,12.23380282,12.0308466,0.20295622,0.099787387,1.0986061,0.122173121,4040,Exceed,MH,S,60DPW,4,Fall,2022,207,0.7125279642058164,1.1924528301886794,0.8528896672504377,46.42,9.688085171,13.602176361,2.269263171,0.7122452256079818,23.290261532000002,17.3,4.51,11.01,0.40962761126248864,0.83,0.91,0.04,26.1,63.7,4.8,5.2,0.2,9.86,12.9,34.9,35.4,13,36.9,22.5,668,5.4,2.56,8.89,0.001,0.001,0.001,36.77,0.001,26.44,172.84,561.07,510.09,38.84,385.85,75.95,<4,0,1024,10,.,.
2598,4,2304,Fall,MH,M,H,82.09850182,1.220779221,12.23380282,12.0308466,0.20295622,0.099787387,1.0986061,0.122173121,4040,Exceed,MH,S,28DF,5,Fall,2022,248.85,1.3214845791949816,1.1751220547654426,5.252446183953033,14.65,8.651637734,10.549781845,2.184478887,0.8200774064442277,19.201419579,16.76,5.18,10.81,0.47918593894542083,0.4,0.32,0.05,30.9,64.5,2.4,1.9,0.3,9.71,12.9,36.3,37.4,13.3,35.4,25.3,555,5.7,5.91,6.86,0.001,9.3,6.45,115.72,0.19,123.08,145.15,821.54,854.22,347.97,427.17,121.89,<4,0,1024,10,.,.
2609,3,2304,Fall,MH,M,H,95.32506744,1.961038961,14.28169014,14.45813534,-0.176445198,0.137311407,1.146124616,0.814914345,545,Fireball,HH,S,Brand,1,Fall,2022,110.25,0.4522144522144522,0.6179425837320575,.,.,.,.,.,.,.,13.03,1.45,10.67,0.1358950328022493,0.71,0.13,0.07,11.1,81.9,5.5,1,0.5,12.28,13.8,39.4,32.1,11.2,35,24.2,79,4.1,.,.,.,.,.,.,.,.,.,.,.,.,.,.,.,.,.,.,.,.
2609,3,2304,Fall,MH,M,H,95.32506744,1.961038961,14.28169014,14.45813534,-0.176445198,0.137311407,1.146124616,0.814914345,545,Fireball,HH,S,Wean,2,Fall,2022,175.5,0.8537163162570327,0.5675948798562767,1.1550987720234918,.,.,.,.,.,.,11.44,2.93,7.89,0.3713561470215463,0.47,0.12,0.03,25.6,69,4.1,1,0.3,10.33,11.9,34.6,33.5,11.5,34.3,22.8,802,4.8,.,.,.,.,.,.,.,.,.,.,.,.,.,.,.,.,.,.,.,.
2609,3,2304,Fall,MH,M,H,95.32506744,1.961038961,14.28169014,14.45813534,-0.176445198,0.137311407,1.146124616,0.814914345,545,Fireball,HH,S,14DPW,3,Fall,2022,218.25,5.248387096774193,1.3475177304964538,0.783106960950764,.,.,.,.,.,.,12.46,2.55,9.34,0.27301927194860814,0.38,0.13,0.06,20.5,74.9,3.2,1,0.4,10.29,12.2,34.6,33.6,11.9,35.3,22.4,635,4.8,.,.,.,.,.,.,.,.,.,.,.,.,.,.,.,.,.,.,.,.
2609,3,2304,Fall,MH,M,H,95.32506744,1.961038961,14.28169014,14.45813534,-0.176445198,0.137311407,1.146124616,0.814914345,545,Fireball,HH,S,60DPW,4,Fall,2022,239.4,.,.,.,.,.,.,.,.,.,.,.,.,.,.,.,.,.,.,.,.,.,.,.,.,.,.,.,.,.,.,.,.,.,.,.,.,.,.,.,.,.,.,.,.,.,.,.,.,.,.
2609,3,2304,Fall,MH,M,H,95.32506744,1.961038961,14.28169014,14.45813534,-0.176445198,0.137311407,1.146124616,0.814914345,545,Fireball,HH,S,28DF,5,Fall,2022,288.90000000000003,.,.,.,.,.,.,.,.,.,.,.,.,.,.,.,.,.,.,.,.,.,.,.,.,.,.,.,.,.,.,.,.,.,.,.,.,.,.,.,.,.,.,.,.,.,.,.,.,.,.
2620,3,2304,Fall,MH,M,H,95.99593543,1.512987013,12.23943662,14.09280115,-1.853364533,0.12361574,1.140735797,0.372251216,8557,Enhance,HH,S,Brand,1,Fall,2022,130.5,0.838788470933073,1.5188762071992974,1.1039523551705468,.,.,.,.,.,.,8.74,2.16,5.97,0.36180904522613067,0.49,0.08,0.04,24.6,68.3,5.7,0.9,0.5,11.24,13.4,38.3,34,11.9,35.1,24.3,431,5,.,.,.,.,.,.,.,.,.,.,.,.,.,.,.,.,.,.,.,.
2620,3,2304,Fall,MH,M,H,95.99593543,1.512987013,12.23943662,14.09280115,-1.853364533,0.12361574,1.140735797,0.372251216,8557,Enhance,HH,S,Wean,2,Fall,2022,202.5,0.4216111915098891,0.8108737864077668,0.9966644429619745,.,.,.,.,.,.,10.99,3.29,6.86,0.47959183673469385,0.7,0.12,0.02,30,62.5,6.3,1,0.2,9.43,11.2,30.7,32.5,11.8,36.4,24.5,394,5.3,.,.,.,.,.,.,.,.,.,.,.,.,.,.,.,.,.,.,.,.
2620,3,2304,Fall,MH,M,H,95.99593543,1.512987013,12.23943662,14.09280115,-1.853364533,0.12361574,1.140735797,0.372251216,8557,Enhance,HH,S,14DPW,3,Fall,2022,231.75,0.9071180555555554,1.1594620557156579,1.098360655737705,.,.,.,.,.,.,11.99,3.85,7.27,0.5295735900962861,0.65,0.19,0.03,32.1,60.6,5.4,1.6,0.3,8.96,10.5,29.6,33,11.7,35.5,24,217,5.4,.,.,.,.,.,.,.,.,.,.,.,.,.,.,.,.,.,.,.,.
2620,3,2304,Fall,MH,M,H,95.99593543,1.512987013,12.23943662,14.09280115,-1.853364533,0.12361574,1.140735797,0.372251216,8557,Enhance,HH,S,60DPW,4,Fall,2022,250.65,.,.,.,.,.,.,.,.,.,.,.,.,.,.,.,.,.,.,.,.,.,.,.,.,.,.,.,.,.,.,.,.,.,.,.,.,.,.,.,.,.,.,.,.,.,.,.,.,.,.
2620,3,2304,Fall,MH,M,H,95.99593543,1.512987013,12.23943662,14.09280115,-1.853364533,0.12361574,1.140735797,0.372251216,8557,Enhance,HH,S,28DF,5,Fall,2022,299.25,.,.,.,.,.,.,.,.,.,.,.,.,.,.,.,.,.,.,.,.,.,.,.,.,.,.,.,.,.,.,.,.,.,.,.,.,.,.,.,.,.,.,.,.,.,.,.,.,.,.
2624,4,2304,Fall,MH,M,H,89.74746454,1.512987013,13.36478873,13.29787069,0.066918047,0.113206953,1.12589246,0.387094553,526,EasyExpress,MH,S,Brand,1,Fall,2022,96.75,0.5392237819983485,1.056513704958423,.,.,.,.,.,.,.,11.24,1.14,9.45,0.12063492063492064,0.5,0.13,0.02,10.2,84.1,4.4,1.1,0.2,12.68,13.4,37.7,29.8,10.6,35.6,22.3,579,4.6,.,.,.,.,.,.,.,.,.,.,.,.,.,.,.,.,.,.,.,.
2624,4,2304,Fall,MH,M,H,89.74746454,1.512987013,13.36478873,13.29787069,0.066918047,0.113206953,1.12589246,0.387094553,526,EasyExpress,MH,S,Wean,2,Fall,2022,166.5,1.0538194444444442,1.7032193158953723,1.5007295010213015,.,.,.,.,.,.,11.88,2.34,8.81,0.2656072644721907,0.54,0.16,0.03,19.7,74.1,4.7,1.3,0.2,12.13,13.3,37.3,30.7,11,35.7,24.1,448,4.7,.,.,.,.,.,.,.,.,.,.,.,.,.,.,.,.,.,.,.,.
2624,4,2304,Fall,MH,M,H,89.74746454,1.512987013,13.36478873,13.29787069,0.066918047,0.113206953,1.12589246,0.387094553,526,EasyExpress,MH,S,14DPW,3,Fall,2022,191.25,1.0522222222222222,0.9268707482993197,0.6698113207547169,.,.,.,.,.,.,11.18,1.72,8.79,0.1956769055745165,0.49,0.14,0.04,15.4,78.6,4.4,1.2,0.4,12.77,14,39.2,30.7,11,35.8,23.9,643,4.6,.,.,.,.,.,.,.,.,.,.,.,.,.,.,.,.,.,.,.,.
2624,4,2304,Fall,MH,M,H,89.74746454,1.512987013,13.36478873,13.29787069,0.066918047,0.113206953,1.12589246,0.387094553,526,EasyExpress,MH,S,60DPW,4,Fall,2022,223.20000000000002,.,.,.,.,.,.,.,.,.,.,.,.,.,.,.,.,.,.,.,.,.,.,.,.,.,.,.,.,.,.,.,.,.,.,.,.,.,.,.,.,.,.,.,.,.,.,.,.,.,.
2624,4,2304,Fall,MH,M,H,89.74746454,1.512987013,13.36478873,13.29787069,0.066918047,0.113206953,1.12589246,0.387094553,526,EasyExpress,MH,S,28DF,5,Fall,2022,270.45,.,.,.,.,.,.,.,.,.,.,.,.,.,.,.,.,.,.,.,.,.,.,.,.,.,.,.,.,.,.,.,.,.,.,.,.,.,.,.,.,.,.,.,.,.,.,.,.,.,.
2626,4,2304,Fall,MH,M,H,90.65964134,1.311688312,13.91690141,13.21143749,0.705463914,0.094251463,1.130662733,0.181025579,606,EasyExpress,MH,S,Brand,1,Fall,2022,76.5,.,.,.,.,.,.,.,.,.,10.64,1.41,7.99,0.1764705882352941,1.06,0.15,0.03,13.2,75.1,10,1.4,0.3,11.53,12.4,35.2,30.5,10.7,35.1,22.5,769,4.6,.,.,.,.,.,.,.,.,.,.,.,.,.,.,.,.,.,.,.,.
2626,4,2304,Fall,MH,M,H,90.65964134,1.311688312,13.91690141,13.21143749,0.705463914,0.094251463,1.130662733,0.181025579,606,EasyExpress,MH,S,Wean,2,Fall,2022,173.25,.,.,.,.,.,.,.,.,.,12.15,2.97,8.4,0.3535714285714286,0.64,0.13,0.01,24.4,69.1,5.4,1,0.1,10.78,12.5,35.1,32.6,11.5,35.5,24.5,649,4.7,.,.,.,.,.,.,.,.,.,.,.,.,.,.,.,.,.,.,.,.
2626,4,2304,Fall,MH,M,H,90.65964134,1.311688312,13.91690141,13.21143749,0.705463914,0.094251463,1.130662733,0.181025579,606,EasyExpress,MH,S,14DPW,3,Fall,2022,182.25,.,.,.,.,.,.,.,.,.,11.21,3.95,6.58,0.6003039513677811,0.47,0.17,0.04,35.3,58.7,4.2,1.4,0.4,11.19,12.9,36,32.2,11.5,35.8,23.8,1028,4.6,.,.,.,.,.,.,.,.,.,.,.,.,.,.,.,.,.,.,.,.
2626,4,2304,Fall,MH,M,H,90.65964134,1.311688312,13.91690141,13.21143749,0.705463914,0.094251463,1.130662733,0.181025579,606,EasyExpress,MH,S,60DPW,4,Fall,2022,223.65,.,.,.,.,.,.,.,.,.,.,.,.,.,.,.,.,.,.,.,.,.,.,.,.,.,.,.,.,.,.,.,.,.,.,.,.,.,.,.,.,.,.,.,.,.,.,.,.,.,.
2626,4,2304,Fall,MH,M,H,90.65964134,1.311688312,13.91690141,13.21143749,0.705463914,0.094251463,1.130662733,0.181025579,606,EasyExpress,MH,S,28DF,5,Fall,2022,280.8,.,.,.,.,.,.,.,.,.,.,.,.,.,.,.,.,.,.,.,.,.,.,.,.,.,.,.,.,.,.,.,.,.,.,.,.,.,.,.,.,.,.,.,.,.,.,.,.,.,.
2634,3,2304,Fall,MH,M,H,85.37134459,1.38961039,11.4,12.61703986,-1.217039861,0.121895648,1.105492774,0.284117616,541,EasyExpress,MH,S,Brand,1,Fall,2022,94.5,0.7423312883435583,0.9561365600691444,.,.,.,.,.,.,.,9.31,1.75,6.99,0.2503576537911302,0.41,0.11,0.05,18.8,75.1,4.4,1.2,0.5,10.36,12.3,34.6,33.5,11.8,35.4,25,734,4.2,.,.,.,.,.,.,.,.,.,.,.,.,.,.,.,.,.,.,.,.
2634,3,2304,Fall,MH,M,H,85.37134459,1.38961039,11.4,12.61703986,-1.217039861,0.121895648,1.105492774,0.284117616,541,EasyExpress,MH,S,Wean,2,Fall,2022,148.5,2.023529411764706,1.1520249221183798,0.6683046683046684,.,.,.,.,.,.,10.55,3.07,6.6,0.46515151515151515,0.7,0.14,0.04,29.1,62.5,6.7,1.4,0.3,10.8,12.6,35.8,33.2,11.7,35.2,25.1,812,4.3,.,.,.,.,.,.,.,.,.,.,.,.,.,.,.,.,.,.,.,.
2634,3,2304,Fall,MH,M,H,85.37134459,1.38961039,11.4,12.61703986,-1.217039861,0.121895648,1.105492774,0.284117616,541,EasyExpress,MH,S,14DPW,3,Fall,2022,180,1.06651376146789,0.9192634560906517,0.5033707865168539,.,.,.,.,.,.,12.66,3.4,8.5,0.39999999999999997,0.53,0.18,0.05,26.9,67.1,4.2,1.4,0.4,10.16,12.1,34.2,33.7,11.9,35.5,24.9,766,4.4,.,.,.,.,.,.,.,.,.,.,.,.,.,.,.,.,.,.,.,.
2634,3,2304,Fall,MH,M,H,85.37134459,1.38961039,11.4,12.61703986,-1.217039861,0.121895648,1.105492774,0.284117616,541,EasyExpress,MH,S,60DPW,4,Fall,2022,203.85,.,.,.,.,.,.,.,.,.,.,.,.,.,.,.,.,.,.,.,.,.,.,.,.,.,.,.,.,.,.,.,.,.,.,.,.,.,.,.,.,.,.,.,.,.,.,.,.,.,.
2634,3,2304,Fall,MH,M,H,85.37134459,1.38961039,11.4,12.61703986,-1.217039861,0.121895648,1.105492774,0.284117616,541,EasyExpress,MH,S,28DF,5,Fall,2022,278.55,.,.,.,.,.,.,.,.,.,.,.,.,.,.,.,.,.,.,.,.,.,.,.,.,.,.,.,.,.,.,.,.,.,.,.,.,.,.,.,.,.,.,.,.,.,.,.,.,.,.
3505,3,2404,Fall,MH,M,H,101.3813322,1.779220779,7.199395082,10.95135624,-3.751961157,0.24713476,1.149778427,0.629442353,1555,NewAddition,MH,S,Brand,1,Fall,2023,87.75,.,.,.,5.817,.,.,.,.,.,11.72,2.55,8.61,0.2961672473867596,0.44,0.09,0.03,21.8,73.4,3.7,0.8,0.3,13.32,14.5,42.5,31.9,10.9,34.2,25.1,768,4.7,7.46,17.88,0.0005,17.48,12.88,187.96,1.66,209.16,264.81,3004.13,1417.6,239.45,957.95,119.83,.,.,.,.,.,.
3505,3,2404,Fall,MH,M,H,101.3813322,1.779220779,7.199395082,10.95135624,-3.751961157,0.24713476,1.149778427,0.629442353,1555,NewAddition,MH,S,Wean,2,Fall,2023,148.5,.,.,.,3.766,.,.,.,.,.,10.73,2.06,8.14,0.25307125307125306,0.36,0.15,0.02,19.2,75.9,3.4,1.4,0.1,10.79,12.9,36.5,33.8,11.9,35.3,22.9,934,4.8,10.01,23.75,12.5,49.87,37.74,404.44,2.46,527.13,378.66,2766.22,1320.63,688.59,2509.53,342.5,.,.,.,.,.,.
3505,3,2404,Fall,MH,M,H,101.3813322,1.779220779,7.199395082,10.95135624,-3.751961157,0.24713476,1.149778427,0.629442353,1555,NewAddition,MH,S,14DPW,3,Fall,2023,177.75,.,.,.,31.19,.,.,.,.,.,13.87,1.98,10.83,0.18282548476454294,0.87,0.13,0.06,14.3,78.1,6.3,0.9,0.4,9.38,11.4,31.7,33.8,12.2,36,22.8,964,4.8,6.8,7.48,3.48,20.93,12.88,197.89,3.43,261.54,212.75,1888.19,840.82,298.99,657.81,337.38,.,.,.,.,.,.
3505,3,2404,Fall,MH,M,H,101.3813322,1.779220779,7.199395082,10.95135624,-3.751961157,0.24713476,1.149778427,0.629442353,1555,NewAddition,MH,S,60DPW,4,Fall,2023,254.70000000000002,.,.,.,51.35,.,.,.,.,.,10.84,4.38,5.84,0.75,0.4,0.17,0.05,40.4,53.9,3.8,1.5,0.4,8.51,11.6,32.5,38.2,13.7,35.8,21.5,942,5.4,52.3,42.12,1519.79,254.97,488.76,642.37,128.73,555.45,419.54,2975.29,1766.94,270.86,5895.68,700.16,.,.,.,.,.,.
3505,3,2404,Fall,MH,M,H,101.3813322,1.779220779,7.199395082,10.95135624,-3.751961157,0.24713476,1.149778427,0.629442353,1555,NewAddition,MH,S,28DF,5,Fall,2023,304.2,.,.,.,11.19,.,.,.,.,.,13.73,4,8.9,0.449438202247191,0.61,0.17,0.05,29.1,64.9,4.5,1.2,0.3,7.75,10.6,29.7,38.3,13.7,35.8,25.9,526,6.1,3.95,2.28,27.15,0.0005,10.68,154.3,0.44,57.07,299.87,1568.49,1243,187.47,214.78,496.96,.,.,.,.,.,.
3509,3,2404,Fall,MH,M,H,100.5379157,1.694805195,9.509260714,10.70868823,-1.199427511,0.178226809,1.58463056,0.110174635,1602,Apache,MH,S,Brand,1,Fall,2023,153,.,.,.,8.301,.,.,.,.,.,12.87,4.75,7.27,0.6533700137551582,0.69,0.11,0.05,36.9,56.5,5.4,0.8,0.4,11.29,14.8,43.6,38.7,13.1,34,22.1,511,5.3,9.01,8.56,5.4,0.0005,28.59,156.36,3.43,104.58,196.63,2945.45,1257.31,220.76,323.51,240.96,.,.,.,.,.,.
3509,3,2404,Fall,MH,M,H,100.5379157,1.694805195,9.509260714,10.70868823,-1.199427511,0.178226809,1.58463056,0.110174635,1602,Apache,MH,S,Wean,2,Fall,2023,191.25,.,.,.,45.77,.,.,.,.,.,11.72,2.78,8.2,0.33902439024390246,0.59,0.12,0.03,23.8,70,4.9,1,0.3,9.67,12.5,35.4,36.6,12.9,35.3,22.5,233,5.4,15.04,6.96,79.87,51.81,27.45,166.16,11,129.81,507.83,3483.83,1031.49,173.46,504.1,130.25,.,.,.,.,.,.
3509,3,2404,Fall,MH,M,H,100.5379157,1.694805195,9.509260714,10.70868823,-1.199427511,0.178226809,1.58463056,0.110174635,1602,Apache,MH,S,14DPW,3,Fall,2023,202.5,.,.,.,27.330000000000002,.,.,.,.,.,10.29,2.54,7.01,0.362339514978602,0.57,0.15,0.02,24.7,68.1,5.5,1.5,0.2,10.06,12.9,37,36.8,12.8,34.8,22.7,483,5.2,20.91,4.21,10.78,13.56,12.88,159.45,4.59,105.74,225.51,3423.95,1471.58,209.38,440.14,138.27,.,.,.,.,.,.
3509,3,2404,Fall,MH,M,H,100.5379157,1.694805195,9.509260714,10.70868823,-1.199427511,0.178226809,1.58463056,0.110174635,1602,Apache,MH,S,60DPW,4,Fall,2023,255.6,.,.,.,21.39,.,.,.,.,.,12.68,6.08,6.02,1.009966777408638,0.47,0.09,0.02,48,47.5,3.7,0.7,0.1,8.4,11.6,31.4,37.3,13.8,37,22.8,308,5.9,15.19,6.85,48.38,24.07,46.99,149.67,15.07,152.38,288.23,3193.37,968.58,137.16,675.76,122.48,.,.,.,.,.,.
3509,3,2404,Fall,MH,M,H,100.5379157,1.694805195,9.509260714,10.70868823,-1.199427511,0.178226809,1.58463056,0.110174635,1602,Apache,MH,S,28DF,5,Fall,2023,312.75,.,.,.,34.94,.,.,.,.,.,16.72,4.03,12.03,0.3349958437240233,0.48,0.14,0.04,24.1,72,2.9,0.8,0.2,8.2,12.4,34.9,42.5,15.1,35.5,29,191,6.5,26.67,2.28,17.53,0.0005,33.15,364.75,3.14,118.07,280.1,4322.43,1793.2,388.33,228.76,130.43,.,.,.,.,.,.
3517,3,2404,Fall,MH,M,H,103.2705399,1.935064935,10.12999437,11.43528534,-1.305290977,0.191023298,1.657573357,0.277491578,1551,NewAddition,MH,S,Brand,1,Fall,2023,123.75,0.7532439446366781,0.795062647314229,0.6682302231237323,15.73,8.1389995,5.003951900000001,1.2981216,1.626514335599429,13.142951400000001,9.96,2.93,6.55,0.4473282442748092,0.4,0.05,0.03,29.5,65.7,4,0.5,0.3,12.4,14.4,42.5,34.3,11.6,33.8,22.8,518,4.6,35.15,9.81,0.001,104.79,0.001,391.54,11.92,206.79,288.43,3753.5,2215.27,373.19,285.22,140.38,4,2,32,5,4,2
3517,3,2404,Fall,MH,M,H,103.2705399,1.935064935,10.12999437,11.43528534,-1.305290977,0.191023298,1.657573357,0.277491578,1551,NewAddition,MH,S,Wean,2,Fall,2023,207,1.1703082909308593,0.5267040424904101,0.45634563456345634,19.580000000000002,9.53313,8.3254304,3.6999077000000002,1.1450615213839275,17.858560400000002,9.69,2.23,7.04,0.31676136363636365,0.28,0.11,0.03,23,72.6,2.9,1.1,0.4,10.12,12.7,36.6,36.2,12.6,34.7,21.3,474,4.9,3.02,33.42,3.33,96.46,24.19,182.96,0.77,191.96,642.02,2057.96,1468.52,178.25,1374.06,127.98,<2,0,1024,10,4,2
3517,3,2404,Fall,MH,M,H,103.2705399,1.935064935,10.12999437,11.43528534,-1.305290977,0.191023298,1.657573357,0.277491578,1551,NewAddition,MH,S,14DPW,3,Fall,2023,225,1.9090909090909094,1.172566371681416,0.7302516091281451,24.01,11.0986677,11.7252485,5.1549318,0.9465614055002758,22.8239162,9.59,2.7,6.48,0.4166666666666667,0.24,0.14,0.03,28.1,67.6,2.6,1.4,0.3,9.93,12.7,35.5,35.7,12.7,35.6,20.6,565,5.2,4.44,22.51,0.001,84.57,21.56,182.96,1.05,152.78,348.75,2228.01,1235.71,128.51,1007.61,126.62,<2,0,2048,11,32,5
3517,3,2404,Fall,MH,M,H,103.2705399,1.935064935,10.12999437,11.43528534,-1.305290977,0.191023298,1.657573357,0.277491578,1551,NewAddition,MH,S,60DPW,4,Fall,2023,273.6,1.0479619981612016,0.9641652613827996,0.800305937978028,22.080000000000002,12.151886300000001,12.974148300000001,7.6094266,0.9366230459998672,25.126034600000004,12.61,4.34,7.23,0.6002766251728907,0.77,0.23,0.04,34.4,57.3,6.2,1.8,0.3,8.96,11.7,32.9,36.8,13.1,35.7,21.8,146,6.1,5.41,49.8,21.24,78.2,46.93,320.23,3.52,201.93,290.77,1578.31,1225.31,286.38,2312.01,125.94,2,1,2048,11,16,4
3517,3,2404,Fall,MH,M,H,103.2705399,1.935064935,10.12999437,11.43528534,-1.305290977,0.191023298,1.657573357,0.277491578,1551,NewAddition,MH,S,28DF,5,Fall,2023,322.65000000000003,0.9519497890729498,0.8544341894060995,0.9529527882875475,23.39,7.9458762,11.0928169,7.795829299999999,0.7163082444820665,19.0386931,9.3,3.05,5.31,0.5743879472693032,0.78,0.15,0.01,32.8,57.1,8.4,1.6,0.1,8.14,11.1,32.1,39.5,13.7,34.6,23.9,371,6,14.47,52.15,205.55,102.06,21.56,419.09,31.99,267.24,230.06,1821.44,1533.26,371.9,3109.81,124.46,<2,0,1024,10,16,4
3546,3,2404,Fall,ML,M,L,101.3813322,1.811688312,10.87582183,11.00960072,-0.133778888,0.16657944,1.821976293,-0.010287982,4096,Profound,ML,S,Brand,1,Fall,2023,128.25,1,1.0375830815709968,0.9585767392458842,6.2010000000000005,9.4457814,5.8516443,0.7243345,1.6142097700641167,15.2974257,9.19,2.28,6.53,0.3491577335375191,0.25,0.09,0.04,24.8,71,2.7,1,0.5,10.61,13,38.9,36.7,12.3,33.5,27.6,680,4.1,14.05,19.47,0.001,20.26,66.28,189.95,5.12,88.23,443.74,2018.55,1553.69,145.96,1007.61,334.08,32,5,128,7,16,4
3546,3,2404,Fall,ML,M,L,101.3813322,1.811688312,10.87582183,11.00960072,-0.133778888,0.16657944,1.821976293,-0.010287982,4096,Profound,ML,S,Wean,2,Fall,2023,195.75,1.1227665706051875,0.8239277652370204,1.0771704180064308,15.33,12.935647099999999,7.117307599999999,1.7798852,1.8174916452957577,20.052954699999997,10.18,2.82,7.15,0.39440559440559436,0.13,0.07,0.01,27.7,70.2,1.3,0.7,0.1,9.55,12.2,34.2,35.8,12.8,35.7,23.2,846,4.4,14.56,34.82,0.001,90.64,26.79,212.81,10.27,190.27,629.41,2389.56,1318.28,134.77,1332.31,295.05,<2,0,64,6,<4,0
3546,3,2404,Fall,ML,M,L,101.3813322,1.811688312,10.87582183,11.00960072,-0.133778888,0.16657944,1.821976293,-0.010287982,4096,Profound,ML,S,14DPW,3,Fall,2023,193.5,1.0487405953549227,0.9271786709112615,2.3544048419636856,14,14.714696199999999,9.8185322,2.1373721,1.4986655744735449,24.5332284,8.46,1.66,6.4,0.25937499999999997,0.31,0.07,0.02,19.6,75.7,3.7,0.8,0.2,9.87,12.6,36.1,36.6,12.8,34.9,22.2,662,4.5,18.32,33.96,84.16,78.2,26.79,162.49,29.38,175.87,542.64,2813.67,1458.79,143.48,1374.06,245.08,2,1,512,9,<4,0
3546,3,2404,Fall,ML,M,L,101.3813322,1.811688312,10.87582183,11.00960072,-0.133778888,0.16657944,1.821976293,-0.010287982,4096,Profound,ML,S,60DPW,4,Fall,2023,243.45000000000002,1.115589804386485,1.0046174142480213,0.8953292065278561,31.93,21.5850295,11.3678227,2.6850953,1.8987830888671409,32.9528522,13.2,5.12,7.07,0.7241867043847242,0.77,0.22,0.02,38.8,53.5,5.9,1.6,0.2,9.84,12.9,36.3,36.9,13.1,35.5,20.8,690,4.9,7.93,25.11,0.001,74.89,0.001,132.31,6.01,147.24,380.94,2158.27,1361.92,132.15,1175.5,170.23,<2,0,512,9,<4,0
3546,3,2404,Fall,ML,M,L,101.3813322,1.811688312,10.87582183,11.00960072,-0.133778888,0.16657944,1.821976293,-0.010287982,4096,Profound,ML,S,28DF,5,Fall,2023,286.65000000000003,1.1103357472021067,1.7874545454545456,0.9984928409947249,18.07,15.9313286,11.062511,2.0102801,1.4401186674526245,26.9938396,7.81,1.15,5.76,0.19965277777777776,0.73,0.15,0.02,14.7,73.7,9.4,2,0.2,9.13,12.3,34.3,37.6,13.5,35.8,23,269,5.4,11.09,16.85,0.001,172.8,4.82,161.56,3.75,107.89,343.37,1871.83,1263.3,163.45,593.18,165.93,<2,0,512,9,256,8
3553,3,2404,Fall,ML,M,L,107.5200531,2.175324675,10.85924789,12.32596434,-1.46671645,0.200320013,1.727847296,0.447477379,580,Profound,ML,S,Brand,1,Fall,2023,121.5,1.8393087438741293,1.3407039711191335,0.8598981638636013,20.150000000000002,8.109825,5.5494496,0.9298468000000001,1.4613746559658818,13.6592746,13.47,5.17,7.56,0.6838624338624338,0.58,0.12,0.04,38.4,56.1,4.3,0.9,0.3,11.8,12.5,36.7,31.1,10.6,33.9,27.5,567,4.9,15.23,3.32,0.001,43.59,10.66,229.66,3.29,39.88,288.43,4991.28,1080.99,227,374.81,237.67,<2,0,16,4,<4,0
3553,3,2404,Fall,ML,M,L,107.5200531,2.175324675,10.85924789,12.32596434,-1.46671645,0.200320013,1.727847296,0.447477379,580,Profound,ML,S,Wean,2,Fall,2023,220.5,1.8085106382978724,0.7435203094777563,0.743927125506073,18.580000000000002,11.646649400000001,15.233198400000001,3.1285511,0.7645570611093728,26.8798478,14.22,3.13,9.81,0.31906218144750254,0.99,0.26,0.03,22.1,69,6.9,1.8,0.2,10.73,12.7,34.8,32.4,11.8,36.5,23.1,578,5.1,47.91,90.43,1242.6,601.93,753.21,377.59,100.99,358.6,351.43,1623.04,1020.43,117.14,7952.81,163.4,<2,0,512,9,8,3
3553,3,2404,Fall,ML,M,L,107.5200531,2.175324675,10.85924789,12.32596434,-1.46671645,0.200320013,1.727847296,0.447477379,580,Profound,ML,S,14DPW,3,Fall,2023,238.5,0.9556295063782584,0.7107142857142856,0.41911764705882354,35.04,13.2721866,17.750659,4.246209599999999,0.7477010628168791,31.022845599999997,16.42,3.08,11.92,0.25838926174496646,1.13,0.25,0.04,18.8,72.6,6.9,1.5,0.2,11,13,35.6,32.4,11.8,36.5,22.4,86,4.2,39.04,93.47,1000.97,534.68,431.74,431.7,88.01,390.93,319.64,2094.05,1142.31,140.5,7378.14,165.71,32,5,1024,10,32,5
3553,3,2404,Fall,ML,M,L,107.5200531,2.175324675,10.85924789,12.32596434,-1.46671645,0.200320013,1.727847296,0.447477379,580,Profound,ML,S,60DPW,4,Fall,2023,278.1,1.2100909842845327,0.9309286262471222,0.6434091884929154,26.47,12.7635471,15.0266076,6.6998179,0.8493964466071504,27.790154700000002,19.43,8.53,9.2,0.9271739130434783,1.3,0.34,0.06,44,47.4,6.6,1.7,0.3,10.26,12.3,33.4,32.5,12,37,22.3,364,5.2,11.68,63.62,129.76,104.79,51.83,266.76,23.33,261.03,369.51,1818.84,1120.82,118.67,3661.74,165.16,4,2,256,8,4,2
3553,3,2404,Fall,ML,M,L,107.5200531,2.175324675,10.85924789,12.32596434,-1.46671645,0.200320013,1.727847296,0.447477379,580,Profound,ML,S,28DF,5,Fall,2023,334.35,1.1268314017056633,1.2532120687166164,0.8968306010928961,26.12,11.5816709,15.1954707,2.4391866,0.7621791472376043,26.7771416,13.24,4.51,7.86,0.5737913486005088,0.65,0.19,0.03,34,59.4,5,1.4,0.2,9.52,11.4,31.8,33.4,12,35.9,25.2,161,5.5,4.97,134.39,154.01,71.48,31.93,588.29,15.95,578.83,403.05,2280.2,1684.35,168.23,7424.74,291.95,8,3,512,9,16,4
3554,4,2404,Fall,MH,M,H,109.6352542,2.12987013,11.53988451,12.47322337,-0.933338863,0.184565983,1.820905311,0.308964819,670,NewAddition,MH,S,Brand,1,Fall,2023,123.75,1.8863431151241534,0.9928145543494878,1.5644808743169398,12.790000000000001,11.1862351,2.963332,1.2478387,3.7748841844248298,14.149567099999999,14.37,3.77,9.43,0.3997879109225875,0.96,0.11,0.1,26.3,65.6,6.7,0.7,0.7,11.42,13.8,40.6,35.5,12,33.9,21.1,634,4.9,14.22,1.26,0.001,27.28,26.79,122.11,0.77,69.77,107.08,1672.71,894.89,196.88,0.001,271,8,3,256,8,16,4
3554,4,2404,Fall,MH,M,H,109.6352542,2.12987013,11.53988451,12.47322337,-0.933338863,0.184565983,1.820905311,0.308964819,670,NewAddition,MH,S,Wean,2,Fall,2023,204.75,0.8882113821138212,0.6527299557304475,0.5570890840652446,16.65,9.900319699999999,9.4820765,1.3914969,1.0441088194131316,19.3823962,14.74,2.53,11.15,0.22690582959641253,0.83,0.16,0.07,17.2,75.7,5.6,1,0.5,10.74,13.8,38.5,35.8,12.8,35.8,20.3,610,5.1,10.49,13.01,0.001,43.59,21.56,138.34,1.83,134.57,567.25,2363.25,1462.04,202.47,636.21,322.74,<2,0,8,3,8,3
3554,4,2404,Fall,MH,M,H,109.6352542,2.12987013,11.53988451,12.47322337,-0.933338863,0.184565983,1.820905311,0.308964819,670,NewAddition,MH,S,14DPW,3,Fall,2023,220.5,1.0284956925115971,1.2042118698149331,1.3303730017761992,9.454,8.986941300000002,15.711148699999999,5.2964635,0.5720104539523582,24.69809,12.77,4.06,7.6,0.5342105263157895,0.92,0.13,0.06,31.8,59.5,7.2,1,0.5,11.25,14,39.4,35,12.4,35.4,20.1,972,5,6.71,10.47,0.001,125.2,46.93,91.96,6.01,95.63,418.36,1563.98,1396.07,227.49,679.08,505.06,4,2,1024,10,128,7
3554,4,2404,Fall,MH,M,H,109.6352542,2.12987013,11.53988451,12.47322337,-0.933338863,0.184565983,1.820905311,0.308964819,670,NewAddition,MH,S,60DPW,4,Fall,2023,272.7,0.8936660268714012,0.759488913942127,1.0332710280373834,48.26,9.7320235,16.867816100000002,2.350191,0.5769581220416553,26.599839600000003,14.39,6.46,6.9,0.936231884057971,0.73,0.2,0.1,44.8,48,5.1,1.4,0.7,8.76,11.6,31.9,36.4,13.3,36.5,21.1,789,5.3,1.01,7.37,0.001,81.42,31.93,98.46,1.31,75.18,251.48,1238.15,1010.82,245.85,341.42,255.16,4,2,1024,10,32,5
3554,4,2404,Fall,MH,M,H,109.6352542,2.12987013,11.53988451,12.47322337,-0.933338863,0.184565983,1.820905311,0.308964819,670,NewAddition,MH,S,28DF,5,Fall,2023,321.3,0.9144045761830474,1.1582690453230475,0.9043833261710358,12.01,8.6668339,17.5580798,2.058842,0.4936094378611948,26.224913700000002,13.44,5.29,7.08,0.7471751412429378,0.75,0.23,0.09,39.3,52.7,5.6,1.7,0.7,8.58,11.4,32.4,37.8,13.3,35.2,21.4,689,5.3,3.55,5.35,0.001,71.48,18.9,75.71,2.57,51.94,305.78,1174.63,1017.23,196.15,352.57,495.31,4,2,256,8,16,4
3557,4,2404,Fall,ML,M,L,104.8014118,2.214285714,11.46364437,12.10178229,-0.638137923,0.193157223,1.878699784,0.33558593,593,Econ,ML,S,Brand,1,Fall,2023,108,0.31158572264482154,0.6718547341115436,0.7700892857142856,26.26,11.7250746,9.5516597,0.7010255,1.227543167183814,21.2767343,.,.,.,.,.,.,.,.,.,.,.,.,.,.,.,.,.,.,.,.,.,18.15,5.35,0.001,27.28,16.2,218.89,3.75,67.88,221.22,3113.9,1621.98,212.42,216.64,385.62,4,2,64,6,8,3
3557,4,2404,Fall,ML,M,L,104.8014118,2.214285714,11.46364437,12.10178229,-0.638137923,0.193157223,1.878699784,0.33558593,593,Econ,ML,S,Wean,2,Fall,2023,193.5,1.8370786516853934,0.7328699106256206,0.9065743944636679,29.060000000000002,14.1784471,11.260391,1.1271322,1.2591434080752613,25.438838099999998,14.52,3.89,9.78,0.3977505112474438,0.69,0.12,0.04,26.8,67.3,4.8,0.8,0.3,11.69,13.6,38.7,33.1,11.6,35.1,23.7,616,5,14.22,11.03,13,107.48,26.79,168.07,5.57,91.25,874.71,4019.28,1514.54,228.21,806.93,253.23,<2,0,128,7,8,3
3557,4,2404,Fall,ML,M,L,104.8014118,2.214285714,11.46364437,12.10178229,-0.638137923,0.193157223,1.878699784,0.33558593,593,Econ,ML,S,14DPW,3,Fall,2023,218.25,1.786836935166994,1.4808702175543884,1.1346704871060174,36.15,11.036498400000001,12.2664861,1.426395,0.8997277875690904,23.3029845,12.81,3.09,8.79,0.3515358361774744,0.72,0.18,0.03,24.1,68.7,5.6,1.4,0.2,11.28,13.3,37.6,33.3,11.8,35.5,23.2,678,5,15.14,21.42,49.75,110.12,16.2,175.51,8.81,183.82,343.99,2343.46,1325.99,185.44,1133.6,236.38,4,2,128,7,64,6
3557,4,2404,Fall,ML,M,L,104.8014118,2.214285714,11.46364437,12.10178229,-0.638137923,0.193157223,1.878699784,0.33558593,593,Econ,ML,S,60DPW,4,Fall,2023,257.85,1.6347909658817874,0.7956600361663653,1.0827586206896553,49.870000000000005,9.6653588,11.5068685,2.9204977000000003,0.8399643047976085,21.1722273,14.3,5.86,7.03,0.833570412517781,1,0.39,0.02,41,49.2,7,2.7,0.1,10.48,13,36.5,34.8,12.4,35.6,22.3,235,5.8,10.15,27.93,3.33,93.58,175.11,190.88,9.86,170.88,509.29,1919.22,1723.7,151.15,1499.19,152.33,<2,0,128,7,16,4
3557,4,2404,Fall,ML,M,L,104.8014118,2.214285714,11.46364437,12.10178229,-0.638137923,0.193157223,1.878699784,0.33558593,593,Econ,ML,S,28DF,5,Fall,2023,319.5,1.0143908969210174,0.84559051057246,1.7630586968228326,53.870000000000005,8.6160087,11.6001465,1.4441266000000001,0.7427499902695195,20.2161552,12.78,2.77,9.11,0.30406147091108676,0.72,0.13,0.05,21.7,71.3,5.7,1,0.3,8.46,11.9,32.5,38.5,14,36.5,29.2,553,5.9,5.32,13.01,0.001,90.64,10.66,189.48,3.75,79.45,273.06,1524.19,1175.28,206.6,806.93,209.01,8,3,128,7,16,4
3570,4,2404,Fall,ML,M,L,98.58430381,1.116883117,8.186423239,9.460614273,-1.274191033,0.136431148,1.371754557,-0.25487144,7509,Econ,ML,S,Brand,1,Fall,2023,144,0.8622620380739081,0.7814504193389245,0.8341995841995843,11.81,8.4848842,6.2747758,2.5571359,1.3522210944971134,14.75966,15.38,5.96,8.16,0.7303921568627451,1,0.12,0.14,38.8,53,6.6,0.7,0.9,11.71,13.1,36.6,31.3,11.2,35.7,25.1,575,4.8,19.82,4.23,0.001,43.59,56.68,202.07,1.83,73.41,487.4,9860.44,1221.33,225.18,352.57,161.08,16,4,64,6,4,2
3570,4,2404,Fall,ML,M,L,98.58430381,1.116883117,8.186423239,9.460614273,-1.274191033,0.136431148,1.371754557,-0.25487144,7509,Econ,ML,S,Wean,2,Fall,2023,180,1.257478005865103,1.024188609920392,0.7948294829482949,29.98,12.0035184,12.592322300000001,2.9451207999999998,0.953241039581714,24.595840700000004,13.41,3.35,8.91,0.3759820426487093,0.99,0.12,0.04,25,66.4,7.4,0.9,0.3,10.59,12.9,35.1,33.2,12.1,36.6,22.7,338,5.3,8.18,18.27,93.02,67.97,10.66,276.66,7.75,122.69,885.64,3172.55,1336.09,338.64,1144.08,178.78,<2,0,256,8,<4,0
3570,4,2404,Fall,ML,M,L,98.58430381,1.116883117,8.186423239,9.460614273,-1.274191033,0.136431148,1.371754557,-0.25487144,7509,Econ,ML,S,14DPW,3,Fall,2023,186.75,1.3291925465838512,1.453906461205731,0.7209573847051957,32.43,12.151886300000001,11.5223824,4.809896,1.0546331373275721,23.6742687,10.31,3.03,6.37,0.4756671899529042,0.67,0.16,0.08,29.3,61.8,6.6,1.6,0.7,10.4,12.5,34.8,33.5,12,35.8,22.1,461,5.3,9.64,26.09,87.13,107.48,0.001,142.06,3.99,134.02,388.27,2928.89,1114.13,221.53,849.34,139.93,<2,0,512,9,32,5
3570,4,2404,Fall,ML,M,L,98.58430381,1.116883117,8.186423239,9.460614273,-1.274191033,0.136431148,1.371754557,-0.25487144,7509,Econ,ML,S,60DPW,4,Fall,2023,243.9,1.3480128893662726,0.679685518640629,0.7395746455379483,21.28,13.037130300000001,12.1216863,3.1233065,1.0755211756304897,25.1588166,14.13,6.19,6.43,0.9626749611197513,0.88,0.52,0.11,43.8,45.5,6.3,3.7,0.7,9.88,12.1,33.3,33.7,12.3,36.5,20.9,569,5.5,4,24.46,0.001,71.48,4.82,158.77,2.33,148.76,566.87,2313.4,1276.03,183.49,1081.16,126.39,4,2,1024,10,8,3
3570,4,2404,Fall,ML,M,L,98.58430381,1.116883117,8.186423239,9.460614273,-1.274191033,0.136431148,1.371754557,-0.25487144,7509,Econ,ML,S,28DF,5,Fall,2023,307.8,0.9856604563533599,0.6221552373775433,1.03600782778865,32.96,15.5542755,16.3607509,1.456909,0.9507067001429622,31.9150264,9.72,2.38,5.91,0.40270727580372245,1.24,0.16,0.03,24.5,60.8,12.7,1.7,0.3,8.43,10.8,29.7,35.2,12.8,36.5,25.3,438,6,6.71,36.54,0.001,56.63,0.001,252.65,1.83,162.49,538.39,1783.67,1399.37,237.58,2051.21,205.66,<2,0,512,9,64,6
3571,4,2404,Fall,MH,M,H,108.0014697,2.11038961,9.318976056,12.26155021,-2.942574152,0.226461534,1.439079772,0.671309838,542,Apache,MH,S,Brand,1,Fall,2023,130.5,0.8629268292682926,1.1218855218855222,0.9173734610123118,24.68,15.430969300000001,3.2195167000000002,1.4213636,4.79294587911285,18.650486,13.51,3.45,9.45,0.3650793650793651,0.49,0.1,0.02,25.5,70,3.7,0.7,0.1,11.05,12.1,35.8,32.4,11,33.9,22.5,541,5.3,1.1,16.19,0.001,154.48,21.56,36,1.31,92.73,334.66,2478.7,1379.98,282.81,614.71,249.58,2,1,16,4,<4,0
3571,4,2404,Fall,MH,M,H,108.0014697,2.11038961,9.318976056,12.26155021,-2.942574152,0.226461534,1.439079772,0.671309838,542,Apache,MH,S,Wean,2,Fall,2023,209.25,1.0801770782095423,0.5501730103806228,0.575353218210361,28.72,15.1020433,10.5695096,3.0202228,1.4288310311010077,25.671552900000002,13.29,4.27,8.05,0.5304347826086956,0.85,0.11,0.01,32.2,60.6,6.3,0.8,0.1,10.38,13.4,38.7,37.3,12.9,34.5,21.8,461,5.3,10.24,34.82,0.001,152.35,4.82,52.88,2.33,117.92,711.22,2520.03,1251.51,142.99,1290.54,216.47,<2,0,256,8,32,5
3571,4,2404,Fall,MH,M,H,108.0014697,2.11038961,9.318976056,12.26155021,-2.942574152,0.226461534,1.439079772,0.671309838,542,Apache,MH,S,14DPW,3,Fall,2023,218.25,1.2124505928853757,0.7347699958557812,0.7823821339950371,31.63,17.4551498,14.0081092,4.5038257999999995,1.2460746522450012,31.463259,11.77,3.99,6.96,0.5732758620689655,0.7,0.11,0.01,33.9,59.1,6,0.9,0.1,10.05,12.7,36.5,36.4,12.6,34.7,21.6,679,5.6,14.81,30.95,0.001,90.64,0.001,58.01,13.55,164.38,495.63,2160.73,1379.51,177.15,1363.62,272.71,16,4,1024,10,32,5
3571,4,2404,Fall,MH,M,H,108.0014697,2.11038961,9.318976056,12.26155021,-2.942574152,0.226461534,1.439079772,0.671309838,542,Apache,MH,S,60DPW,4,Fall,2023,265.5,0.9103637193730029,0.84466949500479,0.8576894775570274,34.53,8.728115599999999,14.239751,3.7942213,0.6129401841366466,22.9678666,14.43,8.53,4.88,1.747950819672131,0.8,0.19,0.03,59.1,33.9,5.5,1.3,0.2,8.77,11.6,33.5,38.2,13.2,34.5,22.3,636,6.4,5.41,9.81,0.001,136.93,0.001,13.17,7.32,0.001,304.52,740.61,955.17,144.72,721.82,121.84,8,3,128,7,8,3
3571,4,2404,Fall,MH,M,H,108.0014697,2.11038961,9.318976056,12.26155021,-2.942574152,0.226461534,1.439079772,0.671309838,542,Apache,MH,S,28DF,5,Fall,2023,331.2,1.1064581676826577,1.2630554654557247,1.0297281993204985,40.76,12.440107300000001,11.062511,2.5614483999999997,1.12452835527124,23.5026183,10.36,3.29,5.91,0.55668358714044,0.95,0.18,0.03,31.7,57,9.2,1.8,0.3,8.05,11.1,31.8,39.6,13.8,34.9,23,428,6.3,1.19,93.79,0.001,160.73,0.001,125.35,1.83,246.92,648.41,1151.17,1443.91,224.69,7343.22,194.59,4,2,128,7,8,3
3581,4,2404,Fall,MH,M,H,107.4282733,2.058441558,11.81390704,12.10635638,-0.292449342,0.174238848,1.903759188,0.15468237,526,Apache,MH,S,Brand,1,Fall,2023,123.75,.,.,.,9.63,.,.,.,.,.,10.65,1.49,8.34,0.17865707434052758,0.74,0.07,0.01,14,78.3,6.9,0.7,0.1,11.82,12.7,37.4,31.6,10.8,34.1,23.6,508,5,9.94,1.01,0.0005,0.0005,45.83,79.64,6.88,64.64,398.69,2613,821.48,268.6,179.9,181.3,.,.,.,.,.,.
3581,4,2404,Fall,MH,M,H,107.4282733,2.058441558,11.81390704,12.10635638,-0.292449342,0.174238848,1.903759188,0.15468237,526,Apache,MH,S,Wean,2,Fall,2023,200.25,.,.,.,19.03,.,.,.,.,.,9.95,2.51,7.11,0.35302390998593525,0.24,0.08,0.01,25.2,71.4,2.4,0.9,0.1,11.46,13.3,37.9,33,11.6,35.1,25.4,424,5.2,11.76,6.18,0.0005,0.0005,3.13,115.06,0.44,148.49,433.6,3026.19,1012.68,207.99,468.54,110.27,.,.,.,.,.,.
3581,4,2404,Fall,MH,M,H,107.4282733,2.058441558,11.81390704,12.10635638,-0.292449342,0.174238848,1.903759188,0.15468237,526,Apache,MH,S,14DPW,3,Fall,2023,229.5,.,.,.,16.15,.,.,.,.,.,11.2,3.5,7.22,0.4847645429362881,0.35,0.1,0.03,31.2,64.5,3.1,0.9,0.3,11.92,13.6,39.2,32.9,11.4,34.7,24.3,613,5.2,6.58,6.41,0.0005,24.07,4.19,97.25,2.46,129.81,721.11,2523.68,1105.95,151.26,397.63,115.21,.,.,.,.,.,.
3581,4,2404,Fall,MH,M,H,107.4282733,2.058441558,11.81390704,12.10635638,-0.292449342,0.174238848,1.903759188,0.15468237,526,Apache,MH,S,60DPW,4,Fall,2023,269.1,.,.,.,28.51,.,.,.,.,.,8.25,2.17,5.49,0.39526411657559196,0.43,0.13,0.03,26.3,66.5,5.3,1.5,0.4,9.2,11.7,32,34.8,12.7,36.4,25.7,583,5.4,8.72,33.37,30.27,37.15,30.87,285.98,4.78,398.81,442.18,3073.4,1216.2,282.94,1990.03,143.83,.,.,.,.,.,.
3581,4,2404,Fall,MH,M,H,107.4282733,2.058441558,11.81390704,12.10635638,-0.292449342,0.174238848,1.903759188,0.15468237,526,Apache,MH,S,28DF,5,Fall,2023,310.5,.,.,.,20.77,.,.,.,.,.,8.59,2.22,5.86,0.37883959044368604,0.37,0.12,0.02,25.8,68.2,4.3,1.4,0.3,8.68,11.3,32.3,37.2,13,35,26.1,368,6,14.52,5.29,0.0005,24.07,0.0005,152.24,3.04,163.32,299.04,3343.77,1204.53,283.48,546.87,97.87,.,.,.,.,.,.
3584,3,2404,Fall,MH,M,H,111.6123433,1.974025974,11.07861094,12.40751159,-1.328900654,0.178183527,1.707226049,0.266799925,7501,Apache,MH,S,Brand,1,Fall,2023,155.25,0.9015003261578605,0.7521141649048626,2.8596014492753623,5.011,11.2744285,3.3348251,0.6025012,3.3808155336242374,14.6092536,17.07,4.51,12.04,0.3745847176079734,0.38,0.09,0.05,26.5,70.5,2.3,0.5,0.2,8.93,12.6,34.1,38.2,14.2,37.1,23.9,370,5.4,6.45,8.92,0.001,48.19,0.001,130.92,1.31,59.84,267.04,3403.47,1569.52,320.34,319.03,153.44,64,6,64,6,16,4
3584,3,2404,Fall,MH,M,H,111.6123433,1.974025974,11.07861094,12.40751159,-1.328900654,0.178183527,1.707226049,0.266799925,7501,Apache,MH,S,Wean,2,Fall,2023,236.25,1.1826923076923077,0.6886171213546566,0.5324110671936759,11.19,9.198156,9.8185322,1.7374112,0.9368157900424262,19.0166882,13.14,2.97,9.44,0.31461864406779666,0.59,0.13,0.01,22.6,71.9,4.5,0.9,0.1,10.29,14,38.5,37.4,13.6,36.3,21,426,5.6,8.1,28.57,0.001,60.56,0.001,153.66,4.44,138.35,964.92,2701.91,2019.81,275.07,954.97,124.91,8,3,256,8,<4,0
3584,3,2404,Fall,MH,M,H,111.6123433,1.974025974,11.07861094,12.40751159,-1.328900654,0.178183527,1.707226049,0.266799925,7501,Apache,MH,S,14DPW,3,Fall,2023,231.75,0.446969696969697,2.4022988505747125,0.966,23.14,10.9130944,12.1216863,2.7816155,0.9002950686819869,23.0347807,12.51,2.93,8.99,0.3259176863181313,0.47,0.1,0.02,23.4,71.9,3.8,0.8,0.1,9.48,12.7,35.6,37.5,13.4,35.8,20.6,431,5.6,5.32,40.61,0.001,145.87,4.82,167.14,4.67,178.99,578.35,2143.5,1206.89,202.34,2197.19,155.21,<2,0,1024,10,8,3
3584,3,2404,Fall,MH,M,H,111.6123433,1.974025974,11.07861094,12.40751159,-1.328900654,0.178183527,1.707226049,0.266799925,7501,Apache,MH,S,60DPW,4,Fall,2023,272.7,0.99346041463754,0.7787759685569904,0.6110142038375281,31.07,13.7096164,14.275639400000001,3.0507896,0.96035042745616,27.9852558,15.24,5.83,8.63,0.675550405561993,0.63,0.13,0.02,38.2,56.7,4.1,0.9,0.1,9.22,13,35.7,38.8,14.1,36.4,21.9,548,5.8,4.53,15.75,21.24,112.72,10.66,129.99,6.45,140.48,293.52,2318.82,1906.36,270.16,954.97,95.42,<2,0,512,9,4,2
3584,3,2404,Fall,MH,M,H,111.6123433,1.974025974,11.07861094,12.40751159,-1.328900654,0.178183527,1.707226049,0.266799925,7501,Apache,MH,S,28DF,5,Fall,2023,332.1,.,.,.,25.240000000000002,11.2870791,13.674548699999999,3.6079601,0.8254077957249149,24.9616278,11.8,2.82,7.98,0.3533834586466165,0.64,0.33,0.03,23.9,67.6,5.5,2.8,0.2,8.44,12.3,33.8,40,14.5,36.4,24.2,316,6.3,3.73,40.4,13,96.46,4.82,164.81,1.83,168.58,381.15,1725.85,1979.93,287.36,1624.2,164.83,<2,0,512,9,256,8
3599,3,2404,Fall,MH,M,H,100.8779077,1.779220779,9.927792254,10.89690081,-0.96910856,0.179216157,1.656109385,0.123111394,6012,Apache,MH,S,Brand,1,Fall,2023,117,0.8191251031717958,0.8426809401908306,0.9442900162149641,36.18,7.7842215,5.230866099999999,0.8914638,1.4881324337474442,13.0150876,11.93,3.17,8.31,0.38146811070998793,0.19,0.23,0.03,26.6,69.6,1.6,1.9,0.3,10.63,14,40.7,38.2,13.2,34.5,21.2,536,5.6,12.79,16.63,0.001,33.28,36.99,223.1,2.33,116.7,407.29,2874.22,1770.47,123.73,997.09,302.64,16,4,32,5,8,3
3599,3,2404,Fall,MH,M,H,100.8779077,1.779220779,9.927792254,10.89690081,-0.96910856,0.179216157,1.656109385,0.123111394,6012,Apache,MH,S,Wean,2,Fall,2023,177.75,1.938799076212471,0.9128058302967206,1.2055439330543931,33.07,12.3846954,12.840459800000001,3.081662,0.9645056012713812,25.225155200000003,12.76,2.82,9.14,0.30853391684901527,0.61,0.16,0.03,22.1,71.7,4.7,1.2,0.3,9.75,13.4,37.5,38.4,13.8,35.9,20.1,697,5.5,10.49,82.22,49.75,64.33,0.001,285.16,2.57,333.17,612.97,2032.34,1705.38,197.12,3704.44,294.73,<2,0,2048,11,<4,0
3599,3,2404,Fall,MH,M,H,100.8779077,1.779220779,9.927792254,10.89690081,-0.96910856,0.179216157,1.656109385,0.123111394,6012,Apache,MH,S,14DPW,3,Fall,2023,177.75,0.48007008322382827,1.0922155688622757,1.093081761006289,34.89,13.3913653,14.7116454,2.6760747,0.9102561226768013,28.1030107,8.52,1.21,6.77,0.17872968980797638,0.39,0.13,0.02,14.2,79.4,4.5,1.6,0.3,9.74,13.1,37.2,38.1,13.5,35.4,19.3,705,5.5,5.32,50.01,56.29,74.89,41.99,220.76,2.81,266.21,277.77,1966.87,994.74,272.98,2667.82,205.12,<2,0,2048,11,<4,0
3599,3,2404,Fall,MH,M,H,100.8779077,1.779220779,9.927792254,10.89690081,-0.96910856,0.179216157,1.656109385,0.123111394,6012,Apache,MH,S,60DPW,4,Fall,2023,243,0.9672651933701655,0.9781158259941287,0.6973094170403589,43.550000000000004,12.4957644,20.4679939,1.8233006999999999,0.6105026443260764,32.9637583,13.22,4.24,8.02,0.5286783042394015,0.67,0.25,0.04,32.1,60.7,5,1.9,0.3,9.88,13.6,37.7,38.1,13.7,36,20,850,5.7,3.2,12.13,0.001,52.52,16.2,190.41,4.67,122.69,448.12,3727.8,1595.61,287.85,700.47,228.97,16,4,512,9,<4,0
3599,3,2404,Fall,MH,M,H,100.8779077,1.779220779,9.927792254,10.89690081,-0.96910856,0.179216157,1.656109385,0.123111394,6012,Apache,MH,S,28DF,5,Fall,2023,296.55,0.34659736884846515,1.3216090559935316,1.0054392167527877,5.554,12.9790404,15.4038958,1.6870688,0.8425816798890576,28.382936200000003,8.11,1.64,5.99,0.2737896494156928,0.32,0.14,0.02,20.2,73.9,3.8,1.8,0.3,9.66,13.8,38.6,40,14.3,35.7,23.2,90,5.7,6.28,11.14,0.001,96.46,4.82,175.51,2.33,132.92,249.74,2428.29,1849.07,260.62,657.66,243.79,16,4,1024,10,256,8
3603,4,2404,Fall,MH,M,H,107.1642605,2.071428571,10.87029718,12.10109592,-1.230798735,0.190558596,1.735147511,0.336281061,7519,NewAddition,MH,S,Brand,1,Fall,2023,137.25,1.0102092904543134,0.8661045531197302,0.9186108637577917,5.987,9.1238026,3.884929,0.7897108,2.3485120577493177,13.008731599999999,11.16,2.28,8.55,0.2666666666666666,0.21,0.09,0.03,20.4,76.6,1.9,0.8,0.3,12.12,14.5,41.9,34.6,12,34.7,25.6,701,4.6,3.37,3.66,0.001,38.66,36.99,176.44,2.33,45.59,447.72,2897.25,1209.88,260.74,216.64,155.1,8,3,64,6,4,2
3603,4,2404,Fall,MH,M,H,107.1642605,2.071428571,10.87029718,12.10109592,-1.230798735,0.190558596,1.735147511,0.336281061,7519,NewAddition,MH,S,Wean,2,Fall,2023,240.75,4.004354136429607,0.9523316062176167,4.800295857988167,18.46,13.8174865,14.1860447,2.4227694,0.9740196645510358,28.003531199999998,12.55,2.22,9.56,0.23221757322175732,0.58,0.13,0.06,17.7,76.2,4.6,1,0.5,10.29,14.1,39.4,38.3,13.7,35.8,23.2,614,4.8,11.26,19.9,43.02,125.2,4.82,94.74,8.17,145.7,993.11,2605.74,1903.84,169.58,1112.63,145.42,<2,0,512,9,<4,0
3603,4,2404,Fall,MH,M,H,107.1642605,2.071428571,10.87029718,12.10109592,-1.230798735,0.190558596,1.735147511,0.336281061,7519,NewAddition,MH,S,14DPW,3,Fall,2023,218.25,1.3341836734693875,1.2141438220103298,0.9742612011439468,3.7,13.242565599999999,17.053653100000002,4.296496299999999,0.7765236880536756,30.2962187,8.62,2.29,5.46,0.4194139194139194,0.69,0.17,0.01,26.6,63.3,8,2,0.1,9.24,12.3,36.1,39.1,13.3,34.1,20.8,444,5.9,4.35,33.64,0.001,117.82,71.03,103.56,4.22,201.93,257.12,1294.72,1075.25,133.02,2082.48,129.34,<2,0,512,9,<4,0
3603,4,2404,Fall,MH,M,H,107.1642605,2.071428571,10.87029718,12.10109592,-1.230798735,0.190558596,1.735147511,0.336281061,7519,NewAddition,MH,S,60DPW,4,Fall,2023,281.25,1.25071283095723,0.8815192743764172,0.8615099583140344,30.560000000000002,11.9500001,17.6007111,2.1373721,0.6789498465206897,29.550711200000002,13.32,4.3,7.94,0.5415617128463476,0.75,0.27,0.06,32.3,59.7,5.6,2,0.4,8.83,12,33.5,38,13.5,35.7,20.4,840,5.1,12.53,11.36,137.94,145.87,24.19,76.17,17.13,97.76,274.34,1805.84,996.35,146.46,976.04,57,<2,0,1024,10,<4,0
3603,4,2404,Fall,MH,M,H,107.1642605,2.071428571,10.87029718,12.10109592,-1.230798735,0.190558596,1.735147511,0.336281061,7519,NewAddition,MH,S,28DF,5,Fall,2023,330.3,0.8843128181397502,1.255430060816681,1.934329710144928,13.43,9.6321646,17.1994318,2.5614483999999997,0.5600280702296223,26.8315964,10.46,2.49,6.72,0.37053571428571436,0.98,0.24,0.03,23.8,64.2,9.4,2.3,0.3,9.14,12,34.7,38,13.1,34.6,22.2,288,6.2,20.56,8.92,215.55,71.48,51.83,138.34,36.06,101.23,401.84,1798.03,1498.5,231.62,806.93,91.63,<2,0,512,9,<4,0
3607,4,2404,Fall,MH,M,H,110.3979432,1.922077922,11.41944718,12.18295877,-0.763511582,0.168316197,1.787566245,0.134511677,5702,NewAddition,MH,S,Brand,1,Fall,2023,146.25,0.8967830083219476,0.9429539678057046,1.0039509536784743,12.450000000000001,8.6363124,3.3059138999999997,1.0085586,2.6123827362836036,11.9422263,18.25,3.94,13.62,0.28928046989721,0.37,0.21,0.11,21.6,74.6,2.1,1.1,0.6,12.44,14.7,41.6,33.4,11.8,35.4,24.8,502,4.7,17.24,2.87,0.001,64.33,0.001,291.78,0.77,65.95,303.25,5942.26,1059.55,175.44,239.67,209.55,8,3,64,6,8,3
3607,4,2404,Fall,MH,M,H,110.3979432,1.922077922,11.41944718,12.18295877,-0.763511582,0.168316197,1.787566245,0.134511677,5702,NewAddition,MH,S,Wean,2,Fall,2023,220.5,1.428975265017668,0.741336012054244,0.829153605015674,10.35,9.0920787,9.4820765,1.959432,0.9588700006797035,18.5741552,16.99,3.9,12.18,0.32019704433497537,0.72,0.13,0.06,23,71.7,4.3,0.7,0.3,11.23,13.9,37.9,33.8,12.4,36.6,22.5,525,5,2.66,38.15,43.02,143.67,10.66,191.35,2.81,206.79,504.62,2030.46,1188.86,247.68,1707.51,201.97,<2,0,256,8,<4,0
3607,4,2404,Fall,MH,M,H,110.3979432,1.922077922,11.41944718,12.18295877,-0.763511582,0.168316197,1.787566245,0.134511677,5702,NewAddition,MH,S,14DPW,3,Fall,2023,218.25,0.7447960033305581,1.85207100591716,0.7176820208023773,14.46,10.4079535,12.526701300000001,2.7909824,0.8308614734830468,22.9346548,12.75,1.51,10.43,0.14477468839884947,0.62,0.17,0.02,11.8,81.8,4.9,1.3,0.2,11.35,13.6,38.2,33.7,12,35.6,22,447,5,2.11,40.83,0.001,107.48,31.93,148.55,0.18,229.67,433.98,1741.68,1006.54,132.27,1811.63,177.58,<2,0,512,9,<4,0
3607,4,2404,Fall,MH,M,H,110.3979432,1.922077922,11.41944718,12.18295877,-0.763511582,0.168316197,1.787566245,0.134511677,5702,NewAddition,MH,S,60DPW,4,Fall,2023,267.3,0.9171133481500849,1.1255383633753389,0.8572659391154509,11.98,10.8152561,11.5845677,2.1556072000000004,0.9335916868093403,22.3998238,17.7,6.03,10.58,0.5699432892249527,0.72,0.32,0.05,34.1,59.8,4.1,1.8,0.2,8.98,11.3,30.6,34.1,12.6,37.1,22.3,686,5.3,7.06,30.95,254.75,231.57,63.89,183.89,10.69,178.1,312.94,1545.5,860.46,119.94,1582.54,204.57,<2,0,128,7,<4,0
3607,4,2404,Fall,MH,M,H,110.3979432,1.922077922,11.41944718,12.18295877,-0.763511582,0.168316197,1.787566245,0.134511677,5702,NewAddition,MH,S,28DF,5,Fall,2023,333.90000000000003,1.5624631703005303,0.7472924187725632,0.6247666459240822,11.700000000000001,11.843647,10.364278,2.4598581,1.1427372943875107,22.207925000000003,14.07,3.15,9.63,0.32710280373831774,0.96,0.29,0.04,22.4,68.5,6.7,2.1,0.3,8.66,11,31.2,36.1,12.8,35.4,23.4,664,5.6,12.87,74.3,115.91,236.43,41.99,357.44,9.86,364.75,371.35,2054.22,1203.39,182.52,5091.86,228.21,4,2,256,8,32,5
3610,4,2404,Fall,ML,M,L,101.1238706,1.350649351,9.551011268,10.15467947,-0.603668202,0.141414277,1.583568661,-0.23291931,7558,Powerball,ML,S,Brand,1,Fall,2023,121.5,1.1845478175136683,0.9822027340727365,0.8516288951841359,9.633000000000001,9.198156,2.963332,0.7587971,3.103991047914983,12.161488,14.34,2.37,11.32,0.20936395759717316,0.53,0.04,0.08,16.5,79,3.7,0.2,0.6,10.65,13.3,37.8,35.5,12.5,35.1,24.2,425,4.6,11.52,2.87,0.001,48.19,0.001,188.55,1.31,50.73,427.18,3653.22,1022.56,231.01,122.21,130.02,4,2,16,4,<4,0
3610,4,2404,Fall,ML,M,L,101.1238706,1.350649351,9.551011268,10.15467947,-0.603668202,0.141414277,1.583568661,-0.23291931,7558,Powerball,ML,S,Wean,2,Fall,2023,193.5,1.1985898942420683,0.6734348561759728,0.6608187134502923,23.3,11.817199800000001,5.8742472999999995,1.813917,2.011696000609304,17.6914471,14.84,3.44,11.04,0.3115942028985507,0.25,0.08,0.03,23.2,74.4,1.7,0.5,0.2,9.63,14,38.4,39.9,14.5,36.4,21.8,591,4.8,6.89,34.82,0.001,64.33,0.001,165.74,0.77,179.88,464.17,1856.37,1223.82,172.02,1697.1,222.29,<2,0,1024,10,<4,0
3610,4,2404,Fall,ML,M,L,101.1238706,1.350649351,9.551011268,10.15467947,-0.603668202,0.141414277,1.583568661,-0.23291931,7558,Powerball,ML,S,14DPW,3,Fall,2023,204.75,0.42330424992963694,2.8092550790067716,0.7551342812006319,26.28,11.4399048,8.338459799999999,2.5700944,1.371944588615754,19.7783646,11,1.57,8.91,0.17620650953984288,0.39,0.11,0.02,14.3,81,3.5,1,0.2,8.84,12.5,35.5,40.1,14.2,35.3,21.3,619,4.9,4.97,17.07,0.001,143.67,0.001,148.09,0.18,139.42,264.89,1633.15,1189.87,144.85,1018.13,197.63,<2,0,1024,10,8,3
3610,4,2404,Fall,ML,M,L,101.1238706,1.350649351,9.551011268,10.15467947,-0.603668202,0.141414277,1.583568661,-0.23291931,7558,Powerball,ML,S,60DPW,4,Fall,2023,260.1,1.018539711604486,1.090951932139491,1.4070109151973134,18.89,14.2422714,9.989119800000001,4.1965248,1.4257784154315576,24.2313912,14.35,3.5,9.63,0.3634475597092419,0.99,0.16,0.07,24.4,67.1,6.9,1.1,0.5,7.26,11.1,30.3,41.8,15.3,36.6,21.9,502,5.4,1.75,19.25,0.001,96.46,0.001,112.37,1.31,150.78,282.89,1522.12,923.84,222.14,1039.15,93.76,<2,0,1024,10,4,2
3610,4,2404,Fall,ML,M,L,101.1238706,1.350649351,9.551011268,10.15467947,-0.603668202,0.141414277,1.583568661,-0.23291931,7558,Powerball,ML,S,28DF,5,Fall,2023,313.65000000000003,0.39348370927318294,2.8731481481481476,1.3545089448703906,12.85,11.8304164,11.0322547,2.0274999,1.0723480124149056,22.8626711,8.95,2.02,5.96,0.3389261744966443,0.73,0.22,0.02,22.6,66.5,8.2,2.5,0.2,7.14,10.6,29.9,41.9,14.9,35.5,21.7,362,6.3,1.19,4.68,0.001,56.63,0.001,313.58,0.77,77.77,377.07,2715.85,1231.26,245.37,374.81,141.5,<2,0,512,9,<4,0
3623,3,2404,Fall,MH,M,H,108.8707925,1.980519481,11.47027394,12.12260694,-0.652332992,0.172665404,1.819522327,0.160997153,556,Carlo,HL,S,Brand,1,Fall,2023,119.25,0.5713385164950621,1.0042586140147116,1.095746866652969,7.884,.,.,.,.,.,10.28,2.75,7.13,0.3856942496493689,0.25,0.09,0.06,26.8,69.4,2.4,0.9,0.5,14.46,14,39.9,27.6,9.7,35.1,23.8,624,4.7,17.67,1.68,0.0005,0.0005,15.09,256,2.26,71.79,403.84,4650.59,1545.91,167.93,152.07,292.73,.,.,.,.,.,.
3623,3,2404,Fall,MH,M,H,108.8707925,1.980519481,11.47027394,12.12260694,-0.652332992,0.172665404,1.819522327,0.160997153,556,Carlo,HL,S,Wean,2,Fall,2023,209.25,0.9549891540130153,0.7370095440084835,0.7626764244641925,16.46,.,.,.,.,.,12.04,2.68,8.71,0.30769230769230765,0.45,0.17,0.03,22.2,72.3,3.8,1.4,0.3,12.11,12.4,34.2,28.2,10.3,36.4,26.1,505,4.7,9.31,2.31,79.87,55.55,4.19,186.4,1.96,86.41,1030.62,2959.69,1166.44,153.42,319.99,229.36,.,.,.,.,.,.
3623,3,2404,Fall,MH,M,H,108.8707925,1.980519481,11.47027394,12.12260694,-0.652332992,0.172665404,1.819522327,0.160997153,556,Carlo,HL,S,14DPW,3,Fall,2023,216,0.6053268765133173,1.7695743562795587,0.9198873816227284,32.52,.,.,.,.,.,10.44,2.43,7.34,0.3310626702997275,0.39,0.26,0.02,23.2,70.4,3.7,2.5,0.2,11.6,12,32.4,27.9,10.4,37.1,24.5,808,4.9,8.79,12.68,72.85,43.79,0.08,171.07,11.56,172.56,1139.99,2560.5,1236.22,155.84,885.23,355.1,.,.,.,.,.,.
3623,3,2404,Fall,MH,M,H,108.8707925,1.980519481,11.47027394,12.12260694,-0.652332992,0.172665404,1.819522327,0.160997153,556,Carlo,HL,S,60DPW,4,Fall,2023,277.65000000000003,0.8838377334191886,0.8964561761703368,0.6617959285625077,47.46,.,.,.,.,.,14.08,7.61,5.37,1.4171322160148976,0.89,0.19,0.02,54.1,38.2,6.2,1.4,0.1,10,11,30.3,30.3,11,36.3,26.5,682,5,3.09,10.23,20.79,43.79,12.88,298.91,4.21,167.97,673.8,2359.64,1088.03,160.51,675.76,298.91,.,.,.,.,.,.
3623,3,2404,Fall,MH,M,H,108.8707925,1.980519481,11.47027394,12.12260694,-0.652332992,0.172665404,1.819522327,0.160997153,556,Carlo,HL,S,28DF,5,Fall,2023,331.65000000000003,0.39676318118599063,0.7995508982035928,0.7526734302166164,22.09,.,.,.,.,.,10.77,4.42,5.17,0.8549323017408124,0.86,0.31,0.01,41.1,48.1,7.9,2.8,0.1,8.76,10.2,28.7,32.7,11.7,35.6,27.5,560,5.3,12.65,4.92,0.0005,62.61,19.55,349.42,1.66,91.43,411.73,2836.55,915.76,259.78,383.49,270.69,.,.,.,.,.,.
3660,3,2404,Fall,ML,M,L,90.47745155,0.75974026,7.065403125,7.943006779,-0.877603654,0.107529641,1.287092926,-0.527352667,7531,Entirety,HH,S,Brand,1,Fall,2023,119.25,0.9216552832462838,0.979370733155239,0.9877671730071246,7.038,.,.,.,.,.,11.08,4.4,5.7,0.7719298245614036,0.81,0.11,0.06,39.7,51.5,7.3,1,0.5,10.23,13.1,38.2,37.3,12.8,34.3,31.2,636,5,19.44,0.97,0.0005,0.0005,100.2,220.21,5.55,64.64,196.83,3692.07,1548.12,195.71,145.12,461.4,.,.,.,.,.,.
3660,3,2404,Fall,ML,M,L,90.47745155,0.75974026,7.065403125,7.943006779,-0.877603654,0.107529641,1.287092926,-0.527352667,7531,Entirety,HH,S,Wean,2,Fall,2023,222.75,0.9825447864033073,0.6130801687763713,0.752913752913753,13.17,.,.,.,.,.,9.16,2.26,6.23,0.362760834670947,0.54,0.09,0.04,24.6,68,6,1,0.4,11.07,13.7,37.9,34.2,12.4,36.2,23,518,5.4,10.2,12.91,135.42,110.68,6.33,238.98,12.67,233.61,319.17,2239.51,1233.42,278.2,1089.47,356.6,.,.,.,.,.,.
3660,3,2404,Fall,ML,M,L,90.47745155,0.75974026,7.065403125,7.943006779,-0.877603654,0.107529641,1.287092926,-0.527352667,7531,Entirety,HH,S,14DPW,3,Fall,2023,225,0.7605956471935853,1.0905534627644162,0.6711880261927035,37.910000000000004,.,.,.,.,.,5.83,0.65,4.5,0.14444444444444446,0.52,0.14,0.02,11,77.1,9.1,2.4,0.4,11.35,13.7,38.6,34,12.1,35.6,23.2,499,5.3,10.42,19.03,0.0005,72.41,36.59,192.4,2.06,268.32,151.12,2600.32,996.33,250.74,1751.29,308.08,.,.,.,.,.,.
3660,3,2404,Fall,ML,M,L,90.47745155,0.75974026,7.065403125,7.943006779,-0.877603654,0.107529641,1.287092926,-0.527352667,7531,Entirety,HH,S,60DPW,4,Fall,2023,261,1.1560417270356418,0.9523431294678316,1.149080797157423,54.910000000000004,.,.,.,.,.,11.3,5.36,4.82,1.112033195020747,0.84,0.23,0.05,47.4,42.6,7.5,2.1,0.4,10.59,12.8,36.3,34.2,12.1,35.3,20.9,457,5.6,8.49,8.38,328.95,34.78,10.68,157.9,4.78,193,286.68,2326.41,1178.64,207.11,733.33,177.62,.,.,.,.,.,.
3660,3,2404,Fall,ML,M,L,90.47745155,0.75974026,7.065403125,7.943006779,-0.877603654,0.107529641,1.287092926,-0.527352667,7531,Entirety,HH,S,28DF,5,Fall,2023,304.65000000000003,0.46667965705378023,0.8886414253897552,1.036156194761369,26.47,.,.,.,.,.,7.78,2.04,4.61,0.4425162689804772,0.95,0.16,0.02,26.3,59.2,12.1,2.1,0.3,8.83,11,30.2,34.2,12.4,36.3,21.5,242,6.1,25.27,20.7,79.87,24.07,7.41,380.14,1.66,436.88,228.06,2225.36,1510.77,354.49,1630.92,250.82,.,.,.,.,.,.
3662,3,2404,Fall,ML,M,L,89.77182926,1.701298701,9.522893284,9.555769551,-0.032876267,0.178653551,1.746891862,-0.04559316,1529,Powerball,ML,S,Brand,1,Fall,2023,78.75,0.6352479135984291,0.6951366559485529,0.8624019312009656,14.74,12.5236856,2.2571165,0.6587386,5.5485330952124094,14.7808021,9.67,2.64,6.6,0.4,0.3,0.09,0.04,27.3,68.3,3,1,0.4,11.98,14.5,42,35.1,12.1,34.6,25.3,541,4.7,7.84,1.49,0.001,84.57,41.99,351.7,2.81,61.93,305.15,2833.87,1746.28,221.65,262.52,149.54,2,1,64,6,4,2
3662,3,2404,Fall,ML,M,L,89.77182926,1.701298701,9.522893284,9.555769551,-0.032876267,0.178653551,1.746891862,-0.04559316,1529,Powerball,ML,S,Wean,2,Fall,2023,144,1.0229357798165137,0.7227802330253114,0.6524280575539569,22.18,13.4213351,10.525338199999998,2.6137494,1.2751452585153038,23.9466733,11.03,3.57,6.94,0.5144092219020172,0.38,0.1,0.04,32.4,62.9,3.5,0.9,0.3,10.97,13.6,37.5,34.1,12.4,36.4,23.4,504,4.8,8.79,8.48,0.001,27.28,16.2,220.3,0.77,98.46,578.73,1798.03,1670.72,280.96,506.56,92.82,<2,0,512,9,16,4
3662,3,2404,Fall,ML,M,L,89.77182926,1.701298701,9.522893284,9.555769551,-0.032876267,0.178653551,1.746891862,-0.04559316,1529,Powerball,ML,S,14DPW,3,Fall,2023,159.75,0.5314960629921259,1.0164909434982428,0.8761882680268954,25.97,15.0338427,14.0258281,3.7878588,1.0718684553106708,29.0596708,10.12,2.67,6.87,0.38864628820960695,0.45,0.1,0.03,26.3,67.9,4.5,1,0.3,11.27,13.5,38.2,33.9,12,35.3,22.6,789,4.4,5.32,19.47,127.01,56.63,0.001,172.72,6.88,154.75,339.85,1248.5,1493.9,139.51,954.97,90.68,8,3,512,9,128,7
3662,3,2404,Fall,ML,M,L,89.77182926,1.701298701,9.522893284,9.555769551,-0.032876267,0.178653551,1.746891862,-0.04559316,1529,Powerball,ML,S,60DPW,4,Fall,2023,213.3,1.4498018494055485,1.1416666666666668,1.2421052631578946,24.19,14.1784471,10.6581718,3.1708233,1.3302888493503173,24.836618899999998,9.17,4.51,4.04,1.1163366336633662,0.37,0.23,0.02,49.2,44.1,4,2.5,0.2,10.78,13.8,38.3,35.5,12.8,36.2,22.6,391,5,11.85,8.26,429.25,48.19,31.93,149.48,20.26,111.73,423.77,1762.06,1452.28,107.16,506.56,83.75,4,2,1024,10,32,5
3662,3,2404,Fall,ML,M,L,89.77182926,1.701298701,9.522893284,9.555769551,-0.032876267,0.178653551,1.746891862,-0.04559316,1529,Powerball,ML,S,28DF,5,Fall,2023,256.05,1.5349165959852984,1.2759041040227548,1.0610588452315073,28.87,13.3316365,15.045297,4.296496299999999,0.8860999221218432,28.3769335,8.88,2.95,5.42,0.5442804428044281,0.36,0.13,0.02,33.2,61.1,4,1.5,0.2,8.9,12.1,33.2,37.3,13.7,36.6,25.1,462,5.5,41.95,23.6,1717.76,71.48,61.5,321.19,53.61,137.82,328.83,1341.82,1647.3,223.84,1196.43,130.81,<2,0,1024,10,8,3
3677,4,2404,Fall,ML,M,L,96.96221907,1.538961039,8.768721127,10.04233161,-1.273610486,0.175505757,1.50229364,0.036667399,1543,Powerball,ML,S,Brand,1,Fall,2023,76.5,.,.,.,.,.,.,.,.,.,10.41,2.24,6.98,0.3209169054441261,1.01,0.13,0.05,21.5,67,9.7,1.3,0.5,9.64,12.1,35.6,36.9,12.6,34,29.3,543,4.7,.,.,.,.,.,.,.,.,.,.,.,.,.,.,.,.,.,.,.,.
3677,4,2404,Fall,ML,M,L,96.96221907,1.538961039,8.768721127,10.04233161,-1.273610486,0.175505757,1.50229364,0.036667399,1543,Powerball,ML,S,Wean,2,Fall,2023,162,.,.,.,.,.,.,.,.,.,13.35,2.89,9.26,0.3120950323974082,0.96,0.18,0.06,21.7,69.4,7.2,1.3,0.4,10.16,12.3,35,34.4,12.1,35.1,24,478,4.7,.,.,.,.,.,.,.,.,.,.,.,.,.,.,.,.,.,.,.,.
3677,4,2404,Fall,ML,M,L,96.96221907,1.538961039,8.768721127,10.04233161,-1.273610486,0.175505757,1.50229364,0.036667399,1543,Powerball,ML,S,14DPW,3,Fall,2023,164.25,.,.,.,.,.,.,.,.,.,10.03,1.5,7.95,0.18867924528301885,0.44,0.12,0.02,15,79.2,4.4,1.2,0.2,9.82,11.8,34.3,35,12,34.4,22.6,714,4.8,.,.,.,.,.,.,.,.,.,.,.,.,.,.,.,.,.,.,.,.
3677,4,2404,Fall,ML,M,L,96.96221907,1.538961039,8.768721127,10.04233161,-1.273610486,0.175505757,1.50229364,0.036667399,1543,Powerball,ML,S,60DPW,4,Fall,2023,218.70000000000002,.,.,.,.,.,.,.,.,.,14.63,7.02,6.78,1.0353982300884954,0.55,0.23,0.05,48,46.4,3.7,1.6,0.3,8.79,11.3,31.8,36.1,12.9,35.6,22.2,69,5.2,.,.,.,.,.,.,.,.,.,.,.,.,.,.,.,.,.,.,.,.
3677,4,2404,Fall,ML,M,L,96.96221907,1.538961039,8.768721127,10.04233161,-1.273610486,0.175505757,1.50229364,0.036667399,1543,Powerball,ML,S,28DF,5,Fall,2023,268.2,.,.,.,.,.,.,.,.,.,7.15,2.1,4.58,0.4585152838427948,0.32,0.13,0.02,29.3,64.1,4.6,1.8,0.2,9.79,13.9,38.5,39.3,14.2,36.1,28.7,66,5.5,.,.,.,.,.,.,.,.,.,.,.,.,.,.,.,.,.,.,.,.
2002,1,2209,Spring,HH,H,H,82.49038069,1.844155844,14.29552239,12.72552054,1.570001852,0.12900234,1.852236887,-0.008081043,115,Magnitude,HH,S,Brand,1,Spring,2022,138.15,1.2797319932998323,0.8775020016012809,0.8445121951219513,37.18,10.149480301999999,0.8379508880000001,1.326590855,12.112261526716107,10.987431189999999,12.09,2.71,8.72,0.31077981651376146,0.51,0.12,0.03,22.5,72.1,4.2,0.9,0.3,11.5,13.3,37.6,32.7,11.5,35.3,22.6,599,5.1,1.11,7.8,0.001,0.001,34.41,87.42,0.87,20.43,222.92,1636.01,519.48,61.12,537.89,76.68,<4,0,<8,0,.,.
2002,1,2209,Spring,HH,H,H,82.49038069,1.844155844,14.29552239,12.72552054,1.570001852,0.12900234,1.852236887,-0.008081043,115,Magnitude,HH,S,Wean,2,Spring,2022,220.5,1.0007674597083656,1.213913043478261,0.8999999999999999,16.39,10.698105801,5.29960787,2.422624451,2.0186598826603372,15.997713671,13.39,2.58,9.97,0.25877632898696085,0.61,0.19,0.04,19.3,74.5,4.5,1.4,0.3,9.52,12.3,34.1,35.9,12.9,36,24.7,449,5.8,2.11,7.56,0.001,0.001,30.68,74.83,0.35,17.64,170.76,1333.13,488.35,46.53,201.73,87.09,<4,0,512,9,.,.
2002,1,2209,Spring,HH,H,H,82.49038069,1.844155844,14.29552239,12.72552054,1.570001852,0.12900234,1.852236887,-0.008081043,115,Magnitude,HH,S,14DPW,3,Spring,2022,.,1.282142857142857,1.1931623931623934,0.8326463314097278,17.3,11.241220428,8.480627721000001,2.633846394,1.3255174967961547,19.721848149000003,14.5,4.78,9.05,0.5281767955801104,0.33,0.27,0.07,32.9,62.5,2.2,1.9,0.5,9.6,12.3,34.6,36.1,12.8,35.4,23.4,306,6.7,2.09,7.25,0.001,20.28,38.18,64.57,0.35,27.18,214.95,828.99,562.39,50.6,283.99,128.96,32,5,128,7,.,.
2002,1,2209,Spring,HH,H,H,82.49038069,1.844155844,14.29552239,12.72552054,1.570001852,0.12900234,1.852236887,-0.008081043,115,Magnitude,HH,S,60DPW,4,Spring,2022,279.90000000000003,.,.,.,5.856,8.778028982,8.860680711999999,3.449202197,0.9906720789647613,17.638709694,.,.,.,.,.,.,.,.,.,.,.,.,.,.,.,.,.,.,.,.,.,0.58,6.63,0.001,19.02,26.25,53.57,0.001,28.16,90.27,485.62,150.15,49.04,215.68,25.6,8,3,256,8,.,.
2002,1,2209,Spring,HH,H,H,82.49038069,1.844155844,14.29552239,12.72552054,1.570001852,0.12900234,1.852236887,-0.008081043,115,Magnitude,HH,S,28DF,5,Spring,2022,344.25,0.4284239504473503,1.0416666666666663,1.0695581014729951,9.076,8.966116946,7.844025553000001,3.409363791,1.1430504509984478,16.810142499,8.55,2.19,5.72,0.38286713286713286,0.47,0.13,0.04,25.6,66.9,5.5,1.5,0.5,7.79,10.7,30.1,38.6,13.7,35.5,25.3,392,6.3,1.65,9.86,0.001,22.69,25.52,56.57,0.52,47.95,107.62,1185.88,460.41,59.69,448.93,30.77,8,3,256,8,.,.
2105,1,2209,Spring,HH,H,H,93.45320973,1.584415584,16.3880597,14.55422313,1.833836568,0.096681097,1.957029566,-0.372613982,9205,Regiment,HH,S,Brand,1,Spring,2022,150.3,1.4012649332396345,1.0853889943074002,0.2882730015082956,26.77,9.716499215,3.203144954,1.064886061,3.033424760520532,12.919644169000001,13.04,4.08,8.03,0.5080946450809465,0.8,0.08,0.05,31.3,61.6,6.1,0.6,0.4,10.57,13.4,38.4,36.4,12.7,34.9,22.2,638,4.7,5.97,1.54,0.001,0.001,23.33,68.05,0.18,23.75,113.76,1288.4,404.4,79.78,154.25,84.65,4,2,64,6,.,.
2105,1,2209,Spring,HH,H,H,93.45320973,1.584415584,16.3880597,14.55422313,1.833836568,0.096681097,1.957029566,-0.372613982,9205,Regiment,HH,S,Wean,2,Spring,2022,272.25,1.3640776699029127,1.0442477876106195,1.0616365568544104,3.682,8.571904348999999,11.866017549,2.30860471,0.7223910055419048,20.437921898,14.93,4.52,8.55,0.5286549707602338,0.86,0.95,0.05,30.3,57.3,5.7,6.4,0.3,9.94,13.2,37.8,38,13.2,34.8,21.5,730,5.2,2.04,6.02,14.73,13.49,40.46,62.83,0.52,44.43,91.71,767.94,390.79,94.59,332.46,120.77,<4,0,64,6,.,.
2105,1,2209,Spring,HH,H,H,93.45320973,1.584415584,16.3880597,14.55422313,1.833836568,0.096681097,1.957029566,-0.372613982,9205,Regiment,HH,S,14DPW,3,Spring,2022,.,1.3510531594784352,1.5758401453224342,0.8851063829787236,29.54,9.061953629000001,15.665627571,2.8667255099999998,0.5784609386332769,24.727581200000003,12.6,5.43,6.48,0.8379629629629629,0.46,0.2,0.03,43,51.5,3.6,1.6,0.3,9.51,12.5,35.6,37.4,13.1,35,21,554,5.3,4.05,6.77,9.42,0.001,12.05,73.51,0.001,42.62,126.39,1025.77,560.3,56.7,347.64,107.15,<4,0,128,7,.,.
2105,1,2209,Spring,HH,H,H,93.45320973,1.584415584,16.3880597,14.55422313,1.833836568,0.096681097,1.957029566,-0.372613982,9205,Regiment,HH,S,60DPW,4,Spring,2022,328.05,.,.,.,14.14,9.269748996999999,13.835263509999999,1.852947388,0.6700088502325894,23.105012506999998,10.51,3.34,6.71,0.4977645305514158,0.3,0.14,0.02,31.8,63.8,2.8,1.4,0.2,9.45,12.7,38.2,40.4,13.5,33.3,22.1,409,5.7,3.14,2.06,0.001,0.001,19.74,52.28,0.001,10.07,76.31,1360.2,470.11,36.22,121.78,122.04,<4,0,32,5,.,.
2105,1,2209,Spring,HH,H,H,93.45320973,1.584415584,16.3880597,14.55422313,1.833836568,0.096681097,1.957029566,-0.372613982,9205,Regiment,HH,S,28DF,5,Spring,2022,400.95,4.093688362919132,1.3617216117216118,0.8086253369272237,13.74,9.782536974,16.364432437,2.4518695580000003,0.597792621996573,26.146969411,10.63,3.59,5.89,0.6095076400679117,0.89,0.23,0.03,33.7,55.4,8.4,2.2,0.3,8.44,11.9,33.4,39.5,14,35.5,24.9,324,6.2,2.97,4.11,0.001,0.001,16.2,79.01,0.001,58.04,50.7,1031.6,471.73,83.15,154.25,52.17,<4,0,64,6,.,.
2107,2,2209,Spring,HL,H,L,94.42811966,1.850649351,13.67272727,14.91065637,-1.237929094,0.135353343,1.918939454,-0.068290104,9101,Fortune,HL,S,Brand,1,Spring,2022,140.85,0.6732906702593465,1.1109291854277528,1.05731775180857,18.13,13.151942663,1.556367906,1.059677414,8.450407267007728,14.708310569,8.04,1.86,5.74,0.3240418118466899,0.32,0.08,0.04,23.1,71.4,3.9,1.1,0.5,9.66,13,37.2,38.5,13.5,35.1,23,592,4.9,4.28,1.2,0.001,0.001,38.18,67.18,0.1,24.81,91.8,1558.17,382.97,46.64,147.65,254.26,4,2,64,6,.,.
2107,2,2209,Spring,HL,H,L,94.42811966,1.850649351,13.67272727,14.91065637,-1.237929094,0.135353343,1.918939454,-0.068290104,9101,Fortune,HL,S,Wean,2,Spring,2022,261,1.1533333333333333,0.9887260428410372,0.9976095617529882,8.715,10.743161786,5.658214211,2.8054652570000003,1.898684175850832,16.401375997,9.44,1.63,7.07,0.23055162659123052,0.5,0.23,0.01,17.3,74.9,5.2,2.4,0.2,9.02,13.3,37.6,41.7,14.7,35.3,25.8,738,5.5,2.04,13.19,0.001,51.58,17.61,69.79,0.18,52.53,80.03,1207.35,727.34,64.91,693.28,394.68,<4,0,64,6,.,.
2107,2,2209,Spring,HL,H,L,94.42811966,1.850649351,13.67272727,14.91065637,-1.237929094,0.135353343,1.918939454,-0.068290104,9101,Fortune,HL,S,14DPW,3,Spring,2022,.,1.4403948367501898,1.2776203966005666,1.413547237076649,9.974,11.019279071,6.208989835,2.336672741,1.7747297650391467,17.228268906,8.84,2,6.11,0.3273322422258592,0.51,0.17,0.05,22.6,69.1,5.7,2,0.6,7.71,11.3,32.1,41.6,14.7,35.4,24,646,5,3.58,4.27,0.001,75.26,17.61,68.05,0.27,30.7,157.05,798.54,453.92,151.64,251.23,153.65,<4,0,128,7,.,.
2107,2,2209,Spring,HL,H,L,94.42811966,1.850649351,13.67272727,14.91065637,-1.237929094,0.135353343,1.918939454,-0.068290104,9101,Fortune,HL,S,60DPW,4,Spring,2022,316.8,0.9542395693135934,0.9513991163475699,0.8952802359882006,12.700000000000001,14.215992199999999,9.041410448,2.718452766,1.572320190722526,23.257402648,7.04,1.48,5.14,0.2879377431906615,0.27,0.13,0.02,21,73.1,3.7,1.9,0.3,8.72,13.1,38.9,44.6,15,33.6,24.5,561,5.5,1.74,12.33,0.001,40.73,2.96,42.1,0.001,50.63,125.67,552.74,319.08,46.37,723.42,60.06,<4,0,128,7,.,.
2107,2,2209,Spring,HL,H,L,94.42811966,1.850649351,13.67272727,14.91065637,-1.237929094,0.135353343,1.918939454,-0.068290104,9101,Fortune,HL,S,28DF,5,Spring,2022,423,0.6698172652804032,1.08,0.9142538975501115,10.88,12.460247537,9.256723183,2.929190896,1.3460754189866326,21.71697072,7.58,1.43,4.99,0.2865731462925851,0.99,0.16,0.01,18.9,65.8,13,2.1,0.2,7.26,11.4,33.2,45.8,15.7,34.2,25.8,521,5.8,4.48,22.08,0.001,10.28,2.36,105.12,0.01,104.84,128.1,772.22,439.53,65.37,1995.91,62.93,<4,0,64,6,.,.
2108,2,2209,Spring,HL,H,L,93.82857447,2.383116883,13.09090909,15.15780483,-2.066895737,0.182043651,1.905571474,0.477545409,8101,Fortune,HL,S,Brand,1,Spring,2022,158.85,0.46069233257845355,1.0202924500149209,0.4571331751948492,15.41,8.360292157,2.929520214,1.059677414,2.8538093429247113,11.289812371,11.45,3.04,7.37,0.412483039348711,0.79,0.17,0.08,26.6,64.4,6.9,1.4,0.7,11.74,13.4,38.9,33.1,11.4,34.5,21.6,782,4.9,3.63,1.26,0.001,0.001,26.25,59.37,2.44,12.19,231.08,867,398.58,42.32,109.18,74.7,4,2,512,9,.,.
2108,2,2209,Spring,HL,H,L,93.82857447,2.383116883,13.09090909,15.15780483,-2.066895737,0.182043651,1.905571474,0.477545409,8101,Fortune,HL,S,Wean,2,Spring,2022,272.7,1.1475113122171945,0.9485232067510547,0.9991803278688526,0.2044,9.307021274,10.518500119999999,2.276219162,0.8848239927576291,19.825521394,.,.,.,.,.,.,.,.,.,.,.,.,.,.,.,.,.,.,.,.,.,0.74,3.25,0.001,73.94,17.61,104.44,0.001,40.49,81.57,768.65,337.03,120.2,102.97,62.74,<4,0,64,6,.,.
2108,2,2209,Spring,HL,H,L,93.82857447,2.383116883,13.09090909,15.15780483,-2.066895737,0.182043651,1.905571474,0.477545409,8101,Fortune,HL,S,14DPW,3,Spring,2022,.,0.8351318944844125,0.9297473200612557,0.4003921568627451,9.024000000000001,9.703360734999999,8.965685203,2.0897662390000002,1.08227765254943,18.669045937999996,29.99,24.34,4.9,4.96734693877551,0.4,0.31,0.04,81.2,16.4,1.3,1,0.1,9.14,11.2,31.4,34.4,12.3,35.7,20.5,485,5,31.8,8.82,0.001,10.28,39.7,71.54,1.21,33.73,85.38,1208.69,308.25,43.11,513.36,57.01,16,4,16,4,.,.
2108,2,2209,Spring,HL,H,L,93.82857447,2.383116883,13.09090909,15.15780483,-2.066895737,0.182043651,1.905571474,0.477545409,8101,Fortune,HL,S,60DPW,4,Spring,2022,340.2,0.6572029442691903,0.8238341968911916,0.9097435897435898,23.76,11.966594727,11.805211463,2.9522100499999997,1.0136705102238794,23.77180619,9.11,3.4,5.03,0.6759443339960238,0.41,0.21,0.06,37.3,55.2,4.5,2.4,0.6,9.94,12.3,36.5,36.7,12.3,33.6,22.6,660,5.6,27.82,3.41,0.001,0.001,21.89,35.19,0.69,36.06,69.04,677.58,164.61,55.47,187.94,18.68,4,2,16,4,.,.
2108,2,2209,Spring,HL,H,L,93.82857447,2.383116883,13.09090909,15.15780483,-2.066895737,0.182043651,1.905571474,0.477545409,8101,Fortune,HL,S,28DF,5,Spring,2022,353.7,0.5687894992707826,2.779297765617875,0.593613537117904,17.47,10.433263362,17.593916719,2.1156005899999997,0.5930040211417463,28.027180080999997,11.83,4.92,5.83,0.8439108061749571,0.92,0.12,0.04,41.6,49.3,7.8,1,0.3,8.71,11.2,32,36.7,12.8,34.9,26.8,891,5.4,1.95,4.17,0.001,0.001,19.03,26.95,0.35,26.51,97.86,421.83,272.77,47.37,128.16,50.7,16,4,32,5,.,.
2122,2,2209,Spring,HH,H,H,91.56876899,2.077922078,12.66515152,14.54054882,-1.875397308,0.164066105,1.884061448,0.19386063,9115,Prophet,HH,S,Brand,1,Spring,2022,143.1,1.2479381443298971,1.0018170805572382,0.9196787148594378,12.96,8.883249329,2.2801157880000003,1.2816829969999999,3.895964132940778,11.163365117,12.72,3.37,8.65,0.3895953757225433,0.54,0.11,0.05,26.5,68,4.2,0.9,0.4,11.98,13.6,38.4,32.1,11.4,35.4,21.2,847,4.7,3.8,1.26,0.001,8.48,22.61,78.13,4.56,122.96,205.99,1184.53,600.99,114.58,102.97,51.03,4,2,64,6,.,.
2122,2,2209,Spring,HH,H,H,91.56876899,2.077922078,12.66515152,14.54054882,-1.875397308,0.164066105,1.884061448,0.19386063,9115,Prophet,HH,S,Wean,2,Spring,2022,261.90000000000003,1.5286259541984732,1.7134283570892723,1.0564356435643563,1.455,9.875971482,7.7376596090000005,2.883640795,1.276351245861583,17.613631091000002,9.94,1.31,7.96,0.16457286432160806,0.52,0.14,0.01,13.1,80.1,5.3,1.4,0.1,11.15,13.4,37.3,33.5,12,35.9,23.2,653,5.2,9.89,9.14,0.001,0.001,10.69,115.76,0.35,61.14,152,2192.73,703.55,126.61,417.29,51.03,<4,0,256,8,.,.
2122,2,2209,Spring,HH,H,H,91.56876899,2.077922078,12.66515152,14.54054882,-1.875397308,0.164066105,1.884061448,0.19386063,9115,Prophet,HH,S,14DPW,3,Spring,2022,.,1.226513284031772,0.9180251513740103,1.1485473289597004,19.28,10.011487802,10.238798358999999,3.016366034,0.9777990981920069,20.250286161,13.48,2.64,9.84,0.2682926829268293,0.59,0.36,0.05,19.6,73,4.4,2.7,0.3,10.3,12.2,34.3,33.3,11.9,35.7,22.4,891,5.3,1.49,7.35,0.001,0.001,17.61,84.32,0.44,39.41,164.44,927.07,508.07,78.81,280.31,53.69,4,2,256,8,.,.
2122,2,2209,Spring,HH,H,H,91.56876899,2.077922078,12.66515152,14.54054882,-1.875397308,0.164066105,1.884061448,0.19386063,9115,Prophet,HH,S,60DPW,4,Spring,2022,309.15000000000003,.,.,.,31.310000000000002,9.742845011,10.679436853,1.896123072,0.912299510274561,20.422281864,9.76,2.56,6.88,0.37209302325581395,0.23,0.06,0.03,26.2,70.5,2.4,0.6,0.3,10.44,13.1,37.9,36.3,12.5,34.4,24.6,361,5.6,1.26,23.92,25.21,0.001,9.35,123.51,1.04,122.96,134.6,935.06,398.58,88.63,2523.14,46.49,<4,0,128,7,.,.
2122,2,2209,Spring,HH,H,H,91.56876899,2.077922078,12.66515152,14.54054882,-1.875397308,0.164066105,1.884061448,0.19386063,9115,Prophet,HH,S,28DF,5,Spring,2022,396.45,0.8181008902077151,1.0940649496080626,0.6696258719086875,6.304,9.307021274,12.009354264,2.987047939,0.7749809914342618,21.316375538000003,10.3,2.95,6.44,0.4580745341614907,0.74,0.13,0.04,28.7,62.5,7.1,1.3,0.4,8.16,11.3,31.5,38.6,13.9,36,31.8,563,5.7,1.99,4.33,0.001,0.37,27.72,117.35,0.44,50.15,140.1,611.37,452.29,79.22,258.45,40.88,<4,0,256,8,.,.
2126,2,2209,Spring,HH,H,H,94.80219155,2.675324675,13.45820896,15.53140059,-2.073191631,0.198787572,1.917843248,0.757481427,9014,Prophet,HH,S,Brand,1,Spring,2022,171.9,1.2199134199134198,1.041434262948207,0.9626411815812338,7.7540000000000004,8.674260316,1.63018371,1.6806506810000001,5.3210323859756885,10.304444026,11.8,3.08,8.39,0.367103694874851,0.21,0.09,0.03,26.1,71.1,1.7,0.8,0.3,10.68,13.4,37,34.6,12.5,36.1,24.5,817,4.7,2.73,4.49,0.001,0.001,30.68,62.4,0.001,19.66,287.79,711.97,421.76,55.57,134.61,42.81,8,3,128,7,.,.
2126,2,2209,Spring,HH,H,H,94.80219155,2.675324675,13.45820896,15.53140059,-2.073191631,0.198787572,1.917843248,0.757481427,9014,Prophet,HH,S,Wean,2,Spring,2022,312.75,1.3453453453453454,1.3642495784148398,0.6684365781710914,0.042665,7.539319422,8.816034696000001,4.415723052,0.8551825942133292,16.355354118,10.22,2.27,7.37,0.30800542740841247,0.43,0.14,0.01,22.3,72.1,4.1,1.4,0.1,9.83,12.4,35.1,35.7,12.6,35.2,23.3,804,4.8,3.04,7.73,0.001,26.09,0.001,82.1,0.18,34.03,90.99,1042.89,470.11,95.21,425.17,51.13,<4,0,256,8,.,.
2126,2,2209,Spring,HH,H,H,94.80219155,2.675324675,13.45820896,15.53140059,-2.073191631,0.198787572,1.917843248,0.757481427,9014,Prophet,HH,S,14DPW,3,Spring,2022,.,1.109907120743034,1.0412757973733582,1.1152030217186024,8.044,7.748928908,8.95061277,3.4692873300000002,0.8657428387442127,16.699541678,11.1,2.72,7.24,0.37569060773480667,0.93,0.18,0.03,24.5,65.2,8.5,1.6,0.2,9.26,11.7,32.2,34.8,12.6,36.3,22.5,729,4.9,1.65,2.12,0.001,39.84,0.001,33.12,0.001,25.84,173.38,709.08,256.29,203.11,115.45,23.25,<4,0,128,7,.,.
2126,2,2209,Spring,HH,H,H,94.80219155,2.675324675,13.45820896,15.53140059,-2.073191631,0.198787572,1.917843248,0.757481427,9014,Prophet,HH,S,60DPW,4,Spring,2022,353.25,0.7961711711711712,0.9248120300751879,0.7627551020408162,37.33,7.892000082,13.074306038000001,2.946439883,0.6036266903239212,20.966306120000002,8.98,2.52,6.07,0.41515650741350907,0.28,0.09,0.02,28,67.6,3,1.1,0.3,9.32,11.5,33.1,35.5,12.3,34.6,22.8,487,5.3,1.74,1.68,0.001,0.001,2.96,42.73,1.74,12.69,83.57,606.21,185.8,56.6,131.38,21.18,<4,0,64,6,.,.
2126,2,2209,Spring,HH,H,H,94.80219155,2.675324675,13.45820896,15.53140059,-2.073191631,0.198787572,1.917843248,0.757481427,9014,Prophet,HH,S,28DF,5,Spring,2022,381.6,0.6390020366598779,2.4097345132743357,0.6499162479061978,3.6,7.519659351,11.428496288,3.093833826,0.6579745192633693,18.948155639,9.63,3.21,5.7,0.5631578947368421,0.57,0.12,0.03,33.3,59.2,6,1.2,0.3,8.18,10.7,29.7,36.2,13.1,36.1,29.5,493,5.3,1.13,2.94,0.001,0.001,1.78,67.39,0.01,23.4,171.12,403.92,285.42,58.04,272.99,34.24,<4,0,128,7,.,.
2131,1,2209,Spring,HL,H,L,93.97858021,1.941558442,17.5358209,14.88942995,2.646390941,0.110719564,1.97916737,-0.037608928,9113,Fortune,HL,S,Brand,1,Spring,2022,149.4,.,.,.,8.968,14.335877231000001,4.2363451119999995,1.2610950360000002,3.3840201522750735,18.572222343,9.38,2.54,6.52,0.3895705521472393,0.19,0.05,0.08,27.1,69.6,1.9,0.5,0.9,9.9,12.4,34.8,35.2,12.6,35.8,27.5,676,4.7,1.44,6.09,0.001,0.001,1.78,53.57,0.35,14.59,289.07,426.49,324.31,34.15,251.23,47.01,<4,0,32,5,.,.
2131,1,2209,Spring,HL,H,L,93.97858021,1.941558442,17.5358209,14.88942995,2.646390941,0.110719564,1.97916737,-0.037608928,9113,Fortune,HL,S,Wean,2,Spring,2022,273.15000000000003,1.0483619344773791,0.8555183946488294,1.0287081339712918,0.042665,11.757090209000001,18.209217804,3.50301104,0.6456669548110591,29.966308013000003,.,.,.,.,.,.,.,.,.,.,.,.,.,.,.,.,.,.,.,.,.,1.76,4.95,0.001,19.02,6.72,56.35,0.001,32.84,92.44,486.38,245.15,42.64,347.64,49.14,<4,0,64,6,.,.
2131,1,2209,Spring,HL,H,L,93.97858021,1.941558442,17.5358209,14.88942995,2.646390941,0.110719564,1.97916737,-0.037608928,9113,Fortune,HL,S,14DPW,3,Spring,2022,.,0.8606965174129354,1.1986093003042158,0.8996363636363638,27.03,9.889414182,20.611528241000002,2.855498486,0.4798001422489475,30.500942423,9.94,2.94,6.39,0.46009389671361506,0.47,0.11,0.03,29.6,64.3,4.7,1.1,0.3,9.55,11.2,30.8,32.3,11.7,36.2,23,483,5.2,2.25,2.97,0.001,39.84,4.18,52.92,0.001,15.49,105.27,438.87,304.72,42.11,205.2,36.12,8,3,64,6,.,.
2131,1,2209,Spring,HL,H,L,93.97858021,1.941558442,17.5358209,14.88942995,2.646390941,0.110719564,1.97916737,-0.037608928,9113,Fortune,HL,S,60DPW,4,Spring,2022,336.6,.,.,.,24.560000000000002,10.149480301999999,16.58652313,1.8413080130000001,0.611911262080156,26.736003431999997,11.27,2.75,8,0.34375,0.38,0.1,0.04,24.4,71,3.4,0.9,0.3,10.38,12.5,36.6,35.3,12.1,34.2,25.8,568,5.3,2.13,1.2,0.001,0.001,12.05,41.04,4.82,1.7,370.77,327.07,167.38,30.85,81.76,17.4,<4,0,32,5,.,.
2131,1,2209,Spring,HL,H,L,93.97858021,1.941558442,17.5358209,14.88942995,2.646390941,0.110719564,1.97916737,-0.037608928,9113,Fortune,HL,S,28DF,5,Spring,2022,406.8,0.8687374749498997,2.536170212765957,1.0316326530612245,30.01,8.15447987,17.247581738,2.894967737,0.472789750694962,25.402061608,11.71,4.12,6.64,0.6204819277108434,0.81,0.12,0.02,35.2,56.7,6.9,1,0.2,8.34,10.4,29.3,35.2,12.5,35.4,27.4,724,5.6,1.15,5.78,0.001,14.96,0.001,84.76,0.01,21.19,137.75,401.58,333.28,68.7,184.52,42.43,4,2,64,6,.,.
2201,1,2209,Spring,HH,H,H,86.99211276,2.24025974,17.09850746,13.81322715,3.285280317,0.131020777,1.927028818,0.313230922,7106,Prophet,HH,S,Brand,1,Spring,2022,93.15,1.0147167034584252,0.6653508771929824,1.0365474339035767,3.551,10.09398044,3.8150430639999997,1.6413422979999999,2.6458365661059284,13.909023503999999,8.25,2.28,5.64,0.40425531914893614,0.2,0.1,0.03,27.6,68.4,2.5,1.2,0.3,12.54,14.1,39.6,31.6,11.2,35.5,21.3,762,4.4,3.43,5.15,0.001,26.09,4.18,93.44,1.04,24.81,142.98,1036.73,419.29,80.39,362.92,92.29,4,2,32,5,.,.
2201,1,2209,Spring,HH,H,H,86.99211276,2.24025974,17.09850746,13.81322715,3.285280317,0.131020777,1.927028818,0.313230922,7106,Prophet,HH,S,Wean,2,Spring,2022,272.7,.,.,.,0.042665,9.146823261,8.087943132,3.16081368,1.1309208177800527,17.234766393,7.54,1.99,5.22,0.38122605363984674,0.18,0.13,0.02,26.4,69.2,2.4,1.7,0.3,11.85,13.5,37,31.2,11.4,36.6,24.4,652,4.4,2.13,3.03,0.001,76.58,30.68,76.15,2.44,45.45,157.05,1084.83,357.32,76.15,448.93,149.31,<4,0,64,6,.,.
2201,1,2209,Spring,HH,H,H,86.99211276,2.24025974,17.09850746,13.81322715,3.285280317,0.131020777,1.927028818,0.313230922,7106,Prophet,HH,S,14DPW,3,Spring,2022,.,1.0401987353206865,0.7066983749504556,0.7452999104744853,24.25,9.970576925000001,10.325343166,6.9672080769999996,0.9656412154737678,20.295920091,6.11,1.22,4.47,0.27293064876957496,0.29,0.07,0.06,19.9,73.2,4.7,1.2,1,10.69,12.4,34,31.8,11.6,36.4,23.2,208,5.2,3.48,21.14,0.001,28.24,27.72,172.75,3.14,112.44,231.72,935.41,700.74,59.17,1531.81,104.41,4,2,512,9,.,.
2201,1,2209,Spring,HH,H,H,86.99211276,2.24025974,17.09850746,13.81322715,3.285280317,0.131020777,1.927028818,0.313230922,7106,Prophet,HH,S,60DPW,4,Spring,2022,314.1,0.9525179856115109,0.8375165125495376,1.0221238938053097,43.65,11.019279071,15.873490487,1.731715453,0.6941938246048983,26.892769557999998,7.58,1.66,5.19,0.3198458574181117,0.4,0.31,0.02,21.8,68.5,5.3,4.1,0.3,11.13,13.1,38.1,34.2,11.7,34.3,22.9,321,5.4,2.23,93.74,0.001,38.94,24.06,521.16,2.97,397.77,404.5,1087.89,960.44,146.38,9255.34,133.57,<4,0,128,7,.,.
2201,1,2209,Spring,HH,H,H,86.99211276,2.24025974,17.09850746,13.81322715,3.285280317,0.131020777,1.927028818,0.313230922,7106,Prophet,HH,S,28DF,5,Spring,2022,373.5,1.0992458521870287,1.2566105769230769,0.8946716232961588,22.03,9.432610627,15.205307437,3.2543249139999997,0.6203498788881476,24.637918064,10.73,4.63,5.48,0.844890510948905,0.47,0.14,0.01,43.1,51.1,4.5,1.3,0,9.78,12,32.5,33.3,12.3,36.8,25.1,800,4.7,1.58,7.67,0.001,0.001,220.9,105.57,0.87,99.92,95.24,634.89,476.03,228.65,489.02,49.71,<4,0,64,6,.,.
2202,2,2209,Spring,HH,H,H,69.61268763,1.467532468,10.7390625,10.1207424,0.6183201,0.136653685,1.71119199,-0.243659522,5081,Magnitude,HH,S,Brand,1,Spring,2022,129.6,0.792861695347355,0.2877868245743893,3.3280674038967875,1.102,7.985437929,1.869727618,0.9785824030000001,4.270909758257633,9.855165547,11.11,3.4,7.07,0.48090523338048086,0.41,0.18,0.05,30.6,63.6,3.7,1.6,0.5,10.2,12.7,36.5,35.8,12.5,35,20.4,668,4.8,2.25,1.04,0.001,0.001,20.45,51.64,0.35,12.19,93.89,921.16,472.26,35.46,67.15,98.7,<4,0,16,4,.,.
2202,2,2209,Spring,HH,H,H,69.61268763,1.467532468,10.7390625,10.1207424,0.6183201,0.136653685,1.71119199,-0.243659522,5081,Magnitude,HH,S,Wean,2,Spring,2022,226.35,0.5549263873159683,1.6305683563748083,0.7796296296296296,19.21,9.742845011,5.013528194,2.085485769,1.9433111042758004,14.756373205,11.89,3.04,8.23,0.36938031591737547,0.4,0.16,0.06,25.6,69.2,3.4,1.3,0.5,9.36,12.5,34.6,36.9,13.4,36.3,25.9,728,4.8,1.9,5.02,0.001,10.28,12.05,67.61,523.34,53.47,152.45,1090.61,453.38,37.25,150.94,170.86,<4,0,256,8,.,.
2202,2,2209,Spring,HH,H,H,69.61268763,1.467532468,10.7390625,10.1207424,0.6183201,0.136653685,1.71119199,-0.243659522,5081,Magnitude,HH,S,14DPW,3,Spring,2022,.,0.6060377358490565,0.8715596330275228,0.44754464285714285,17.96,9.916371604,7.7641357079999995,2.19023104,1.2772022510866705,17.680507312,7.47,1.48,5.68,0.2605633802816901,0.21,0.08,0.02,19.8,76,2.8,1.1,0.3,9.43,12.5,34.6,36.7,13.2,36.1,24.8,543,4.4,0.26,14.01,0.001,0.001,14.8,75.93,431.98,80.24,145.51,680.12,508.07,26.91,332.46,78.77,<4,0,512,9,.,.
2202,2,2209,Spring,HH,H,H,69.61268763,1.467532468,10.7390625,10.1207424,0.6183201,0.136653685,1.71119199,-0.243659522,5081,Magnitude,HH,S,60DPW,4,Spring,2022,241.65,.,.,.,22.71,8.404349409,7.7641357079999995,2.0055049339999997,1.08245781952785,16.168485117,9.32,2.62,6.33,0.4139020537124803,0.15,0.18,0.04,28.1,67.9,1.6,2,0.4,8.45,12.2,36.5,43.2,14.5,33.5,24.5,148,4.9,2.65,2.51,0.001,14.96,16.9,107.6,10.01,26.85,63.95,901.99,212.16,33.39,184.52,31.61,<4,0,128,7,.,.
2202,2,2209,Spring,HH,H,H,69.61268763,1.467532468,10.7390625,10.1207424,0.6183201,0.136653685,1.71119199,-0.243659522,5081,Magnitude,HH,S,28DF,5,Spring,2022,335.7,5.557835820895523,0.5599571734475375,0.6861736334405144,4.867,8.871485243,5.700169551,2.772548364,1.5563546248275448,14.571654794,8.22,1.6,5.34,0.299625468164794,1.14,0.13,0.01,19.5,64.9,13.9,1.6,0.1,7.34,11.3,31.3,42.7,15.4,36,25.1,510,6.4,1.11,24.88,0.001,105,21.17,103.54,9.74,138.92,92.26,535.14,447.96,32.4,1327.54,70.36,<4,0,512,9,.,.
2205,2,2209,Spring,HH,H,H,96.88800382,2.422077922,14.6030303,15.74279943,-1.139769131,0.165861323,1.94998226,0.472095662,6015,Regiment,HH,S,Brand,1,Spring,2022,189,1.3443328550932567,0.30181110976054454,0.9346733668341708,5.541,10.957043598999999,2.959434753,1.378819048,3.7024109377281476,13.916478351999999,10.72,3.22,6.55,0.49160305343511457,0.76,0.12,0.07,30,61.1,7,1.2,0.7,9.24,13,37.1,40.1,14.1,35.2,21.4,651,5.8,2.94,1.65,0.001,0.001,17.61,49.29,1.82,0.001,54.27,1044.26,502.22,46.01,87.73,68.92,16,4,128,7,.,.
2205,2,2209,Spring,HH,H,H,96.88800382,2.422077922,14.6030303,15.74279943,-1.139769131,0.165861323,1.94998226,0.472095662,6015,Regiment,HH,S,Wean,2,Spring,2022,302.40000000000003,.,.,.,7.704,9.742845011,11.331691872,1.464779658,0.8597873222333238,21.074536883,8,2.03,5.58,0.3637992831541218,0.26,0.08,0.05,25.4,69.7,3.2,1,0.7,8.05,11.9,33.4,41.4,14.8,35.6,25.8,502,5.7,1.72,5.28,0.001,0.001,0.68,65.65,1.21,26.18,107.44,667.04,444.15,64.4,429.11,73.11,<4,0,128,7,.,.
2205,2,2209,Spring,HH,H,H,96.88800382,2.422077922,14.6030303,15.74279943,-1.139769131,0.165861323,1.94998226,0.472095662,6015,Regiment,HH,S,14DPW,3,Spring,2022,.,0.8548736462093864,0.7707006369426751,0.7363344051446945,20.32,9.560327762,11.331691872,5.886722553999999,0.8436805262613127,20.892019634,7.07,0.94,5,0.188,0.89,0.17,0.07,13.2,70.7,12.6,2.5,1,6.87,10.5,29.2,42.5,15.2,35.8,23.8,241,5.9,2.04,21.69,0.001,10.28,2.96,100.39,0.69,114.06,99.67,897.46,662.49,77.43,1123.97,46.25,<4,0,128,7,.,.
2205,2,2209,Spring,HH,H,H,96.88800382,2.422077922,14.6030303,15.74279943,-1.139769131,0.165861323,1.94998226,0.472095662,6015,Regiment,HH,S,60DPW,4,Spring,2022,335.7,0.7105809128630707,0.8135788262370541,0.8124293785310734,22.240000000000002,10.803656744000001,13.329560503,3.022261186,0.8105035977419128,24.133217247,8.37,2.16,5.78,0.3737024221453287,0.17,0.19,0.07,25.8,69.1,2.1,2.2,0.8,7.58,11.8,35.5,46.9,15.5,33.2,22.8,506,6.3,1.81,1.34,0.001,0.001,21.89,28.38,0.87,5.58,48.69,744.33,226.91,51.22,72.93,30.96,<4,0,32,5,.,.
2205,2,2209,Spring,HH,H,H,96.88800382,2.422077922,14.6030303,15.74279943,-1.139769131,0.165861323,1.94998226,0.472095662,6015,Regiment,HH,S,28DF,5,Spring,2022,330.75,.,.,.,5.474,7.799712722,11.664756171,2.3888836860000002,0.6686563017400254,19.464468893,9.32,2.51,5.93,0.4232715008431703,0.76,0.1,0.02,26.9,63.7,8.1,1.1,0.2,6.26,10.4,29.7,47.4,16.6,35.1,26,323,7.2,1.85,29.2,0.001,0.001,6.72,153.07,0.69,157.79,123.41,445.04,628.97,58.71,1995.91,82.12,<4,0,32,5,.,.
2206,1,2209,Spring,HH,H,H,93.30292312,1.733766234,17.45671642,14.62681131,2.829905111,0.099318004,1.973523571,-0.239757337,7135,Regiment,HH,S,Brand,1,Spring,2022,181.8,0.7339385474860336,0.8127443315089914,0.9344680851063828,11.290000000000001,11.80892665,4.262870341,2.30860471,2.770181991326956,16.071796991,10.18,3.27,6.32,0.5174050632911392,0.39,0.15,0.05,32.2,62,3.9,1.4,0.5,9.86,12.5,35.5,36,12.7,35.4,22.3,698,4.9,5.25,2.06,0.001,0.001,10.69,49.29,1.04,21.94,69.95,1130.27,479.52,42.74,134.61,124.42,4,2,<8,0,.,.
2206,1,2209,Spring,HH,H,H,93.30292312,1.733766234,17.45671642,14.62681131,2.829905111,0.099318004,1.973523571,-0.239757337,7135,Regiment,HH,S,Wean,2,Spring,2022,321.3,0.9509329647546647,1.0154130702836004,0.8538785327720988,1.7810000000000001,11.80892665,13.097248971,2.987047939,0.9016341276055292,24.906175621000003,13.7,3.46,9.49,0.36459430979978924,0.43,0.27,0.05,25.3,69.3,3.1,2,0.3,9.13,12.6,35.2,38.5,13.8,35.8,25,639,5,11.52,2.48,0.001,40.73,10.69,65,0.001,22.68,93.89,1466.48,535.07,61.84,137.85,169.26,<4,0,1024,10,.,.
2206,1,2209,Spring,HH,H,H,93.30292312,1.733766234,17.45671642,14.62681131,2.829905111,0.099318004,1.973523571,-0.239757337,7135,Regiment,HH,S,14DPW,3,Spring,2022,.,1.317702227432591,0.9424943988050786,1.4716821639898563,21.150000000000002,9.716499215,12.009354264,3.197913167,0.8090775741479117,21.725853479,9.08,1.78,6.73,0.26448736998514116,0.34,0.18,0.05,19.6,74.1,3.9,1.9,0.5,7.66,10.7,29.5,38.5,14,36.3,23.4,662,4.8,10.02,12.41,0.001,23.85,26.25,44.42,0.18,21.57,127.02,633.43,444.7,55.52,134.61,92.49,<4,0,1024,10,.,.
2206,1,2209,Spring,HH,H,H,93.30292312,1.733766234,17.45671642,14.62681131,2.829905111,0.099318004,1.973523571,-0.239757337,7135,Regiment,HH,S,60DPW,4,Spring,2022,332.55,0.8657289002557544,0.9337094499294781,0.8091603053435114,4.436,11.861119605,13.761479566,6.536219038,0.8619072933338395,25.622599171,8.38,1.72,6.03,0.28524046434494194,0.51,0.11,0.01,20.5,71.9,6.1,1.4,0.1,8.02,11.6,33.8,42.1,14.5,34.4,23.7,419,5.9,25.29,32.97,0.001,0.001,14.8,132.23,2.97,83.64,117.55,1377.99,405.78,61.64,1072.87,41.49,<4,0,512,9,.,.
2206,1,2209,Spring,HH,H,H,93.30292312,1.733766234,17.45671642,14.62681131,2.829905111,0.099318004,1.973523571,-0.239757337,7135,Regiment,HH,S,28DF,5,Spring,2022,394.2,0.3658153241650295,0.993099787685775,3.705758426966291,10.1,14.028011466,15.636262734999999,2.906334951,0.8971460574527115,29.664274200999998,9.6,3.3,5.54,0.595667870036101,0.58,0.16,0.02,34.4,57.7,6,1.7,0.2,6.65,10,27.4,41.3,15.1,36.5,27.8,415,6.4,4.63,21.73,0.001,0.001,26.25,92.1,0.35,62.65,90.99,778.63,496.9,57.53,732.07,106.35,<4,0,512,9,.,.
2217,2,2209,Spring,HL,H,L,92.55027468,1.714285714,12.45820896,14.47626846,-2.018059509,0.137602903,1.887000903,-0.172715189,7132,Fortune,HL,S,Brand,1,Spring,2022,165.15,1.680672268907563,0.9990942028985506,1.2459627329192546,32.15,10.879961725,3.118478043,1.107164803,3.488869113387565,13.998439767999999,13.27,3.86,8.52,0.45305164319248825,0.74,0.11,0.04,29.1,64.2,5.6,0.8,0.3,10.11,14.8,41.2,40.7,14.7,36,21.7,272,5.1,7.29,3.03,0.001,0.001,24.79,79.89,0.001,14.59,246.06,1211.37,480.05,47.89,147.65,75.72,16,4,128,7,.,.
2217,2,2209,Spring,HL,H,L,92.55027468,1.714285714,12.45820896,14.47626846,-2.018059509,0.137602903,1.887000903,-0.172715189,7132,Fortune,HL,S,Wean,2,Spring,2022,286.2,1.164983164983165,1.0614084507042254,1.0985732814526588,13.6,11.948913451,8.005918196,2.3984826200000002,1.4925100604912551,19.954831647,15.07,2.68,11.56,0.23183391003460208,0.57,0.24,0.02,17.8,76.7,3.8,1.6,0.1,9.47,14.8,41.1,43.4,15.6,36,25.8,541,5.9,3.88,14.76,0.001,0.001,13.42,114.4,0.001,81.76,157.14,1188.9,537.18,51.02,801.9,105.55,4,2,32,5,.,.
2217,2,2209,Spring,HL,H,L,92.55027468,1.714285714,12.45820896,14.47626846,-2.018059509,0.137602903,1.887000903,-0.172715189,7132,Fortune,HL,S,14DPW,3,Spring,2022,.,.,.,.,26.29,12.788366586999999,9.702545658,3.21036956,1.3180424022489046,22.490912244999997,11.73,3.05,7.87,0.38754764930114355,0.57,0.11,0.13,26,67.1,4.9,0.9,1.1,8.26,13.2,36.4,44.1,16,36.2,23.7,409,5.8,9.39,9.07,0.001,51.58,50868.94,92.77,0.01,73.61,114.57,867,459.87,44.85,421.23,53.4,<4,0,128,7,.,.
2217,2,2209,Spring,HL,H,L,92.55027468,1.714285714,12.45820896,14.47626846,-2.018059509,0.137602903,1.887000903,-0.172715189,7132,Fortune,HL,S,60DPW,4,Spring,2022,317.7,.,.,.,37.9,10.347004204,7.580391315000001,3.2354184100000003,1.3649696663449884,17.927395519,11.83,3.66,7.7,0.4753246753246753,0.24,0.14,0.09,30.9,65.1,2,1.2,0.8,8.7,14.2,42.1,48.3,16.3,33.7,22.8,468,5.8,1.51,9.43,0.001,0.001,22.61,49.08,0.01,49.67,90.45,816.27,247.02,50.5,546.11,38.29,<4,0,32,5,.,.
2217,2,2209,Spring,HL,H,L,92.55027468,1.714285714,12.45820896,14.47626846,-2.018059509,0.137602903,1.887000903,-0.172715189,7132,Fortune,HL,S,28DF,5,Spring,2022,319.95,0.8226392251815979,1.0064829821717989,1.0809214412285884,25.34,8.208096242,8.033178969,2.745381832,1.0217743528029197,16.241275211,9.7,1.74,7.41,0.23481781376518218,0.43,0.1,0.02,17.9,76.4,4.5,1,0.2,7,12.3,34,48.6,17.6,36.2,26.9,463,6.1,3.93,6.84,0.001,0.001,9.35,69.36,0.18,38.86,120.26,709.08,389.68,64.25,295.06,50.18,<4,0,64,6,.,.
3009,4,2311,Spring,HH,H,H,97.11652618,1.922077922,18.35774648,16.37579748,1.981949004,0.104701191,2.168273937,-0.246196015,1125,Regiment,HH,S,Brand,1,Spring,2023,158.85,.,.,.,.,.,.,.,.,.,13.61,2.55,10.23,0.24926686217008795,0.68,0.13,0.02,18.8,75.1,5,1,0.1,9.7,12,33.7,34.7,12.4,35.7,19.7,802,5,.,.,.,.,.,.,.,.,.,.,.,.,.,.,.,.,.,.,.,.
3009,4,2311,Spring,HH,H,H,97.11652618,1.922077922,18.35774648,16.37579748,1.981949004,0.104701191,2.168273937,-0.246196015,1125,Regiment,HH,S,Wean,2,Spring,2023,265.5,.,.,.,.,.,.,.,.,.,14.32,2.69,10.54,0.2552182163187856,0.57,0.46,0.06,18.8,73.6,4,3.2,0.4,8.78,11.6,32.3,36.8,13.2,35.8,22.5,623,5.4,.,.,.,.,.,.,.,.,.,.,.,.,.,.,.,.,.,.,.,.
3009,4,2311,Spring,HH,H,H,97.11652618,1.922077922,18.35774648,16.37579748,1.981949004,0.104701191,2.168273937,-0.246196015,1125,Regiment,HH,S,14DPW,3,Spring,2023,280.8,.,.,.,.,.,.,.,.,.,14.18,2.52,10.91,0.230980751604033,0.58,0.14,0.03,17.8,76.9,4.1,1,0.2,8.03,10.9,30.2,37.6,13.6,36.1,22.8,555,5.3,.,.,.,.,.,.,.,.,.,.,.,.,.,.,.,.,.,.,.,.
3009,4,2311,Spring,HH,H,H,97.11652618,1.922077922,18.35774648,16.37579748,1.981949004,0.104701191,2.168273937,-0.246196015,1125,Regiment,HH,S,60DPW,4,Spring,2023,304.65000000000003,.,.,.,.,.,.,.,.,.,12.82,4.01,8.34,0.48081534772182255,0.33,0.12,0.02,31.3,65.1,2.5,0.9,0.2,9.03,12.1,34.3,38,13.4,35.3,21.3,947,4.9,.,.,.,.,.,.,.,.,.,.,.,.,.,.,.,.,.,.,.,.
3009,4,2311,Spring,HH,H,H,97.11652618,1.922077922,18.35774648,16.37579748,1.981949004,0.104701191,2.168273937,-0.246196015,1125,Regiment,HH,S,28DF,5,Spring,2023,369,.,.,.,.,.,.,.,.,.,11.78,2.9,8.14,0.3562653562653562,0.59,0.13,0.02,24.6,69.1,5,1.1,0.2,7.28,10.6,29.2,40.1,14.5,36.3,25.4,734,5.4,.,.,.,.,.,.,.,.,.,.,.,.,.,.,.,.,.,.,.,.
3012,4,2311,Spring,HH,H,H,92.95695717,1.935064935,16.51267606,15.75145868,0.761217377,0.117186635,2.0996784,-0.164613464,1144,Peyton,HH,S,Brand,1,Spring,2023,145.8,.,.,.,.,.,.,.,.,.,10.8,2.6,7.36,0.3532608695652174,0.64,0.17,0.03,24,68.2,5.9,1.6,0.3,13.36,14.9,42.1,31.5,11.2,35.4,22.8,544,4.7,.,.,.,.,.,.,.,.,.,.,.,.,.,.,.,.,.,.,.,.
3012,4,2311,Spring,HH,H,H,92.95695717,1.935064935,16.51267606,15.75145868,0.761217377,0.117186635,2.0996784,-0.164613464,1144,Peyton,HH,S,Wean,2,Spring,2023,222.3,.,.,.,.,.,.,.,.,.,13.58,3.49,9.01,0.38734739178690347,0.73,0.29,0.06,25.7,66.3,5.5,2.1,0.4,8.04,10.5,28.5,35.5,13,36.7,23.1,350,5.4,.,.,.,.,.,.,.,.,.,.,.,.,.,.,.,.,.,.,.,.
3012,4,2311,Spring,HH,H,H,92.95695717,1.935064935,16.51267606,15.75145868,0.761217377,0.117186635,2.0996784,-0.164613464,1144,Peyton,HH,S,14DPW,3,Spring,2023,250.20000000000002,.,.,.,.,.,.,.,.,.,13.13,4.91,7.25,0.6772413793103449,0.65,0.27,0.05,37.4,55.2,5,2.1,0.3,8.52,10.8,29.4,34.5,12.7,36.8,23.3,644,4.9,.,.,.,.,.,.,.,.,.,.,.,.,.,.,.,.,.,.,.,.
3012,4,2311,Spring,HH,H,H,92.95695717,1.935064935,16.51267606,15.75145868,0.761217377,0.117186635,2.0996784,-0.164613464,1144,Peyton,HH,S,60DPW,4,Spring,2023,286.65000000000003,.,.,.,.,.,.,.,.,.,10.83,2.8,7.16,0.39106145251396646,0.6,0.22,0.05,25.8,66.1,5.6,2.1,0.4,10.78,12.9,36.4,33.8,12,35.4,22.9,537,5.3,.,.,.,.,.,.,.,.,.,.,.,.,.,.,.,.,.,.,.,.
3012,4,2311,Spring,HH,H,H,92.95695717,1.935064935,16.51267606,15.75145868,0.761217377,0.117186635,2.0996784,-0.164613464,1144,Peyton,HH,S,28DF,5,Spring,2023,340.65000000000003,.,.,.,.,.,.,.,.,.,11.89,3.26,7.7,0.42337662337662335,0.75,0.12,0.06,27.4,64.8,6.3,1,0.5,8.72,11.3,31.2,35.7,12.9,36.2,28.6,393,5.1,.,.,.,.,.,.,.,.,.,.,.,.,.,.,.,.,.,.,.,.
3013,3,2311,Spring,HH,H,H,101.0067703,2.084415584,16.41126761,17.36448589,-0.953218285,0.127011248,1.941929452,0.142486132,1143,Magnitude,HH,S,Brand,1,Spring,2023,155.70000000000002,4.43526350032531,0.5183608302288452,0.38061585058051495,31.59,16.290655400000002,6.8258655,0.9099461999999999,2.3866065629333018,23.1165209,12.54,3.42,8.13,0.4206642066420664,0.79,0.17,0.03,27.3,64.9,6.2,1.4,0.2,12.16,14,39.5,32.5,11.5,35.5,22,630,5.3,11.51,4.86,0.001,20.17,40.42,273.59,4.32,70.45,1162.39,4336.35,2533.65,327.05,368.03,244.12,4,2,4,2,4,2
3013,3,2311,Spring,HH,H,H,101.0067703,2.084415584,16.41126761,17.36448589,-0.953218285,0.127011248,1.941929452,0.142486132,1143,Magnitude,HH,S,Wean,2,Spring,2023,259.2,0.9078658414853265,0.895386676875957,0.9824544012688341,29.91,18.2829966,10.2288772,2.3649324,1.7873903696878872,28.5118738,18.86,5.06,12.49,0.4051240992794235,0.94,0.31,0.06,26.8,66.3,5,1.6,0.3,10.54,12.7,35.7,33.9,12,35.6,21.2,763,5.6,2.21,4.33,0.001,302.81,0.001,241.61,2.91,62.05,980.05,2913.61,1588.3,264.71,607.98,218.24,<2,0,1024,10,<4,0
3013,3,2311,Spring,HH,H,H,101.0067703,2.084415584,16.41126761,17.36448589,-0.953218285,0.127011248,1.941929452,0.142486132,1143,Magnitude,HH,S,14DPW,3,Spring,2023,279.90000000000003,1.0672523041474653,0.7438732264602912,4.995744680851063,22.1,13.185991900000001,11.465219699999999,1.5594795,1.1500862822541467,24.6512116,14.26,4.19,9.18,0.45642701525054474,0.65,0.18,0.06,29.4,64.4,4.5,1.3,0.4,10.66,12.6,35.2,33,11.8,35.7,21.7,569,5.4,6,4.51,0.001,145.31,0.001,233.74,4.32,43.7,1076.7,1969.68,1435.66,229.5,336.97,186.13,2,1,1024,10,<4,0
3013,3,2311,Spring,HH,H,H,101.0067703,2.084415584,16.41126761,17.36448589,-0.953218285,0.127011248,1.941929452,0.142486132,1143,Magnitude,HH,S,60DPW,4,Spring,2023,322.2,7.352430555555556,1.1235402581438227,0.7019230769230769,31.57,18.253627,15.4002501,1.2289913000000001,1.185281205270816,33.6538771,12.24,3.34,8.17,0.408812729498164,0.53,0.17,0.03,27.3,66.7,4.3,1.4,0.3,10.14,12,34.4,33.9,11.8,34.9,22.2,655,5.9,2.71,3.42,0.001,0.001,54.62,171.67,21.29,57.39,4285.24,2282.32,1590.57,232.18,321.31,145.37,<2,0,512,9,<4,0
3013,3,2311,Spring,HH,H,H,101.0067703,2.084415584,16.41126761,17.36448589,-0.953218285,0.127011248,1.941929452,0.142486132,1143,Magnitude,HH,S,28DF,5,Spring,2023,378,1.2096317280453255,1.1245889660211912,0.9932258818033171,7.781000000000001,12.1139631,11.842104800000001,1.4747071999999999,1.0229569240089817,23.9560679,15.6,3.33,10.83,0.3074792243767313,1.25,0.16,0.03,21.3,69.4,8.1,1.1,0.1,8.5,11.3,30.9,36.4,13.4,36.7,30.9,118,5,3.69,16.24,0.001,36.35,539.02,417.56,1.8,100.14,537.99,2283.83,1726.12,353.05,637.22,238.55,<2,0,512,9,64,6
3016,4,2311,Spring,HH,H,H,93.53433101,2.25974026,15.20985915,16.59549749,-1.38563833,0.148570755,1.985873401,0.273866859,1225,GrowthFund,HH,S,Brand,1,Spring,2023,132.75,9.66803840877915,5.560686015831135,1.612964728312679,10.19,20.889565899999997,5.9326223,1.6098053,3.5211353165024506,26.8221882,7.15,2.45,4.26,0.5751173708920189,0.33,0.09,0.02,34.3,59.5,4.6,1.3,0.3,11.86,14.4,40.1,33.8,12.1,35.9,23.1,472,5,15.01,1.08,0.001,8.85,4.18,223.8,5.01,42.6,275.26,4306.33,1734.57,279.69,166.51,108.44,4,2,16,4,4,2
3016,4,2311,Spring,HH,H,H,93.53433101,2.25974026,15.20985915,16.59549749,-1.38563833,0.148570755,1.985873401,0.273866859,1225,GrowthFund,HH,S,Wean,2,Spring,2023,248.4,0.9701970197019701,0.9260539046302695,1.0158298533553463,15.11,13.8132225,7.6250588,3.0215464,1.8115561941633815,21.4382813,8.87,2.49,5.94,0.4191919191919192,0.2,0.21,0.03,28.1,67,2.2,2.3,0.4,10.69,12.8,36.9,34.5,12,34.8,21.4,489,5.5,5.3,81.52,3.95,32.71,0.44,378.02,3.45,365.21,578.58,1659.98,1694.31,521.53,3627.28,273.91,<2,0,8,3,<4,0
3016,4,2311,Spring,HH,H,H,93.53433101,2.25974026,15.20985915,16.59549749,-1.38563833,0.148570755,1.985873401,0.273866859,1225,GrowthFund,HH,S,14DPW,3,Spring,2023,264.6,6.000000000000001,0.836359457595955,0.9536615340128678,10.63,14.1076718,7.8604547,2.147633,1.794765358802971,21.9681265,6.42,2.05,3.93,0.5216284987277353,0.34,0.1,0,31.8,61.3,5.2,1.6,0.1,6.72,8.2,22.9,34,12.2,35.7,20.8,195,5.9,5.18,20.63,0.001,0.001,0.001,256.13,12.14,139.34,822.65,1549.3,1131.08,885.19,680.87,157.28,<2,0,1024,10,<4,0
3016,4,2311,Spring,HH,H,H,93.53433101,2.25974026,15.20985915,16.59549749,-1.38563833,0.148570755,1.985873401,0.273866859,1225,GrowthFund,HH,S,60DPW,4,Spring,2023,306.90000000000003,1.040385989992852,0.9968677652185753,0.9819607843137254,13.22,16.6503572,9.8551759,1.7202231000000001,1.6895038068270296,26.5055331,7.96,2.67,4.7,0.5680851063829787,0.45,0.11,0.03,33.5,59.1,5.6,1.4,0.4,9.21,10.9,31.7,34.4,11.8,34.3,21.1,472,5.6,7.16,22.45,0.001,0.001,0.001,164.22,23.08,81.6,1741.07,3017.76,1428.17,1087.47,549.09,136.87,<2,0,256,8,<4,0
3016,4,2311,Spring,HH,H,H,93.53433101,2.25974026,15.20985915,16.59549749,-1.38563833,0.148570755,1.985873401,0.273866859,1225,GrowthFund,HH,S,28DF,5,Spring,2023,341.1,0.872197827594176,1.1682602756736618,0.9805805396565824,5.088,16.1144643,8.989887099999999,1.8117518000000001,1.7925101973750042,25.1043514,15.15,8.08,5.62,1.4377224199288257,1.31,0.13,0.01,53.4,37.1,8.6,0.8,0.1,7.72,10.2,27.8,36,13.2,36.7,29.2,331,5.8,7.73,60.06,0.001,0.001,124.78,273.17,1.8,144.55,548.35,2393.59,1388.99,346.97,3025.69,325.44,<2,0,128,7,<4,0
3018,3,2311,Spring,HH,H,H,91.07215398,1.902597403,16.72394366,15.37958427,1.344359396,0.113764878,2.151449119,-0.248851716,1131,GrowthFund,HH,S,Brand,1,Spring,2023,129.15,1.1871976181615185,1.352542372881356,0.9492934330839566,23.900000000000002,16.1645605,3.0552648,0.8824961,5.290723245985095,19.2198253,10.28,2.35,7.19,0.32684283727399166,0.58,0.14,0.02,22.8,70,5.7,1.3,0.2,11.8,15.6,43.2,36.6,13.2,36.2,22.7,860,5.2,13.91,4.6,0.001,15.06,21.01,299.84,3.27,56.44,641.65,9860.44,2751.32,270.08,289.72,962.69,4,2,16,4,4,2
3018,3,2311,Spring,HH,H,H,91.07215398,1.902597403,16.72394366,15.37958427,1.344359396,0.113764878,2.151449119,-0.248851716,1131,GrowthFund,HH,S,Wean,2,Spring,2023,231.3,1.0147197584449898,0.9323292968352498,1.1212121212121213,31.53,7.6993320999999995,4.6743834,2.2189172999999998,1.6471332026380205,12.3737155,12.16,2.24,9.26,0.24190064794816418,0.34,0.28,0.04,18.4,76.2,2.8,2.3,0.3,8.05,12.9,36.8,45.7,16.1,35.1,23.5,990,5.6,6.29,33.8,0.001,52.47,14.46,291.91,2.91,156.2,727.52,1807.19,1989.97,537.75,1843.42,1032.41,<2,0,4,2,<4,0
3018,3,2311,Spring,HH,H,H,91.07215398,1.902597403,16.72394366,15.37958427,1.344359396,0.113764878,2.151449119,-0.248851716,1131,GrowthFund,HH,S,14DPW,3,Spring,2023,247.5,1.0550789293067948,0.8876208897485495,0.739489582049069,19.59,14.7819487,10.3407991,2.4135967000000003,1.4294783756121903,25.1227478,13.67,4.73,8.06,0.586848635235732,0.64,0.19,0.05,34.5,59,4.7,1.4,0.4,7.99,12.1,34.1,42.7,15.2,35.6,23.8,497,5.8,2.59,10.81,0.001,0.001,0.001,114.02,2.49,58.4,667.7,1363.29,1386.37,239.24,268.27,483.93,<2,0,1024,10,<4,0
3018,3,2311,Spring,HH,H,H,91.07215398,1.902597403,16.72394366,15.37958427,1.344359396,0.113764878,2.151449119,-0.248851716,1131,GrowthFund,HH,S,60DPW,4,Spring,2023,284.40000000000003,6.2530769230769225,0.9892116182572614,0.9503649635036495,20.78,12.7022292,11.5080674,2.040674,1.1037673623635538,24.2102966,12.95,5.33,6.73,0.7919762258543833,0.65,0.21,0.03,41.2,51.9,5,1.7,0.2,8.53,12.2,34.7,40.7,14.3,35,21.9,773,6,3.46,21.36,0.001,155.5,0.001,134.67,8.62,128.18,1731.66,1114.91,1086.49,136.46,982.23,281.19,<2,0,256,8,<4,0
3018,3,2311,Spring,HH,H,H,91.07215398,1.902597403,16.72394366,15.37958427,1.344359396,0.113764878,2.151449119,-0.248851716,1131,GrowthFund,HH,S,28DF,5,Spring,2023,332.55,1.189967550027042,0.8838289962825279,0.9217443973349486,13.76,11.3662367,9.626828699999999,1.762412,1.180683385381107,20.9930654,10.64,3.34,6.5,0.5138461538461538,0.7,0.07,0.03,31.4,61.1,6.6,0.6,0.3,8.07,11.9,33.5,41.5,14.8,35.6,27,558,6.1,3.26,6.94,0.001,32.97,0.001,245.64,0.85,50.98,417.97,1705.93,1794.54,239.77,268.27,385.09,<2,0,64,6,<4,0
3019,3,2311,Spring,HH,H,H,91.36296467,2.363636364,15.52535211,16.49487704,-0.969524931,0.152243656,2.051219463,0.312416901,1117,Peyton,HH,S,Brand,1,Spring,2023,133.65,1.8881513441752409,0.8950715421303657,0.8271500843170321,9.557,13.5570346,12.1725756,3.5500416,1.1137359130470301,25.7296102,8.03,2.46,4.75,0.5178947368421053,0.63,0.15,0.04,30.6,59.2,7.8,1.9,0.5,11.21,12.9,38.8,34.6,11.5,33.2,20.4,528,5.2,24.86,233.99,69.1,17.66,0.001,1749.33,7.04,764.83,1290.79,5459.2,3074.28,333.41,14875.35,544.45,<2,0,<2,0,<4,0
3019,3,2311,Spring,HH,H,H,91.36296467,2.363636364,15.52535211,16.49487704,-0.969524931,0.152243656,2.051219463,0.312416901,1117,Peyton,HH,S,Wean,2,Spring,2023,214.20000000000002,0.9602202601348143,0.9134934583089243,0.9643914081145584,30.92,10.8720711,12.4390182,2.6162156000000003,0.8740296802524173,23.3110893,8.85,1.35,6.36,0.21226415094339623,0.55,0.57,0.02,15.2,71.9,6.3,6.4,0.2,9.27,11.6,33.2,35.9,12.5,34.9,22.6,416,5.6,15.2,63.3,98.73,0.001,243.91,559.67,13.87,267.25,1006.99,1632.04,1328.65,122.79,3086.34,232.45,<2,0,128,7,4,2
3019,3,2311,Spring,HH,H,H,91.36296467,2.363636364,15.52535211,16.49487704,-0.969524931,0.152243656,2.051219463,0.312416901,1117,Peyton,HH,S,14DPW,3,Spring,2023,234,3.1604075691411935,3.411392405063291,0.2313056954668733,29.04,11.7400894,17.8741643,3.5062066,0.6568189260742109,29.6142537,15.28,6.83,7.02,0.972934472934473,1.11,0.28,0.04,44.7,46,7.2,1.8,0.3,8.23,10.6,29.2,35.5,12.8,36.2,22.7,494,5.6,31.41,113.89,354.34,27.5,263.7,782.82,30.51,390.28,1382.73,2331.22,1626.9,215.54,5893.97,348.64,<2,0,256,8,<4,0
3019,3,2311,Spring,HH,H,H,91.36296467,2.363636364,15.52535211,16.49487704,-0.969524931,0.152243656,2.051219463,0.312416901,1117,Peyton,HH,S,60DPW,4,Spring,2023,269.1,1.090130308880309,1.2541420949171582,1.0502961886665922,23.16,10.647346599999999,16.6572636,2.693894,0.6392014232157555,27.3046102,10.98,3.66,6.44,0.5683229813664596,0.68,0.17,0.03,33.4,58.7,6.1,1.5,0.3,9.26,12,34.9,37.7,13,34.4,22,843,5.5,6.69,289.98,94.65,17.66,1228.63,1465.97,13.09,782.97,1300.83,3000.71,2273.52,277.38,24980.81,466.23,<2,0,128,7,<4,0
3019,3,2311,Spring,HH,H,H,91.36296467,2.363636364,15.52535211,16.49487704,-0.969524931,0.152243656,2.051219463,0.312416901,1117,Peyton,HH,S,28DF,5,Spring,2023,334.35,1.0559206733540876,1.258618181818182,1.00055984772142,22.43,9.3855,13.9659632,2.9018747,0.6720266884277628,23.351463199999998,13.37,4.4,8.29,0.5307599517490954,0.59,0.07,0.02,32.9,62,4.5,0.5,0.1,8.07,11.5,32.4,40.1,14.3,35.6,29.2,607,5.4,9.76,204.5,0.001,0.001,793.55,1064.11,4.11,566.37,719.11,2750.33,2053.5,235.53,14330.04,355.46,<2,0,256,8,1024,10
3113,4,2311,Spring,HH,H,H,101.0770359,2.311688312,17.24084507,17.90277784,-0.661932771,0.134082077,2.006250386,0.305437926,104,Peyton,HH,S,Brand,1,Spring,2023,160.65,3.8472791105909887,0.7653631284916201,0.6487226277372263,7.019,13.5766222,7.0420324,1.8807011999999999,1.9279408882015368,20.6186546,12.18,2.86,8.2,0.3487804878048781,0.87,0.22,0.03,23.5,67.4,7.1,1.8,0.2,12.33,14.8,41.3,33.5,12,35.9,22,543,5,8.49,6.66,0.001,54.8,61.23,338.04,0.85,71.9,714.14,2454.22,1520.21,341.22,179.14,519.97,4,2,32,5,16,4
3113,4,2311,Spring,HH,H,H,101.0770359,2.311688312,17.24084507,17.90277784,-0.661932771,0.134082077,2.006250386,0.305437926,104,Peyton,HH,S,Wean,2,Spring,2023,265.5,1.1006238679814853,0.947513812154696,0.9895773016792127,13.63,13.9942369,11.448476300000001,3.002796,1.2223667615925449,25.4427132,11.45,0.91,8.95,0.1016759776536313,0.91,0.56,0.12,7.9,78.1,8,5,1,10.76,13.5,37.8,35.1,12.5,35.6,21.4,507,5.6,1.83,4.43,0.001,56.68,0.001,245.26,1.95,64.49,462.47,2175.42,1088.3,131.26,293.59,603.85,<2,0,32,5,<4,0
3113,4,2311,Spring,HH,H,H,101.0770359,2.311688312,17.24084507,17.90277784,-0.661932771,0.134082077,2.006250386,0.305437926,104,Peyton,HH,S,14DPW,3,Spring,2023,274.5,0.897397854371148,1.1058404167809157,0.9312207943925234,28.560000000000002,16.7377353,13.2975335,2.6034843999999997,1.2587097674918435,30.0352688,13.42,4.39,7.82,0.5613810741687979,0.86,0.3,0.05,32.7,58.3,6.4,2.2,0.4,10.06,12.6,34.5,34.3,12.5,36.3,21.4,522,5.7,6.4,4.43,0.001,27.5,0.001,152.75,13.48,72.7,689.53,1533.34,1050.44,97.72,274.6,515.84,<2,0,256,8,<4,0
3113,4,2311,Spring,HH,H,H,101.0770359,2.311688312,17.24084507,17.90277784,-0.661932771,0.134082077,2.006250386,0.305437926,104,Peyton,HH,S,60DPW,4,Spring,2023,308.7,1.1478166531055058,1.2200978212538904,1.2264526564638545,19.17,13.6749622,13.2549934,4.2433993,1.031683818114915,26.9299556,8.13,0.86,6.16,0.1396103896103896,0.86,0.22,0.03,10.5,75.8,10.6,2.7,0.4,9.47,11.4,33.1,34.9,12,34.4,20.8,313,6.2,2.45,12.18,0.001,27.5,0.001,232.56,1.95,99.34,137.71,1038.26,721.71,124.59,607.47,246.92,<2,0,256,8,<4,0
3113,4,2311,Spring,HH,H,H,101.0770359,2.311688312,17.24084507,17.90277784,-0.661932771,0.134082077,2.006250386,0.305437926,104,Peyton,HH,S,28DF,5,Spring,2023,358.65000000000003,0.8033512064343165,1.0351714190613557,1.1659827928524158,10.13,13.6158776,10.9764895,2.2477274,1.240458308642303,24.592367099999997,11.65,4.43,5.78,0.7664359861591694,1.25,0.18,0.01,38,49.6,10.8,1.5,0.1,8.93,11.9,32.5,36.4,13.3,36.5,27.2,342,5.5,17.81,5.41,0.001,0.001,13.61,421.69,0.29,61.05,119.18,1209.3,890.14,218.16,191.93,441.94,<2,0,128,7,128,7
3117,4,2311,Spring,HH,H,H,94.11051927,2.084415584,17.26760563,16.27942975,0.988175883,0.120712485,2.137944623,-0.053529039,9211,Regiment,HH,S,Brand,1,Spring,2023,161.1,5.074460163812361,0.7036713286713286,0.7963045745790494,14.25,14.931811699999999,6.738751,1.8783228,2.2158129451585316,21.670562699999998,9.88,3.84,5.29,0.7258979206049149,0.6,0.1,0.05,38.8,53.6,6,1.1,0.5,10.71,13.7,39.7,37.1,12.8,34.5,21.1,938,4.8,3.84,4.99,0.001,24.5,20.46,287.31,0.57,62.78,207.05,3462.42,1448.74,302.12,75.59,515.15,16,4,64,6,8,3
3117,4,2311,Spring,HH,H,H,94.11051927,2.084415584,17.26760563,16.27942975,0.988175883,0.120712485,2.137944623,-0.053529039,9211,Regiment,HH,S,Wean,2,Spring,2023,249.3,0.9447422278530356,0.9080137199875273,0.8173605290118282,31.79,13.4984315,10.226812599999999,1.584299,1.319906018420637,23.725244099999998,12.55,2.04,9.55,0.21361256544502616,0.62,0.27,0.07,16.2,76.1,5,2.2,0.5,9.6,12.3,35.5,37,12.8,34.7,20.9,765,5.2,3.89,4.29,0.001,0.001,0.001,233.68,0.85,45.02,516.02,1984.23,1261.17,118.25,217.45,568.29,<2,0,<2,0,<4,0
3117,4,2311,Spring,HH,H,H,94.11051927,2.084415584,17.26760563,16.27942975,0.988175883,0.120712485,2.137944623,-0.053529039,9211,Regiment,HH,S,14DPW,3,Spring,2023,257.40000000000003,3.146067415730337,0.9897285399853265,2.84179104477612,38.410000000000004,11.5519139,10.8986299,1.9531983,1.059941846451727,22.4505438,11.38,3.44,6.84,0.5029239766081871,0.62,0.42,0.06,30.2,60.1,5.5,3.7,0.5,8.69,11.5,32,36.9,13.3,36,21.2,432,5.4,11.61,9.15,0.001,13.54,0.001,281.28,2.49,69.47,478.8,2750.33,1118.24,193.53,381.86,333.92,<2,0,16,4,<4,0
3117,4,2311,Spring,HH,H,H,94.11051927,2.084415584,17.26760563,16.27942975,0.988175883,0.120712485,2.137944623,-0.053529039,9211,Regiment,HH,S,60DPW,4,Spring,2023,265.5,1.1193280436399702,0.9652085222121487,0.9525309073944482,16.03,12.62867,12.2542708,2.7502942000000004,1.0305525482593383,24.8829408,6.57,0.98,5,0.196,0.38,0.18,0.03,14.9,76.1,5.7,2.8,0.5,10.64,13.5,39,36.6,12.7,34.7,22.3,790,5.1,8,1.62,0.001,8.43,0.001,143.52,31.94,52.89,1652.12,2952.15,1547.08,182.51,121.22,447.05,<2,0,128,7,<4,0
3117,4,2311,Spring,HH,H,H,94.11051927,2.084415584,17.26760563,16.27942975,0.988175883,0.120712485,2.137944623,-0.053529039,9211,Regiment,HH,S,28DF,5,Spring,2023,309.15000000000003,0.9992215302491101,0.983458054352107,0.9580124485705241,39.63,10.0857396,11.3296935,1.7421567,0.8902040995195502,21.4154331,10.11,2.55,5.13,0.49707602339181284,2.19,0.22,0.02,25.2,50.7,21.7,2.2,0.2,8.29,11.2,31.6,38.1,13.6,35.6,28.8,363,5.7,1.69,4.85,0.001,0.001,0.001,136.14,1.4,43.98,300.83,1858.14,1545.12,154.71,230.18,158.21,<2,0,64,6,<4,0
3129,3,2311,Spring,HH,H,H,102.6187933,2.136363636,17.08591549,17.73863275,-0.652717261,0.125036533,1.96531722,0.171046417,8136,Regiment,HH,S,Brand,1,Spring,2023,156.15,.,.,.,9.25,.,.,.,.,.,12.76,3.59,8.29,0.4330518697225573,0.65,0.21,0.02,28.2,65,5,1.6,0.2,9.39,11.8,33.8,36,12.6,35.1,21.3,788,5.1,13.84,135.86,54.24,122.52,77.52,1214.13,1.06,1098.26,743.49,4771.16,2132.71,534.06,14239.08,387.32,.,.,.,.,.,.
3129,3,2311,Spring,HH,H,H,102.6187933,2.136363636,17.08591549,17.73863275,-0.652717261,0.125036533,1.96531722,0.171046417,8136,Regiment,HH,S,Wean,2,Spring,2023,261.90000000000003,.,.,.,8.316,.,.,.,.,.,6.15,2.23,3.34,0.6676646706586826,0.32,0.25,0.01,36.2,54.3,5.3,4.1,0.1,3.01,3.9,10.8,35.9,12.8,35.8,21.2,238,5.1,5.99,204.61,57.14,124.81,11.77,1531.91,1.46,1589.09,955.64,4552.37,3073.54,298.07,27780.7,510.35,.,.,.,.,.,.
3129,3,2311,Spring,HH,H,H,102.6187933,2.136363636,17.08591549,17.73863275,-0.652717261,0.125036533,1.96531722,0.171046417,8136,Regiment,HH,S,14DPW,3,Spring,2023,288.90000000000003,.,.,.,12.24,.,.,.,.,.,10.88,3.7,6.56,0.5640243902439025,0.39,0.18,0.05,34,60.3,3.6,1.6,0.5,8.06,10.3,29.2,36.2,12.7,35.2,22.6,277,5.2,12.13,202.46,27.15,53.7,20.67,1640.42,1.56,1550.66,903.01,4860.25,2735.42,231.67,25658.44,397.69,.,.,.,.,.,.
3129,3,2311,Spring,HH,H,H,102.6187933,2.136363636,17.08591549,17.73863275,-0.652717261,0.125036533,1.96531722,0.171046417,8136,Regiment,HH,S,60DPW,4,Spring,2023,324.90000000000003,.,.,.,21.7,.,.,.,.,.,10.38,3.93,5.84,0.6729452054794521,0.31,0.28,0.02,37.9,56.3,2.9,2.7,0.2,8.86,12,34.4,38.8,13.5,34.9,21.6,727,5.7,12.54,169.23,278.85,24.07,83.46,1374.9,17.84,1221.81,878.82,4259.88,2232.93,292.09,18203.18,361.24,.,.,.,.,.,.
3129,3,2311,Spring,HH,H,H,102.6187933,2.136363636,17.08591549,17.73863275,-0.652717261,0.125036533,1.96531722,0.171046417,8136,Regiment,HH,S,28DF,5,Spring,2023,393.3,.,.,.,4.432,.,.,.,.,.,13.98,3.78,9.1,0.41538461538461535,0.96,0.13,0.01,27,65.1,6.9,0.9,0.1,7.67,10.8,30.3,39.5,14.1,35.6,21.6,570,6.2,13.14,181.55,123.47,0.0005,53.97,1426.03,4.97,1291.69,680.55,3982.31,2629.96,250.47,20969.87,431.29,.,.,.,.,.,.
3130,3,2311,Spring,HH,H,H,86.37587382,1.987012987,14.78169014,14.83650219,-0.054812054,0.134423937,2.085148254,-0.098135267,105,Magnitude,HH,S,Brand,1,Spring,2023,124.65,2.0369477911646587,0.9627118644067796,0.5178329571106095,9.834,10.3636818,3.48469,1.8242793,2.974061336876451,13.8483718,9.77,2.09,7.05,0.29645390070921984,0.48,0.13,0.02,21.4,72.1,5,1.3,0.2,10.7,13.9,39.5,37,13,35.2,21.8,841,5.1,12.1,7.91,0.001,48.9,0.001,341.85,1.67,109.9,460.25,9860.44,1945.5,241.36,375.57,308.99,16,4,32,5,32,5
3130,3,2311,Spring,HH,H,H,86.37587382,1.987012987,14.78169014,14.83650219,-0.054812054,0.134423937,2.085148254,-0.098135267,105,Magnitude,HH,S,Wean,2,Spring,2023,228.6,1.0413155001832173,1.016216216216216,0.9536914025431771,18.44,8.7749191,5.2012417,4.2269942,1.6870815866911166,13.976160799999999,13.09,3.61,8.87,0.406989853438557,0.27,0.29,0.05,27.6,67.7,2.1,2.3,0.3,6.45,9.2,24.8,38.4,14.3,37.2,21.5,278,6.3,3.07,18.35,0.001,62.11,0.001,370.87,0.57,126.98,873.45,2850.54,1389.75,243.49,832.32,180,<2,0,<2,0,<4,0
3130,3,2311,Spring,HH,H,H,86.37587382,1.987012987,14.78169014,14.83650219,-0.054812054,0.134423937,2.085148254,-0.098135267,105,Magnitude,HH,S,14DPW,3,Spring,2023,222.75,0.7911069939786939,0.8860971524288107,1.1841572708875396,4.434,9.0980909,7.1268248,3.4802044,1.2765980861491082,16.2249157,9.81,1.25,8.08,0.1547029702970297,0.33,0.14,0.01,12.7,82.4,3.4,1.4,0.1,7.98,12.5,35,43.9,15.7,35.8,31.4,499,6.1,3.6,20.68,0.001,72.18,0.001,159.03,1.12,165.5,1014.06,1318.11,1081.05,156.42,1119.8,181.2,<2,0,2048,11,<4,0
3130,3,2311,Spring,HH,H,H,86.37587382,1.987012987,14.78169014,14.83650219,-0.054812054,0.134423937,2.085148254,-0.098135267,105,Magnitude,HH,S,60DPW,4,Spring,2023,263.25,8.591738712776177,0.9388729703915952,1.0054054054054058,23.66,11.774576300000001,10.0944315,3.1495937,1.1664427362749452,21.869007800000002,12.29,5.78,5.45,1.0605504587155963,0.69,0.33,0.04,47,44.3,5.7,2.7,0.3,9.03,13,35.5,39.3,14.4,36.8,25.6,580,6.2,3.55,10.19,0.001,88.73,0.001,200.53,38.15,95.23,2817.58,1990.9,1746.76,215.63,607.47,211.91,<2,0,256,8,<4,0
3130,3,2311,Spring,HH,H,H,86.37587382,1.987012987,14.78169014,14.83650219,-0.054812054,0.134423937,2.085148254,-0.098135267,105,Magnitude,HH,S,28DF,5,Spring,2023,320.40000000000003,1.0079972966884434,0.8616614137775777,0.9573385518590998,31.310000000000002,8.8584849,7.1778164,2.5221821,1.2341476023265237,16.0363013,10.01,1.32,7.87,0.16772554002541296,0.7,0.1,0.02,13.1,78.7,7,1,0.2,7.91,12,33,41.8,15.2,36.3,31.6,485,5.8,2.35,8.74,0.001,63.85,0.001,601.82,2.08,94.88,748.07,2217.35,1740.45,171.89,394.44,239.5,<2,0,256,8,4,2
3131,3,2311,Spring,HH,H,H,86.67185077,1.909090909,15.53943662,14.70230445,0.837132165,0.122854577,2.139588407,-0.230497498,8166,Magnitude,HH,S,Brand,1,Spring,2023,130.5,1.648850016196955,0.9277108433734941,0.5041296060991106,3.277,10.3325207,4.053671,1.2598733999999998,2.548929279164491,14.3861917,7.53,1.59,5.38,0.2955390334572491,0.42,0.13,0.01,21.2,71.5,5.4,1.7,0.2,11.32,14.1,40.2,35.5,12.5,35.1,19.8,692,5.1,19.69,6.94,0.001,32.97,20.46,234.05,8.09,65.33,1093.74,9860.44,2342.77,453.08,217.45,283.15,8,3,64,6,32,5
3131,3,2311,Spring,HH,H,H,86.67185077,1.909090909,15.53943662,14.70230445,0.837132165,0.122854577,2.139588407,-0.230497498,8166,Magnitude,HH,S,Wean,2,Spring,2023,223.65,0.8172083061737591,1.0418444038188095,1.0462758482232484,8.726,6.8264046,8.4469075,4.4760047,0.8081542978894939,15.2733121,8.56,1.82,6.16,0.29545454545454547,0.25,0.3,0.03,21.3,71.9,3,3.5,0.3,9.82,12.8,35.7,36.4,13.1,35.9,22.9,535,4.9,1.36,60.79,0.001,67.26,0.001,500.57,2.49,278.8,586.08,2363.93,2312.58,374.56,3640.49,241.26,<2,0,8,3,<4,0
3131,3,2311,Spring,HH,H,H,86.67185077,1.909090909,15.53943662,14.70230445,0.837132165,0.122854577,2.139588407,-0.230497498,8166,Magnitude,HH,S,14DPW,3,Spring,2023,234.9,1.051391382405745,0.9044832026220296,0.9395904085623137,31.02,9.3130765,13.618820099999999,2.4552899,0.6838387196259388,22.931896599999998,8.9,2.52,5.7,0.4421052631578947,0.44,0.21,0.03,28.3,64.1,5,2.3,0.3,9.5,12.3,34.8,36.7,13,35.4,23.3,858,5.1,1.93,42.71,0.001,8.43,0.001,189.03,1.4,202.3,604.58,2806.35,1458.73,332.85,2168.27,317.54,<2,0,256,8,<4,0
3131,3,2311,Spring,HH,H,H,86.67185077,1.909090909,15.53943662,14.70230445,0.837132165,0.122854577,2.139588407,-0.230497498,8166,Magnitude,HH,S,60DPW,4,Spring,2023,269.55,6.686939571150097,0.6690217391304347,0.6058751529987759,11.32,11.8438056,21.0968488,2.2477274,0.5614016440218313,32.9406544,7.45,1.89,4.85,0.38969072164948454,0.5,0.19,0.02,25.4,65.1,6.7,2.5,0.3,8.81,11.9,33.6,38.1,13.6,35.6,23.3,803,5.8,2.21,18.08,0.001,35.51,0.001,130.24,40.86,103.69,1331.68,1527.29,1591.35,196.46,907.26,336.75,<2,0,128,7,<4,0
3131,3,2311,Spring,HH,H,H,86.67185077,1.909090909,15.53943662,14.70230445,0.837132165,0.122854577,2.139588407,-0.230497498,8166,Magnitude,HH,S,28DF,5,Spring,2023,312.75,0.8753531840904151,1.2160392798690671,1.037059476926184,6.098,8.7749191,14.945342400000001,2.3783859,0.587134029127362,23.7202615,8.91,1.48,6.61,0.22390317700453857,0.72,0.07,0.03,16.6,74.2,8,0.8,0.4,8.24,12.7,34.5,41.9,15.4,36.8,30.5,417,5.9,1.26,6.1,0.001,50.91,0.001,88.24,1.12,50.02,267.68,1483.9,1590.71,184.06,217.45,153.89,<2,0,64,6,<4,0
3132,3,2311,Spring,HL,H,L,91.43561912,2.311688312,18.36056338,16.38579733,1.974766055,0.125905086,2.274161653,0.037526658,9101,Fortune,HL,S,Brand,1,Spring,2023,130.05,2.5300589390962673,0.7684260580123632,3.3329923273657287,8.172,12.869143,5.79765,1.0645841,2.2197171267668794,18.666793,9.86,2.35,6.73,0.3491827637444279,0.63,0.13,0.02,23.9,68.2,6.4,1.3,0.2,10.68,14.2,40.6,38,13.3,34.9,22.5,718,5,24.06,5.41,0.001,0.001,25.44,327.02,3.57,38.02,339.67,4186.48,1728.43,228.84,172.74,185.89,8,3,64,6,8,3
3132,3,2311,Spring,HL,H,L,91.43561912,2.311688312,18.36056338,16.38579733,1.974766055,0.125905086,2.274161653,0.037526658,9101,Fortune,HL,S,Wean,2,Spring,2023,228.6,0.9650744735490498,1.0228242532499752,1.0335985853227232,17.330000000000002,17.4849526,11.6876479,2.5283484,1.4960197936832098,29.1726005,10.51,3.21,6.57,0.4885844748858447,0.37,0.29,0.07,30.5,62.6,3.4,2.8,0.7,9.9,12.5,37.1,37.5,12.6,33.7,23.9,597,5.5,7.81,6.24,0.001,174.99,0.001,283.16,1.4,74.28,353.95,2580.33,1395.48,329.81,242.89,142.33,<2,0,128,7,<4,0
3132,3,2311,Spring,HL,H,L,91.43561912,2.311688312,18.36056338,16.38579733,1.974766055,0.125905086,2.274161653,0.037526658,9101,Fortune,HL,S,14DPW,3,Spring,2023,245.70000000000002,0.8430857142857142,1.1777651568933691,1.0629392472278618,25.51,16.9827283,13.791811,2.8354007,1.2313631835587076,30.7745393,10.7,3.77,5.99,0.6293823038397328,0.6,0.27,0.07,35.2,56,5.7,2.5,0.6,9.81,12.9,36.7,37.4,13.2,35.3,23.9,407,5.4,10.83,14.24,18.4,54.8,0.001,244.89,5.97,118.43,473.82,2041.77,1097.7,284.21,594.96,119.34,<2,0,256,8,<4,0
3132,3,2311,Spring,HL,H,L,91.43561912,2.311688312,18.36056338,16.38579733,1.974766055,0.125905086,2.274161653,0.037526658,9101,Fortune,HL,S,60DPW,4,Spring,2023,270.90000000000003,2.520515428958969,2.5531914893617023,1.212134797877905,15.93,19.127226399999998,16.4639782,2.9018747,1.1617621310990316,35.5912046,7.27,0.95,5.4,0.1759259259259259,0.69,0.18,0.05,13.1,74.3,9.4,2.5,0.7,9.18,12.2,35.7,38.8,13.3,34.3,23.3,537,5.8,31.76,18.97,161.35,161.5,35.1,259.12,55.08,115.94,765.19,3368.95,1337.52,464.64,938.49,104.42,<2,0,64,6,<4,0
3132,3,2311,Spring,HL,H,L,91.43561912,2.311688312,18.36056338,16.38579733,1.974766055,0.125905086,2.274161653,0.037526658,9101,Fortune,HL,S,28DF,5,Spring,2023,325.35,1.2230175438596493,0.8056872037914693,0.8660765826438328,24.19,16.0027099,11.6276525,2.1025457999999997,1.3762631709194955,27.6303624,6.97,1.39,4.8,0.2895833333333333,0.62,0.15,0.01,19.9,68.8,8.9,2.2,0.2,8.28,11.9,33.9,40.9,14.4,35.2,26.8,404,5.8,5.82,6.73,0.001,0.001,0.001,444.98,0.001,66.59,202.21,2420.29,1637.2,382.06,172.74,200.27,<2,0,32,5,<4,0
3201,4,2311,Spring,HH,H,H,99.73918453,1.948051948,17.61549296,16.84870213,0.766790832,0.110587422,2.060772816,-0.112720868,5042,Regiment,HH,S,Brand,1,Spring,2023,176.85,5.127272727272728,0.8674971687429218,0.7758830694275275,3.747,15.727629199999999,3.8220871,2.1553296,4.114932179332072,19.5497163,9.97,2.58,6.68,0.3862275449101797,0.58,0.11,0.02,25.9,67,5.8,1.1,0.2,10.26,12.9,37.1,36.1,12.6,34.8,20.2,751,5.4,12.3,13.83,233.41,100.98,84.79,231.06,18.57,100.35,206.76,2629.8,1497.49,170.86,719.92,127.94,32,5,128,7,32,5
3201,4,2311,Spring,HH,H,H,99.73918453,1.948051948,17.61549296,16.84870213,0.766790832,0.110587422,2.060772816,-0.112720868,5042,Regiment,HH,S,Wean,2,Spring,2023,281.7,0.969051520116512,0.9599680454464763,1.029604353038827,3.319,34.1253928,19.0986598,6.2978434000000005,1.7867951551239214,53.2240526,16.36,3.14,12.18,0.25779967159277506,0.65,0.31,0.08,19.2,74.5,3.9,1.9,0.5,9.26,12.8,36.5,39.4,13.8,35.1,23.6,633,5.4,100.64,192.1,3737.76,979.54,458.21,1765.58,962.8,738.98,572.72,3991.39,2070.34,225.86,25074.91,321.67,<2,0,4,2,<4,0
3201,4,2311,Spring,HH,H,H,99.73918453,1.948051948,17.61549296,16.84870213,0.766790832,0.110587422,2.060772816,-0.112720868,5042,Regiment,HH,S,14DPW,3,Spring,2023,296.1,0.9413216048058355,1.0597222222222222,0.9644231890820016,21.48,15.614500300000001,12.2747343,3.0064677,1.2720845859775556,27.8892346,11.19,3.73,6.89,0.5413642960812772,0.42,0.13,0.02,33.3,61.6,3.8,1.1,0.2,9.43,13.2,37,39.3,14,35.5,22.7,501,5.7,27.85,67.63,1041.81,297.66,20.46,606.66,173.18,317.99,525.63,2306.66,1683,192.32,3760.38,207.84,<2,0,128,7,<4,0
3201,4,2311,Spring,HH,H,H,99.73918453,1.948051948,17.61549296,16.84870213,0.766790832,0.110587422,2.060772816,-0.112720868,5042,Regiment,HH,S,60DPW,4,Spring,2023,315,1.2029947732730615,1.2820547573868257,0.9331280246370435,23.94,15.214257400000001,11.2705003,3.0809094,1.349918547981406,26.484757700000003,11.3,2.94,7.62,0.3858267716535433,0.52,0.2,0.02,26,67.5,4.6,1.7,0.2,8.71,12.2,34.6,39.7,14,35.3,21.5,589,6,8.68,17.81,114.65,92.92,67.19,141.31,11.78,111.5,262.34,1495.64,735.95,149,926,82.84,<2,0,64,6,<4,0
3201,4,2311,Spring,HH,H,H,99.73918453,1.948051948,17.61549296,16.84870213,0.766790832,0.110587422,2.060772816,-0.112720868,5042,Regiment,HH,S,28DF,5,Spring,2023,371.7,0.8437873681921945,0.7589619529360017,1.0033710570671803,27.87,13.5570346,17.3206117,3.0960322000000002,0.7827110748057472,30.877646300000002,10.77,2.2,7.37,0.2985074626865672,1.02,0.16,0.02,20.5,68.4,9.5,1.4,0.2,6.81,10.3,28.5,41.8,15.1,36.2,26,605,6,18.51,4.22,0.001,17.66,0.001,354.81,1.4,54.76,116.12,3207.01,1301.92,254.7,185.54,157.48,<2,0,128,7,<4,0
3205,3,2311,Spring,HH,H,H,109.0535127,1.506493506,18.15633803,17.28987359,0.866464438,0.082973423,1.930312564,-0.423819058,6011,Regiment,HH,S,Brand,1,Spring,2023,142.20000000000002,4.387921022067364,0.9579955784819455,0.8544262295081965,5.335,9.7088134,6.991272400000001,1.7511367,1.388704779976818,16.7000858,10.97,3.32,6.68,0.49700598802395207,0.81,0.14,0.02,30.3,60.9,7.4,1.3,0.1,9.42,12.4,36.2,38.4,13.2,34.3,21.4,657,5.5,28.2,5.41,0.001,0.001,0.001,347.18,0.57,33.94,323.2,9860.44,1543.16,214.24,49.12,791.86,32,5,256,8,8,3
3205,3,2311,Spring,HH,H,H,109.0535127,1.506493506,18.15633803,17.28987359,0.866464438,0.082973423,1.930312564,-0.423819058,6011,Regiment,HH,S,Wean,2,Spring,2023,304.2,0.9547193310203719,0.9008470353761833,0.9209148044692739,16.32,9.7088134,12.8542859,3.822104,0.7552977641488431,22.5630993,10.44,2.06,7.51,0.27430093209054596,0.4,0.36,0.11,19.7,71.9,3.9,3.4,1.1,8.42,12,33.8,40.1,14.2,35.4,23.1,781,5.7,13.53,4.29,0.001,40.27,0.001,184.95,4.91,148.36,337.82,2180.45,1264.98,157.36,140.6,682.48,<2,0,32,5,<4,0
3205,3,2311,Spring,HH,H,H,109.0535127,1.506493506,18.15633803,17.28987359,0.866464438,0.082973423,1.930312564,-0.423819058,6011,Regiment,HH,S,14DPW,3,Spring,2023,309.6,0.9696412143514258,0.9675955112848316,0.9168603422776253,19.6,9.590357,16.0106931,2.9845083999999997,0.5989969915793338,25.601050100000002,10.85,4.78,5.29,0.9035916824196598,0.64,0.12,0.02,44,48.8,5.9,1.2,0.1,8,11.3,32,40,14.1,35.2,22.8,662,5.9,19.25,3.87,0.001,37.94,0.001,211.32,2.49,100.35,484.88,2048.44,1035.04,169.23,255.59,642.02,<2,0,64,6,<4,0
3205,3,2311,Spring,HH,H,H,109.0535127,1.506493506,18.15633803,17.28987359,0.866464438,0.082973423,1.930312564,-0.423819058,6011,Regiment,HH,S,60DPW,4,Spring,2023,331.65000000000003,0.9852102014673344,1.0303235413564371,0.8425885439440315,17.07,12.4102546,18.5442537,2.3609592999999998,0.6692237283186004,30.9545083,7.67,2.77,4.1,0.675609756097561,0.59,0.18,0.03,36.2,53.4,7.7,2.3,0.4,7.9,11.1,31.7,40.1,14.1,35.1,22.2,627,6.2,15.64,2.04,0.001,37.94,0.001,222.86,19.61,31.48,1040.75,2700.47,826.11,120.82,153.48,299.52,<2,0,64,6,<4,0
3205,3,2311,Spring,HH,H,H,109.0535127,1.506493506,18.15633803,17.28987359,0.866464438,0.082973423,1.930312564,-0.423819058,6011,Regiment,HH,S,28DF,5,Spring,2023,418.5,1.0270199024647424,0.7656309208033347,0.9378396739130432,21.79,10.6155389,16.9745035,2.9627176,0.625381408062981,27.5900424,11.27,3.51,6.58,0.533434650455927,1.01,0.16,0.01,31.1,58.4,9,1.4,0.1,7.15,10.8,30.2,42.2,15.1,35.9,26.1,464,6.7,10.73,7.84,0.001,50.91,0.001,389.29,0.001,88.54,305.68,1820.02,1040.55,246.33,261.93,581.27,<2,0,64,6,64,6
3211,4,2311,Spring,HL,H,L,110.3524589,1.772727273,20.8971831,18.11186953,2.785313573,0.08483092,2.122980419,-0.350253146,6017,Fortune,HL,S,Brand,1,Spring,2023,191.25,0.9879531267112036,1.025048610316825,1.0341900495166232,3.766,12.869143,5.345332,0.9933501,2.4075479315410155,18.214475,13.84,3.24,9.14,0.3544857768052516,1,0.41,0.05,23.4,66.1,7.2,2.9,0.4,10.95,13.7,38.4,35.1,12.5,35.7,25.7,674,5.3,10.54,7.91,0.001,0.001,84.79,262.12,1.12,99,343.21,2135.26,1212.32,207.98,230.18,775.68,32,5,64,6,32,5
3211,4,2311,Spring,HL,H,L,110.3524589,1.772727273,20.8971831,18.11186953,2.785313573,0.08483092,2.122980419,-0.350253146,6017,Fortune,HL,S,Wean,2,Spring,2023,284.40000000000003,1.0407474931631724,0.982107008815571,0.9880421202927003,12.1,15.170449300000001,14.2956885,2.4673258,1.0611905330757592,29.466137800000002,11.89,1.17,9.16,0.1277292576419214,0.76,0.66,0.14,9.8,77,6.4,5.6,1.2,11.32,14.6,41.3,36.5,12.9,35.3,22.7,520,5.7,10.24,21.5,0.001,0.001,0.001,260.99,0.001,75.84,609.48,2914.29,1067.96,225.42,738.66,663.06,2,1,4,2,<4,0
3211,4,2311,Spring,HL,H,L,110.3524589,1.772727273,20.8971831,18.11186953,2.785313573,0.08483092,2.122980419,-0.350253146,6017,Fortune,HL,S,14DPW,3,Spring,2023,307.8,0.8494406093787195,0.8380613153542806,1.24708807747677,36.97,15.9795911,16.1529707,2.0457701999999998,0.9892663954377134,32.132561800000005,12.56,3.36,8.33,0.4033613445378151,0.51,0.31,0.05,26.8,66.4,4,2.4,0.4,10.59,13.6,38.3,36.2,12.8,35.5,22.3,450,5.8,5.87,3.03,0.001,54.8,0.001,614.75,0.001,40.79,495.5,2569.79,1071.97,259.35,101.75,489.49,<2,0,128,7,<4,0
3211,4,2311,Spring,HL,H,L,110.3524589,1.772727273,20.8971831,18.11186953,2.785313573,0.08483092,2.122980419,-0.350253146,6017,Fortune,HL,S,60DPW,4,Spring,2023,345.15000000000003,3.994983277591973,1.0948372615039281,0.743430152143845,31.09,15.9795911,19.6381424,2.0534346,0.8137017633602657,35.6177335,9.77,0.71,7.63,0.09305373525557012,1.06,0.32,0.05,7.2,78,10.9,3.3,0.6,10.88,13.7,38.8,35.7,12.6,35.4,21.7,445,6.1,3.22,4.43,0.001,13.54,0.001,86.77,1.81,38.58,679.43,1716.5,727.42,137.15,179.14,404.28,<2,0,64,6,<4,0
3211,4,2311,Spring,HL,H,L,110.3524589,1.772727273,20.8971831,18.11186953,2.785313573,0.08483092,2.122980419,-0.350253146,6017,Fortune,HL,S,28DF,5,Spring,2023,406.8,1.0968808394422882,0.7517218760249262,0.9387048366616645,16.25,14.5704884,15.9398494,1.6802778,0.9140919737924249,30.510337800000002,11.43,3.23,7.34,0.44005449591280654,0.43,0.39,0.04,28.3,64.2,3.7,3.4,0.4,9.27,12.6,34.2,36.9,13.6,36.8,26.1,371,6.1,7.13,2.61,0.001,0.001,0.001,304.67,0.001,139.88,429.12,3172.5,1655.5,221.66,35.71,429.6,<2,0,64,6,<4,0
3215,3,2311,Spring,HH,H,H,90.19785606,2.181818182,16.43943662,15.88976976,0.549666857,0.132718549,2.145203708,0.036614473,5156,Peyton,HH,S,Brand,1,Spring,2023,160.20000000000002,0.9382997180654957,1.0368358144083452,1.0422518447988576,5.698,8.5682347,7.0420324,1.0026892,1.2167275316711124,15.6102671,12.18,3.4,7.99,0.425531914893617,0.64,0.14,0.01,27.9,65.6,5.2,1.2,0.1,13.93,16,45.5,32.6,11.5,35.3,20.9,848,5.2,11.27,4.01,0.001,13.54,67.19,776.5,0.85,65.33,454.7,2627.14,2124.19,465.5,88.7,659.58,8,3,64,6,4,2
3215,3,2311,Spring,HH,H,H,90.19785606,2.181818182,16.43943662,15.88976976,0.549666857,0.132718549,2.145203708,0.036614473,5156,Peyton,HH,S,Wean,2,Spring,2023,259.2,1.0379854483605782,0.9516129032258066,0.9927093775631094,34.24,7.7074948,12.7498501,1.2491845,0.6045165032959878,20.4573449,10.21,1.98,7.46,0.26541554959785524,0.37,0.34,0.06,19.4,73,3.6,3.4,0.6,11.88,14.8,40,33.7,12.4,36.9,22.9,651,5.1,7.42,17.81,0.001,0.001,0.001,184.21,0.001,116.56,395.31,2329.53,1513.63,1020.02,919.75,548.31,<2,0,4,2,<4,0
3215,3,2311,Spring,HH,H,H,90.19785606,2.181818182,16.43943662,15.88976976,0.549666857,0.132718549,2.145203708,0.036614473,5156,Peyton,HH,S,14DPW,3,Spring,2023,267.3,0.9055866649303295,0.9099699899966657,0.9566129388385958,29.02,8.045213200000001,24.4893793,4.607675700000001,0.32851846106201643,32.5345925,8.31,1.88,5.86,0.3208191126279863,0.46,0.08,0.03,22.5,70.5,5.6,1,0.4,11.42,14,38.3,33.5,12.3,36.5,22.7,283,5.5,7.71,46.1,0.001,50.91,0.001,374.7,3.84,329.56,460.11,1235.97,1451.08,906.57,2110.81,201.2,<2,0,4,2,<4,0
3215,3,2311,Spring,HH,H,H,90.19785606,2.181818182,16.43943662,15.88976976,0.549666857,0.132718549,2.145203708,0.036614473,5156,Peyton,HH,S,60DPW,4,Spring,2023,279.45,0.8964071177603989,1.1585087496829825,0.9917265064002496,14.52,8.6642945,18.2844363,3.3041966,0.4738617235905709,26.9487308,10.04,1.26,7.64,0.1649214659685864,0.9,0.18,0.06,12.6,76.1,9,1.7,0.6,9.8,12,34.2,34.9,12.3,35.2,21.2,586,5.7,6.06,11.49,0.001,220.55,33.51,150.91,7.3,113.42,653.38,2616.5,1021.42,1055.99,607.47,209.32,<2,0,8,3,<4,0
3215,3,2311,Spring,HH,H,H,90.19785606,2.181818182,16.43943662,15.88976976,0.549666857,0.132718549,2.145203708,0.036614473,5156,Peyton,HH,S,28DF,5,Spring,2023,330.75,1.1745744841090526,0.6001236730907967,1.0517306010246157,34.64,10.224008699999999,17.4453682,1.6694056000000002,0.5860586364694784,27.6693769,9.06,1.44,6.7,0.21492537313432836,0.79,0.1,0.03,15.9,74,8.7,1.1,0.3,8.26,11.6,30.7,37.2,14,37.7,27.3,446,5.7,8.2,38.64,0.001,32.97,17.08,368.19,2.22,166.82,277.32,2082.64,1606.9,490.11,2450.38,339.95,<2,0,2,1,16,4
3217,3,2311,Spring,HH,H,H,101.9189585,2.305194805,17.25352113,18.02018205,-0.766660924,0.133607209,1.991593428,0.313601377,6121,Magnitude,HH,S,Brand,1,Spring,2023,172.8,.,.,.,6.502,.,.,.,.,.,12.14,3.04,8.37,0.3632019115890084,0.58,0.12,0.03,25.1,69,4.8,0.9,0.2,10.41,13.5,39,37.5,13,34.7,23.4,486,5.5,5.04,2.02,0.0005,55.55,21.8,325.99,2.06,91.43,297.08,2714.47,1339.68,206.42,186.86,186.41,.,.,.,.,.,.
3217,3,2311,Spring,HH,H,H,101.9189585,2.305194805,17.25352113,18.02018205,-0.766660924,0.133607209,1.991593428,0.313601377,6121,Magnitude,HH,S,Wean,2,Spring,2023,296.1,.,.,.,5.335,.,.,.,.,.,14.27,3.11,10.3,0.3019417475728155,0.47,0.35,0.04,21.8,72.2,3.3,2.5,0.2,10.17,13.5,37.5,36.9,13.3,36,22.1,314,6,7.09,23.79,0.0005,37.15,8.49,288.67,1.46,503.07,433.07,2001.68,1282.61,202.58,2354.48,200.19,.,.,.,.,.,.
3217,3,2311,Spring,HH,H,H,101.9189585,2.305194805,17.25352113,18.02018205,-0.766660924,0.133607209,1.991593428,0.313601377,6121,Magnitude,HH,S,14DPW,3,Spring,2023,290.7,.,.,.,12.52,.,.,.,.,.,12.58,3.94,7.7,0.5116883116883116,0.68,0.21,0.05,31.3,61.2,5.4,1.7,0.4,9.72,12.7,35.3,36.3,13.1,36,21.6,566,5.8,23.98,9.64,74.26,47.9,46.99,267.48,2.75,195.59,628.64,2481.58,1090.53,388.53,618.37,156.75,.,.,.,.,.,.
3217,3,2311,Spring,HH,H,H,101.9189585,2.305194805,17.25352113,18.02018205,-0.766660924,0.133607209,1.991593428,0.313601377,6121,Magnitude,HH,S,60DPW,4,Spring,2023,324.90000000000003,.,.,.,12.55,.,.,.,.,.,11.81,3.6,7.21,0.49930651872399445,0.62,0.35,0.03,30.5,61.1,5.2,3,0.2,9.97,12.8,36.3,36.4,12.9,35.3,21.3,482,6.1,0.67,3.13,3.48,8.79,10.68,105,7.07,89.56,1011.61,1965.26,1215.4,186.09,372.89,95.34,.,.,.,.,.,.
3217,3,2311,Spring,HH,H,H,101.9189585,2.305194805,17.25352113,18.02018205,-0.766660924,0.133607209,1.991593428,0.313601377,6121,Magnitude,HH,S,28DF,5,Spring,2023,386.1,.,.,.,24.740000000000002,.,.,.,.,.,9.1,2.61,6.03,0.43283582089552236,0.36,0.09,0.01,28.6,66.3,4,1,0.1,8.67,11.9,32.5,37.5,13.8,36.8,25.1,355,6.4,2.01,2.05,0.0005,20.93,15.09,138.41,1.26,67.54,289.98,2193.46,1245.39,162.92,298.89,167.61,.,.,.,.,.,.
3219,3,2311,Spring,HH,H,H,102.8982817,2.077922078,17.64788732,17.6470324,0.000854923,0.11774339,2.004576326,0.073345752,7135,Magnitude,HH,S,Brand,1,Spring,2023,195.3,.,.,.,.,.,.,.,.,.,12.55,3.54,7.93,0.44640605296343006,0.68,0.36,0.04,28.2,63.2,5.5,2.8,0.3,10.87,13.2,37.4,34.4,12.1,35.2,21.2,543,5.2,.,.,.,.,.,.,.,.,.,.,.,.,.,.,.,.,.,.,.,.
3219,3,2311,Spring,HH,H,H,102.8982817,2.077922078,17.64788732,17.6470324,0.000854923,0.11774339,2.004576326,0.073345752,7135,Magnitude,HH,S,Wean,2,Spring,2023,313.2,.,.,.,.,.,.,.,.,.,21.98,8.09,11.75,0.6885106382978723,1.35,0.71,0.08,36.8,53.5,6.2,3.2,0.3,10.01,12.7,34.6,34.6,12.7,36.7,21.7,809,4.8,.,.,.,.,.,.,.,.,.,.,.,.,.,.,.,.,.,.,.,.
3219,3,2311,Spring,HH,H,H,102.8982817,2.077922078,17.64788732,17.6470324,0.000854923,0.11774339,2.004576326,0.073345752,7135,Magnitude,HH,S,14DPW,3,Spring,2023,318.6,.,.,.,.,.,.,.,.,.,17.09,8.56,7.2,1.1888888888888889,0.97,0.31,0.05,50.1,42.2,5.6,1.8,0.3,9.07,11.4,31.6,34.8,12.6,36.2,21.6,586,4.9,.,.,.,.,.,.,.,.,.,.,.,.,.,.,.,.,.,.,.,.
3219,3,2311,Spring,HH,H,H,102.8982817,2.077922078,17.64788732,17.6470324,0.000854923,0.11774339,2.004576326,0.073345752,7135,Magnitude,HH,S,60DPW,4,Spring,2023,340.2,.,.,.,.,.,.,.,.,.,8.21,2.2,5.38,0.4089219330855019,0.4,0.21,0.02,26.9,65.5,4.9,2.5,0.2,10.25,12.8,35.8,35,12.5,35.7,21.3,557,5.1,.,.,.,.,.,.,.,.,.,.,.,.,.,.,.,.,.,.,.,.
3219,3,2311,Spring,HH,H,H,102.8982817,2.077922078,17.64788732,17.6470324,0.000854923,0.11774339,2.004576326,0.073345752,7135,Magnitude,HH,S,28DF,5,Spring,2023,391.5,.,.,.,.,.,.,.,.,.,11.43,4.13,6.23,0.6629213483146067,0.93,0.12,0.02,36.1,54.5,8.1,1.1,0.2,8.88,11.5,31.6,35.5,13,36.6,23.5,648,5.4,.,.,.,.,.,.,.,.,.,.,.,.,.,.,.,.,.,.,.,.
3220,4,2311,Spring,HH,H,H,105.5409714,2.350649351,19.83239437,18.69551682,1.136877542,0.118525747,2.128238651,0.2224107,7210,Magnitude,HH,S,Brand,1,Spring,2023,176.4,.,.,.,.,.,.,.,.,.,10.69,1.59,8.23,0.19319562575941676,0.68,0.17,0.02,14.9,77,6.3,1.6,0.2,10.16,13.2,37.2,36.6,12.9,35.4,24.1,764,5.5,.,.,.,.,.,.,.,.,.,.,.,.,.,.,.,.,.,.,.,.
3220,4,2311,Spring,HH,H,H,105.5409714,2.350649351,19.83239437,18.69551682,1.136877542,0.118525747,2.128238651,0.2224107,7210,Magnitude,HH,S,Wean,2,Spring,2023,302.40000000000003,.,.,.,.,.,.,.,.,.,12.09,1.68,9.38,0.1791044776119403,0.65,0.35,0.03,13.9,77.6,5.4,2.9,0.2,10.09,13.9,37.6,37.3,13.7,36.8,23.9,354,6,.,.,.,.,.,.,.,.,.,.,.,.,.,.,.,.,.,.,.,.
3220,4,2311,Spring,HH,H,H,105.5409714,2.350649351,19.83239437,18.69551682,1.136877542,0.118525747,2.128238651,0.2224107,7210,Magnitude,HH,S,14DPW,3,Spring,2023,306.90000000000003,.,.,.,.,.,.,.,.,.,10.34,2.59,7.07,0.36633663366336633,0.5,0.15,0.03,25.1,68.4,4.7,1.5,0.3,9.54,12.7,35.3,37,13.3,36.1,23.1,564,5.8,.,.,.,.,.,.,.,.,.,.,.,.,.,.,.,.,.,.,.,.
3220,4,2311,Spring,HH,H,H,105.5409714,2.350649351,19.83239437,18.69551682,1.136877542,0.118525747,2.128238651,0.2224107,7210,Magnitude,HH,S,60DPW,4,Spring,2023,328.05,.,.,.,.,.,.,.,.,.,6.93,0.62,5.71,0.1085814360770578,0.4,0.18,0.02,8.9,82.3,5.8,2.6,0.4,8.87,11.8,32.1,36.2,13.3,36.8,23.4,541,5.9,.,.,.,.,.,.,.,.,.,.,.,.,.,.,.,.,.,.,.,.
3220,4,2311,Spring,HH,H,H,105.5409714,2.350649351,19.83239437,18.69551682,1.136877542,0.118525747,2.128238651,0.2224107,7210,Magnitude,HH,S,28DF,5,Spring,2023,380.7,.,.,.,.,.,.,.,.,.,9.62,1.83,6.88,0.2659883720930233,0.78,0.11,0.02,19.1,71.5,8,1.2,0.2,8.28,11.7,31.8,38.4,14.1,36.8,31,166,6.3,.,.,.,.,.,.,.,.,.,.,.,.,.,.,.,.,.,.,.,.
2001,1,2209,Spring,ML,M,L,79.25822694,2.045454545,13.68,12.26991063,1.410089375,0.149521531,1.821364182,0.224090364,7,Fortitude,ML,S,Brand,1,Spring,2022,164.70000000000002,.,.,.,18.69,.,.,.,.,.,10.92,2.88,7.44,0.3870967741935484,0.48,0.08,0.04,26.4,68.1,4.4,0.7,0.4,11.99,13.5,37.1,31,11.3,36.5,24.1,637,4.5,2.72,2.01,0.001,0.001,27.66,52.97,0.001,11.92,92.48,784.02,463.22,32.42,87.34,61.01,.,.,.,.,.,.
2001,1,2209,Spring,ML,M,L,79.25822694,2.045454545,13.68,12.26991063,1.410089375,0.149521531,1.821364182,0.224090364,7,Fortitude,ML,S,Wean,2,Spring,2022,264.6,.,.,.,46.56,.,.,.,.,.,10.49,2.45,7.5,0.3266666666666667,0.34,0.16,0.04,23.4,71.5,3.2,1.5,0.4,11.29,13.2,36,31.8,11.7,36.7,23.8,492,5,2.12,2.34,0.001,0.001,10.26,161.59,0.001,29,74.19,987.27,470.81,53.04,155.22,64.06,.,.,.,.,.,.
2001,1,2209,Spring,ML,M,L,79.25822694,2.045454545,13.68,12.26991063,1.410089375,0.149521531,1.821364182,0.224090364,7,Fortitude,ML,S,14DPW,3,Spring,2022,.,.,.,.,5.607,.,.,.,.,.,11.76,2.95,7.97,0.37013801756587206,0.62,0.17,0.05,25.1,67.8,5.2,1.5,0.4,9.27,11.1,30.5,32.9,12,36.6,22.3,278,5.2,0.61,1.78,0.001,21.6,1.67,121.42,0.001,21.17,137.44,529.52,312.5,57.17,119.37,28.44,.,.,.,.,.,.
2001,1,2209,Spring,ML,M,L,79.25822694,2.045454545,13.68,12.26991063,1.410089375,0.149521531,1.821364182,0.224090364,7,Fortitude,ML,S,60DPW,4,Spring,2022,278.1,.,.,.,41.34,.,.,.,.,.,10.31,3.7,6.17,0.5996758508914101,0.28,0.12,0.04,35.9,59.8,2.7,1.2,0.4,9.32,11.1,32.3,34.6,11.9,34.3,25.2,816,5.4,1.51,1.52,0.001,36.54,2.82,42.06,0.001,36.34,42.72,642.08,258.21,39.37,122.61,30.08,.,.,.,.,.,.
2001,1,2209,Spring,ML,M,L,79.25822694,2.045454545,13.68,12.26991063,1.410089375,0.149521531,1.821364182,0.224090364,7,Fortitude,ML,S,28DF,5,Spring,2022,325.8,.,.,.,21.07,.,.,.,.,.,9.69,2.39,5.72,0.41783216783216787,0.81,0.72,0.05,24.7,59.1,8.3,7.4,0.5,7.64,9.4,26.3,34.4,12.3,35.6,25.7,646,5.2,1.07,3.21,0.001,22.46,0.001,53.16,0.001,37.11,30.34,254.63,301.74,37.19,148.66,32.62,.,.,.,.,.,.
2006,1,2209,Spring,MH,M,H,89.82359699,1.792207792,15.25820896,14.03035509,1.227853868,0.117458595,1.915193099,-0.122985307,214,NewAddition,MH,S,Brand,1,Spring,2022,169.20000000000002,.,.,.,18.19,.,.,.,.,.,12.84,3.46,8.88,0.3896396396396396,0.3,0.13,0.07,26.9,69.2,2.4,1,0.5,11.92,14.4,40.1,33.7,12.1,35.9,21.1,496,5.2,2.86,0.54,0.001,0.001,9.9,27.26,0.56,0.001,91.62,649.68,324.22,41.71,51.03,72.39,.,.,.,.,.,.
2006,1,2209,Spring,MH,M,H,89.82359699,1.792207792,15.25820896,14.03035509,1.227853868,0.117458595,1.915193099,-0.122985307,214,NewAddition,MH,S,Wean,2,Spring,2022,279.90000000000003,.,.,.,0.8525,.,.,.,.,.,15.82,2.59,12.56,0.20621019108280253,0.48,0.16,0.03,16.4,79.4,3,1,0.2,10.02,12.8,36.2,36.1,12.8,35.5,20.5,536,5.5,1.93,4.87,0.001,8.76,3.11,34.48,0.56,19.02,121.54,1022.7,375.57,64.46,141.3,85.19,.,.,.,.,.,.
2006,1,2209,Spring,MH,M,H,89.82359699,1.792207792,15.25820896,14.03035509,1.227853868,0.117458595,1.915193099,-0.122985307,214,NewAddition,MH,S,14DPW,3,Spring,2022,.,.,.,.,9.288,.,.,.,.,.,17.99,5.7,11.74,0.4855195911413969,0.33,0.16,0.06,31.7,65.3,1.9,0.8,0.3,10.7,13.6,38,35.5,12.7,35.8,20.4,556,5.6,1.77,1.53,0.001,24.04,9.9,22.04,0.4,11,136.37,644.61,267.08,56.98,116.62,108.6,.,.,.,.,.,.
2006,1,2209,Spring,MH,M,H,89.82359699,1.792207792,15.25820896,14.03035509,1.227853868,0.117458595,1.915193099,-0.122985307,214,NewAddition,MH,S,60DPW,4,Spring,2022,332.55,.,.,.,23.6,.,.,.,.,.,10.04,2.23,7.27,0.30674002751031637,0.17,0.32,0.05,22.3,72.4,1.7,3.2,0.4,10.55,13.7,39.7,37.6,13,34.6,22.7,464,5.9,4.8,1.99,0.001,0.001,18.59,30.22,0.001,10.07,99.43,1306.99,184.58,69.66,124.84,32.05,.,.,.,.,.,.
2006,1,2209,Spring,MH,M,H,89.82359699,1.792207792,15.25820896,14.03035509,1.227853868,0.117458595,1.915193099,-0.122985307,214,NewAddition,MH,S,28DF,5,Spring,2022,387.90000000000003,.,.,.,14.69,.,.,.,.,.,8.53,2.3,5.57,0.41292639138240567,0.48,0.15,0.03,26.9,65.2,5.7,1.8,0.4,7.88,10.8,30.1,38.2,13.7,35.8,28.6,513,5.9,1.19,7.37,0.001,6.37,36.33,74.05,0.001,29.61,119.66,752.69,536.25,103.16,281.98,71.47,.,.,.,.,.,.
2015,2,2209,Spring,ML,M,L,86.68417582,1.935064935,10.74328358,13.55253849,-2.809254904,0.180118576,1.821201346,0.113863589,102,Fortitude,ML,S,Brand,1,Spring,2022,148.5,.,.,.,26.72,.,.,.,.,.,10.23,2.91,6.9,0.4217391304347826,0.3,0.08,0.04,28.4,67.5,2.9,0.8,0.4,12.52,14.6,41.7,33.3,11.6,34.9,21.7,624,5.3,1.09,5.34,0.31,0.001,5.84,60.59,0.001,21.17,100.79,538.66,434.7,66.4,116.14,37.77,.,.,.,.,.,.
2015,2,2209,Spring,ML,M,L,86.68417582,1.935064935,10.74328358,13.55253849,-2.809254904,0.180118576,1.821201346,0.113863589,102,Fortitude,ML,S,Wean,2,Spring,2022,258.75,.,.,.,52.49,.,.,.,.,.,12.64,2.53,9.19,0.2752992383025027,0.52,0.31,0.09,20,72.7,4.1,2.5,0.7,10.17,12.7,34.8,34.2,12.5,36.4,25.4,468,5.5,0.38,7.4,5.8,0.001,0.001,82.06,0.001,34.77,79.6,1050.22,407.34,79,289.45,44.39,.,.,.,.,.,.
2015,2,2209,Spring,ML,M,L,86.68417582,1.935064935,10.74328358,13.55253849,-2.809254904,0.180118576,1.821201346,0.113863589,102,Fortitude,ML,S,14DPW,3,Spring,2022,.,.,.,.,4.9910000000000005,.,.,.,.,.,10.94,3.64,6.77,0.5376661742983753,0.25,0.23,0.05,33.3,61.8,2.4,2.1,0.4,9.67,12.1,33.5,34.7,12.5,36.1,23.7,588,5.4,0.89,3.9,5.13,0.001,0.001,65.73,0.15,19.65,72.33,799.28,385.44,58.41,188.26,31.8,.,.,.,.,.,.
2015,2,2209,Spring,ML,M,L,86.68417582,1.935064935,10.74328358,13.55253849,-2.809254904,0.180118576,1.821201346,0.113863589,102,Fortitude,ML,S,60DPW,4,Spring,2022,294.75,.,.,.,35.02,.,.,.,.,.,7.31,1.86,5.08,0.3661417322834646,0.27,0.08,0.02,25.4,69.5,3.7,1.1,0.3,8.76,11.7,33.8,38.6,13.4,34.7,25.2,363,6,1.83,1.95,0.001,10.38,0.001,54.13,6.66,15.87,190.84,986.24,197.93,49.44,59.1,23.62,.,.,.,.,.,.
2015,2,2209,Spring,ML,M,L,86.68417582,1.935064935,10.74328358,13.55253849,-2.809254904,0.180118576,1.821201346,0.113863589,102,Fortitude,ML,S,28DF,5,Spring,2022,358.2,.,.,.,26.69,.,.,.,.,.,7.86,1.77,5.57,0.31777378815080787,0.41,0.09,0.02,22.5,70.8,5.3,1.2,0.2,7.69,11,31.1,40.5,14.4,35.5,30,420,5.9,2.62,3.15,15.59,0.001,0.001,76.37,1.52,24.99,98.41,516.91,337.16,55.52,116.14,32.33,.,.,.,.,.,.
2017,1,2209,Spring,ML,M,L,71.099123,1.181818182,10.56567164,10.2008987,0.364772943,0.111854525,1.717931427,-0.536113245,121,Stud,ML,S,Brand,1,Spring,2022,144.45000000000002,.,.,.,8.827,.,.,.,.,.,10.77,2.65,7.54,0.35145888594164454,0.45,0.07,0.06,24.6,70,4.1,0.7,0.6,11.04,14,40.1,36.3,12.7,34.9,21.9,628,5,3.16,1.78,0.001,0.001,5.23,50.84,0.001,15.87,92.18,621.52,325.09,30.78,103.28,55.54,.,.,.,.,.,.
2017,1,2209,Spring,ML,M,L,71.099123,1.181818182,10.56567164,10.2008987,0.364772943,0.111854525,1.717931427,-0.536113245,121,Stud,ML,S,Wean,2,Spring,2022,236.70000000000002,.,.,.,38.65,.,.,.,.,.,12.67,2.23,9.85,0.22639593908629443,0.45,0.09,0.05,17.6,77.8,3.5,0.7,0.4,9.46,13,36.4,38.5,13.8,35.7,22.5,184,5.8,2.32,1.54,0.001,0.001,6.46,43.2,0.001,136.58,48.89,530.67,289.15,45.17,90.51,25.25,.,.,.,.,.,.
2017,1,2209,Spring,ML,M,L,71.099123,1.181818182,10.56567164,10.2008987,0.364772943,0.111854525,1.717931427,-0.536113245,121,Stud,ML,S,14DPW,3,Spring,2022,.,.,.,.,12.370000000000001,.,.,.,.,.,10.87,2,8.56,0.2336448598130841,0.2,0.06,0.05,18.4,78.8,1.8,0.5,0.5,9.07,12.3,34.5,38,13.6,35.7,21.9,501,5.8,1.63,2.49,0.001,19.82,4.01,32.76,0.001,24.06,102.63,490.96,276,44.8,84.17,43.69,.,.,.,.,.,.
2017,1,2209,Spring,ML,M,L,71.099123,1.181818182,10.56567164,10.2008987,0.364772943,0.111854525,1.717931427,-0.536113245,121,Stud,ML,S,60DPW,4,Spring,2022,286.2,.,.,.,22.830000000000002,.,.,.,.,.,8.54,1.3,6.92,0.1878612716763006,0.19,0.11,0.02,15.2,81,2.3,1.3,0.2,9.51,13.8,39.5,41.5,14.5,34.9,24.6,32,5.3,2.37,2.82,0.001,0.001,0.57,58.23,0.001,17.53,61.75,623.19,167.58,51.56,135.59,21.74,.,.,.,.,.,.
2017,1,2209,Spring,ML,M,L,71.099123,1.181818182,10.56567164,10.2008987,0.364772943,0.111854525,1.717931427,-0.536113245,121,Stud,ML,S,28DF,5,Spring,2022,287.1,.,.,.,17.03,.,.,.,.,.,9.35,2.16,5.87,0.3679727427597956,1.11,0.18,0.03,23.1,62.8,11.8,2,0.3,6.58,9.6,27.5,41.8,14.6,34.9,24.6,680,6.3,0.38,5.59,0.001,0.001,14.17,38.87,0.001,29,73.1,296.04,248.75,26.92,442.09,62.91,.,.,.,.,.,.
2021,1,2209,Spring,ML,M,L,87.91375452,1.62987013,15.5761194,13.57272318,2.00339622,0.104639037,1.90808837,-0.27821824,108,Fortitude,ML,S,Brand,1,Spring,2022,160.65,.,.,.,29.75,.,.,.,.,.,9.73,3.34,5.41,0.6173752310536044,0.82,0.12,0.04,34.3,55.6,8.3,1.3,0.5,12.4,14.3,39.5,31.8,11.5,36.1,22.7,409,5.1,2.47,2.85,0.001,0.001,0.001,86.36,0.001,85.75,63.7,723.29,380.5,44.75,103.28,32.62,.,.,.,.,.,.
2021,1,2209,Spring,ML,M,L,87.91375452,1.62987013,15.5761194,13.57272318,2.00339622,0.104639037,1.90808837,-0.27821824,108,Fortitude,ML,S,Wean,2,Spring,2022,250.20000000000002,.,.,.,47.02,.,.,.,.,.,6.87,2.45,3.95,0.620253164556962,0.35,0.11,0.01,35.7,57.5,5,1.6,0.2,11.03,13.3,37.2,33.7,12.1,35.8,24.1,334,5.3,7.74,3.15,0.001,0.001,0.57,116.08,0.001,10.24,102.01,1618.47,451,89.16,62.2,44.64,.,.,.,.,.,.
2021,1,2209,Spring,ML,M,L,87.91375452,1.62987013,15.5761194,13.57272318,2.00339622,0.104639037,1.90808837,-0.27821824,108,Fortitude,ML,S,14DPW,3,Spring,2022,.,.,.,.,19.54,.,.,.,.,.,13.34,5.49,7.01,0.783166904422254,0.54,0.26,0.04,41.1,52.5,4.1,2,0.3,9.91,12.2,33.5,33.8,12.3,36.4,22.8,499,5.4,2.45,6.21,0.001,0.001,0.001,92.55,0.001,51.67,87.32,603.64,263.13,110.15,354.82,30.24,.,.,.,.,.,.
2021,1,2209,Spring,ML,M,L,87.91375452,1.62987013,15.5761194,13.57272318,2.00339622,0.104639037,1.90808837,-0.27821824,108,Fortitude,ML,S,60DPW,4,Spring,2022,276.3,.,.,.,32.42,.,.,.,.,.,7.83,2.67,4.74,0.5632911392405063,0.25,0.13,0.04,34.1,60.5,3.2,1.7,0.5,9.16,11,32.6,35.5,12,33.7,20.2,870,6.2,1.65,1.23,0.001,32.45,0.001,50.07,0.001,30.7,76.9,997.59,186.75,45.27,77.85,24.19,.,.,.,.,.,.
2021,1,2209,Spring,ML,M,L,87.91375452,1.62987013,15.5761194,13.57272318,2.00339622,0.104639037,1.90808837,-0.27821824,108,Fortitude,ML,S,28DF,5,Spring,2022,361.8,.,.,.,17.76,.,.,.,.,.,9.29,4.04,4.65,0.8688172043010752,0.45,0.12,0.03,43.5,50,4.9,1.3,0.3,7.97,10.7,30,37.7,13.4,35.6,26.3,590,5.8,1.17,2.25,0.001,0.001,0.001,82.67,0.001,43.05,102.09,406.28,295.46,46.2,109.7,40.54,.,.,.,.,.,.
2032,2,2209,Spring,MH,M,H,77.10559406,1.993506494,11.30909091,11.84187025,-0.532779339,0.17627469,1.768760571,0.224745922,331,NewAddition,HH,S,Brand,1,Spring,2022,121.05,.,.,.,.,.,.,.,.,.,10.37,3.22,6.65,0.4842105263157895,0.38,0.08,0.04,31,64.1,3.8,0.7,0.4,11.14,12.7,36,32.3,11.4,35.2,24.4,734,4.8,.,.,.,.,.,.,.,.,.,.,.,.,.,.,.,.,.,.,.,.
2032,2,2209,Spring,MH,M,H,77.10559406,1.993506494,11.30909091,11.84187025,-0.532779339,0.17627469,1.768760571,0.224745922,331,NewAddition,HH,S,Wean,2,Spring,2022,202.95000000000002,.,.,.,.,.,.,.,.,.,10.86,1.78,8.12,0.21921182266009856,0.79,0.12,0.05,16.4,74.8,7.3,1.1,0.4,9.24,10.8,30.3,32.8,11.6,35.4,25.3,328,5.4,.,.,.,.,.,.,.,.,.,.,.,.,.,.,.,.,.,.,.,.
2032,2,2209,Spring,MH,M,H,77.10559406,1.993506494,11.30909091,11.84187025,-0.532779339,0.17627469,1.768760571,0.224745922,331,NewAddition,HH,S,14DPW,3,Spring,2022,.,.,.,.,.,.,.,.,.,.,10.62,3.2,6.81,0.46989720998531576,0.42,0.13,0.06,30.2,64.1,3.9,1.2,0.6,10.33,12.1,34,32.9,11.7,35.7,24.2,574,4.9,.,.,.,.,.,.,.,.,.,.,.,.,.,.,.,.,.,.,.,.
2032,2,2209,Spring,MH,M,H,77.10559406,1.993506494,11.30909091,11.84187025,-0.532779339,0.17627469,1.768760571,0.224745922,331,NewAddition,HH,S,60DPW,4,Spring,2022,262.35,.,.,.,.,.,.,.,.,.,11.35,2.39,8.2,0.2914634146341464,0.48,0.21,0.07,21.1,72.2,4.2,1.9,0.6,9.43,11.8,34.4,36.5,12.5,34.2,26.3,418,5.5,.,.,.,.,.,.,.,.,.,.,.,.,.,.,.,.,.,.,.,.
2032,2,2209,Spring,MH,M,H,77.10559406,1.993506494,11.30909091,11.84187025,-0.532779339,0.17627469,1.768760571,0.224745922,331,NewAddition,HH,S,28DF,5,Spring,2022,366.75,.,.,.,.,.,.,.,.,.,10.36,3.39,6.33,0.5355450236966824,0.48,0.14,0.02,32.7,61.1,4.6,1.4,0.2,8.04,10.8,30.3,37.7,13.4,35.6,27.6,346,5.5,.,.,.,.,.,.,.,.,.,.,.,.,.,.,.,.,.,.,.,.
2101,1,2209,Spring,ML,M,L,88.44989313,1.551948052,14.01641791,13.61846888,0.397949032,0.110723586,1.88605558,-0.334107528,8110,Stud,ML,S,Brand,1,Spring,2022,136.8,1.2531746031746034,1.0097402597402598,1.3469601677148848,18.01,6.773093998999999,2.226668138,2.3738088650000004,3.0418066722253516,8.999762137,10.33,2.19,7.59,0.2885375494071146,0.41,0.07,0.07,21.2,73.4,4,0.7,0.7,9.96,12.6,35,35.1,12.6,35.9,22.6,806,5.1,2.57,2.04,1.73,0.001,12.86,62.17,0.001,18.61,145.99,583.43,374.31,55.43,90.51,47.89,<8,0,64,6,.,.
2101,1,2209,Spring,ML,M,L,88.44989313,1.551948052,14.01641791,13.61846888,0.397949032,0.110723586,1.88605558,-0.334107528,8110,Stud,ML,S,Wean,2,Spring,2022,252,1.247557003257329,1.0264446620959844,1.2500000000000002,2.222,6.1512213959999995,6.550804962,2.9640593679999996,0.9390023717210465,12.702026358,9.33,1.86,7.07,0.26308345120226306,0.27,0.09,0.04,19.9,75.8,2.9,1,0.4,8.76,12.4,34.5,39.4,14.1,35.8,28.4,536,5.8,1.59,5.96,0.001,0.001,0.57,52,0.001,31.53,49.2,305.46,312.5,71.73,306.56,24.68,<8,0,64,6,.,.
2101,1,2209,Spring,ML,M,L,88.44989313,1.551948052,14.01641791,13.61846888,0.397949032,0.110723586,1.88605558,-0.334107528,8110,Stud,ML,S,14DPW,3,Spring,2022,.,0.7807351077313055,1.1177347242921012,0.7925650557620818,.,6.997916154,9.171831432,3.45772087,0.76297915044368,16.169747586,9.82,2.78,6.37,0.4364207221350078,0.47,0.12,0.08,28.3,64.9,4.7,1.3,0.8,8.84,12.3,34.6,39.1,13.9,35.5,26.8,535,5.9,2.2,2.55,0.001,6.07,14.82,23.75,0.15,26.36,58,421.77,223.97,132.24,135.59,25.49,<8,0,512,9,.,.
2101,1,2209,Spring,ML,M,L,88.44989313,1.551948052,14.01641791,13.61846888,0.397949032,0.110723586,1.88605558,-0.334107528,8110,Stud,ML,S,60DPW,4,Spring,2022,271.35,0.8966887417218544,0.9504337050805454,1.0160818713450293,17.05,6.633185761,10.918414559,3.254999123,0.607522797852761,17.55160032,7.31,1.72,5.23,0.3288718929254302,0.23,0.11,0.02,23.5,71.5,3.2,1.5,0.3,9.54,13.6,39.8,41.7,14.2,34.1,26,260,6.2,1.97,5.71,0.001,0.001,0.001,44.33,0.001,37.49,50.15,522.65,344.31,77.32,344.44,29.01,<8,0,256,8,.,.
2101,1,2209,Spring,ML,M,L,88.44989313,1.551948052,14.01641791,13.61846888,0.397949032,0.110723586,1.88605558,-0.334107528,8110,Stud,ML,S,28DF,5,Spring,2022,379.35,1.0945054945054944,2.2578947368421054,1.1255334281650071,9.307,6.735289935,10.288261210000002,3.657393371,0.6546577499853349,17.023551145000003,8.82,1.68,6.51,0.25806451612903225,0.46,0.14,0.03,19,73.8,5.2,1.6,0.4,7.77,12,34.4,44.3,15.5,35,30,101,6,1.15,5.34,0.001,0.001,0.57,44.15,0.001,35.16,52.12,351.88,381.73,90.8,421.03,29.79,<8,0,256,8,.,.
2102,1,2209,Spring,MH,M,H,89.0612998,2.357142857,16.34328358,14.26952039,2.073763191,0.144227006,1.928014024,0.429128833,9027,Exceed,MH,S,Brand,1,Spring,2022,138.15,1.3674971687429218,1.0210182157870153,1.0853031860226106,5.3580000000000005,9.542724380000001,1.854688834,1.832978085,5.145188888326483,11.397413214,12.95,2.74,9.69,0.28276573787409703,0.36,0.13,0.03,21.2,74.8,2.8,1,0.2,10.01,12.7,36.4,36.4,12.7,34.8,21.9,695,4.7,2.49,13.82,0.001,51.94,15.97,81.49,0.001,32.77,198.73,764.54,625.49,47.03,817.16,86.48,<8,0,64,6,.,.
2102,1,2209,Spring,MH,M,H,89.0612998,2.357142857,16.34328358,14.26952039,2.073763191,0.144227006,1.928014024,0.429128833,9027,Exceed,MH,S,Wean,2,Spring,2022,277.2,0.9656007751937984,1.1536281179138321,0.8397497593840231,10.41,8.302515409,4.526549514,2.742202824,1.834181948815859,12.829064923,9.38,2.14,6.83,0.31332357247437775,0.26,0.1,0.05,22.8,72.8,2.8,1.1,0.5,8.15,11.4,32.4,39.8,14,35.3,23.8,782,5.2,1.45,2.1,0.001,12.65,8.18,34.05,0.88,12.7,90.67,569.32,338.85,33.9,215.63,66.69,<8,0,64,6,.,.
2102,1,2209,Spring,MH,M,H,89.0612998,2.357142857,16.34328358,14.26952039,2.073763191,0.144227006,1.928014024,0.429128833,9027,Exceed,MH,S,14DPW,3,Spring,2022,.,1.448224852071006,1.2864544781643228,0.9502460360852926,20.3,8.388186486,6.021843861,2.652382853,1.392959810918618,14.410030347,11.58,1.59,9.33,0.17041800643086819,0.46,0.14,0.06,13.8,80.6,3.9,1.2,0.5,8.95,12.8,36.1,40.3,14.3,35.5,22.6,346,5.9,1.68,1.68,0.001,31.8,0.001,44.83,0.88,16.07,263.18,557.08,323.74,30.72,190.81,32.43,<8,0,128,7,.,.
2102,1,2209,Spring,MH,M,H,89.0612998,2.357142857,16.34328358,14.26952039,2.073763191,0.144227006,1.928014024,0.429128833,9027,Exceed,MH,S,60DPW,4,Spring,2022,329.40000000000003,.,.,.,18.37,8.688456162,6.618142927,3.783087378,1.3128238930219767,15.306599088999999,.,.,.,.,.,.,.,.,.,.,.,.,.,.,.,.,.,.,.,.,.,20.78,15.36,409.46,41.27,81.73,211.67,43,80.25,264.09,810.55,291.2,60.91,1577.24,38.94,<8,0,256,8,.,.
2102,1,2209,Spring,MH,M,H,89.0612998,2.357142857,16.34328358,14.26952039,2.073763191,0.144227006,1.928014024,0.429128833,9027,Exceed,MH,S,28DF,5,Spring,2022,374.85,1.0134431916738942,1.1740216486261448,1.1611418047882138,9.072000000000001,11.429231523,7.405122507000001,3.504559462,1.5434223420606537,18.83435403,11.9,2.35,9.13,0.2573932092004381,0.28,0.1,0.04,19.8,76.8,2.3,0.8,0.3,7.39,12.4,36.2,49,16.9,34.4,28.7,505,6.5,28.11,101.04,625,155.67,161.56,557.56,68.27,283.73,316.18,1170.48,899.62,104.04,9851.35,160.81,<8,0,512,9,.,.
2109,2,2209,Spring,ML,M,L,85.98997962,2.006493506,13.08181818,13.47356915,-0.39175097,0.153380324,1.854942378,0.151551129,9203,Fortitude,ML,S,Brand,1,Spring,2022,138.15,1.0334288443170965,1.251160092807425,4.390633608815428,18.34,7.490970901,1.4159831669999998,1.026997238,5.290296576668274,8.906954068,13.99,2.93,10.43,0.2809204218600192,0.42,0.14,0.07,21,74.6,3,0.9,0.5,11.12,13.4,38.4,34.5,12.1,35,24.7,758,4.6,1.51,0.91,0.001,0.001,22.19,66.53,0.001,19.39,190.16,786.43,317.85,44.15,71.57,65.12,<8,0,256,8,.,.
2109,2,2209,Spring,ML,M,L,85.98997962,2.006493506,13.08181818,13.47356915,-0.39175097,0.153380324,1.854942378,0.151551129,9203,Fortitude,ML,S,Wean,2,Spring,2022,245.70000000000002,1.1287202380952381,0.8877153974430239,1.147082334132694,7.758,5.930843071000001,5.692550434999999,3.119861353,1.0418604347420246,11.623393506,13.03,2.81,9.71,0.28939237899073117,0.26,0.18,0.07,21.6,74.5,2,1.4,0.5,9.54,12.4,34.9,36.6,13,35.5,23.9,833,5.3,2.45,4.12,32.08,49.35,48.77,35.71,3.2,28.57,64.4,407.48,230,306.28,255.42,37.44,<8,0,64,6,.,.
2109,2,2209,Spring,ML,M,L,85.98997962,2.006493506,13.08181818,13.47356915,-0.39175097,0.153380324,1.854942378,0.151551129,9203,Fortitude,ML,S,14DPW,3,Spring,2022,.,1.2619354838709678,1.2364341085271318,0.9778761061946903,20.36,6.2083111440000005,6.252805507000001,3.396299912,0.9928840961149057,12.461116651000001,10.51,2.11,7.88,0.26776649746192893,0.35,0.14,0.03,20.1,75,3.3,1.3,0.3,8.94,11.8,32.7,36.5,13.2,36.1,22.6,727,5.2,1.13,0.88,4.46,40.41,44.48,27.67,0.001,10.24,106.16,304.21,213.19,137.67,40.69,36.37,<8,0,64,6,.,.
2109,2,2209,Spring,ML,M,L,85.98997962,2.006493506,13.08181818,13.47356915,-0.39175097,0.153380324,1.854942378,0.151551129,9203,Fortitude,ML,S,60DPW,4,Spring,2022,278.55,.,.,.,32.27,6.023776716,6.765179926,2.152722184,0.8904089443134199,12.788956642,10.26,2.84,7.04,0.4034090909090909,0.19,0.14,0.05,27.7,68.6,1.9,1.3,0.5,9.21,12,34.9,37.9,13.1,34.5,23.6,511,5.2,1.81,1.81,0.001,1.83,0.57,102.55,0.001,16.99,327.22,793.4,309.07,103.25,135.59,36.24,<8,0,256,8,.,.
2109,2,2209,Spring,ML,M,L,85.98997962,2.006493506,13.08181818,13.47356915,-0.39175097,0.153380324,1.854942378,0.151551129,9203,Fortitude,ML,S,28DF,5,Spring,2022,385.65000000000003,0.22565112716130448,3.0615615615615623,1.1500348918353107,33.79,5.4828699709999995,4.345694737,2.5712368110000003,1.2616785814056133,9.828564707999998,10.35,2.63,6.97,0.37733142037302725,0.6,0.12,0.03,25.4,67.3,5.9,1.1,0.3,7.55,10.4,29.5,39.1,13.8,35.2,27.8,495,5.3,2.08,4.15,0.001,0.001,1786.31,84.72,0.001,30.28,171.62,585.12,353.11,103.61,255.42,42.11,16,4,64,6,.,.
2111,1,2209,Spring,ML,M,L,85.68084821,1.928571429,14.78955224,13.36490092,1.424651316,0.130400934,1.880855946,0.047715482,8171,Powerball,ML,S,Brand,1,Spring,2022,143.55,1.8194197750148018,0.21537932220884223,0.8635223281485198,9.781,5.381735362,0.842099343,1.172958828,6.390855671288654,6.223834705,11.4,4.07,6.8,0.598529411764706,0.37,0.13,0.03,35.7,59.7,3.2,1.1,0.3,10.78,12.9,36.9,34.3,11.9,34.9,22.7,647,4.9,3.14,1.34,0.001,0.001,0.001,61.38,0.001,24.06,82.46,1270.91,341.79,55.61,74.71,65.07,<8,0,16,4,.,.
2111,1,2209,Spring,ML,M,L,85.68084821,1.928571429,14.78955224,13.36490092,1.424651316,0.130400934,1.880855946,0.047715482,8171,Powerball,ML,S,Wean,2,Spring,2022,255.6,1.2959094865100087,1.3783549783549784,0.9263220439691026,5.496,6.216535314000001,2.728023661,2.6231097979999998,2.278768840194455,8.944558975,11.01,2.75,7.61,0.36136662286465177,0.26,0.35,0.04,25,69.2,2.3,3.1,0.4,9.96,12.1,34.3,34.5,12.1,35.3,23.4,446,5.2,3.04,2.4,0.001,0.001,21.51,38.87,0.001,11.92,60.81,389.49,245.12,72.45,119.37,50.18,<8,0,64,6,.,.
2111,1,2209,Spring,ML,M,L,85.68084821,1.928571429,14.78955224,13.36490092,1.424651316,0.130400934,1.880855946,0.047715482,8171,Powerball,ML,S,14DPW,3,Spring,2022,.,0.8932082216264522,1.3005303476723629,0.41194230124119424,22.330000000000002,5.9461798009999995,3.804751331,3.783087378,1.5628300731646423,9.750931132,13.14,7.35,5.14,1.4299610894941635,0.46,0.15,0.04,56,39.2,3.4,1.1,0.3,8.96,11.3,30.9,34.5,12.6,36.5,22.5,221,5.3,17.97,26.86,0.001,0.001,25.6,105.07,0.001,110.34,91.64,400.9,296.55,113.57,1333.63,43.81,<8,0,64,6,.,.
2111,1,2209,Spring,ML,M,L,85.68084821,1.928571429,14.78955224,13.36490092,1.424651316,0.130400934,1.880855946,0.047715482,8171,Powerball,ML,S,60DPW,4,Spring,2022,293.40000000000003,.,.,.,20.53,5.636055887,5.030204815,3.6327960200000002,1.1204426249589998,10.666260702,7.7,3.35,4.01,0.8354114713216958,0.17,0.15,0.02,43.4,52.1,2.3,2,0.2,9.27,11.7,33.9,36.6,12.6,34.4,23.1,407,5.5,2.08,4.48,1.03,0.001,18.15,53.55,8.84,38.25,183.9,412.55,225.13,276.92,248.64,17.11,<8,0,128,7,.,.
2111,1,2209,Spring,ML,M,L,85.68084821,1.928571429,14.78955224,13.36490092,1.424651316,0.130400934,1.880855946,0.047715482,8171,Powerball,ML,S,28DF,5,Spring,2022,369,1.0069637883008358,2.4274475524475525,4.0121359223300965,5.769,4.941210398,5.095794468999999,2.443297542,0.9696643826707683,10.037004867,7.31,2.4,4.29,0.5594405594405594,0.47,0.14,0.01,32.7,58.7,6.5,1.9,0.2,7.55,10.4,29,38.4,13.7,35.8,25.8,381,5.8,2.87,6.15,3.79,17.96,48.77,82.67,0.15,53.64,118.64,739.83,447.18,108.95,393.05,42.9,<8,0,64,6,.,.
2113,2,2209,Spring,MH,M,H,90.27994117,0.948051948,11.52575758,13.54826225,-2.022504675,0.082255066,1.8571437,-0.909091752,9006,NewAddition,MH,S,Brand,1,Spring,2022,90.45,.,.,.,3.8810000000000002,5.7440262120000005,1.08858671,0.683095954,5.276590426131512,6.832612922000001,10.41,2.83,6.69,0.4230194319880418,0.75,0.1,0.04,27.2,64.2,7.3,1,0.3,9.93,12.6,35,35.3,12.7,35.9,24,749,5.3,1.93,0.99,0.001,10.81,38.13,21.41,0.4,20.82,100.47,591.13,339.09,73.1,96.08,40.19,<8,0,256,8,.,.
2113,2,2209,Spring,MH,M,H,90.27994117,0.948051948,11.52575758,13.54826225,-2.022504675,0.082255066,1.8571437,-0.909091752,9006,NewAddition,MH,S,Wean,2,Spring,2022,264.6,1.434232715008432,1.6696944673823284,0.8586266589728794,3.219,4.329423319,5.059255297,3.568063417,0.8557432003020741,9.388678616,8.69,3.06,5.31,0.576271186440678,0.16,0.14,0.02,35.2,61.1,1.8,1.7,0.2,9.83,12.8,36.3,36.9,13,35.3,20.2,268,6.2,3.55,5.43,0.001,33.81,18.59,105.96,0.4,39.17,64.73,924.89,547.73,81.1,432.21,37.17,<8,0,64,6,.,.
2113,2,2209,Spring,MH,M,H,90.27994117,0.948051948,11.52575758,13.54826225,-2.022504675,0.082255066,1.8571437,-0.909091752,9006,NewAddition,MH,S,14DPW,3,Spring,2022,.,0.7921727395411605,1.7581881533101047,0.6217559359469905,19.81,5.14280261,5.562990607,3.504559462,0.9244672467231438,10.705793217,18.02,9.06,7.45,1.2161073825503357,1.28,0.2,0.03,50.3,41.3,7.2,1.1,0.1,8.69,11.3,31.8,36.5,13.1,35.7,19.4,751,5.4,17.7,6.53,0.001,17.43,32.76,50.5,1.04,34.91,71.11,657.9,240.75,32.59,440.59,56.57,<8,0,64,6,.,.
2113,2,2209,Spring,MH,M,H,90.27994117,0.948051948,11.52575758,13.54826225,-2.022504675,0.082255066,1.8571437,-0.909091752,9006,NewAddition,MH,S,60DPW,4,Spring,2022,304.65000000000003,.,.,.,11.370000000000001,5.270161307,6.362713939,1.533041534,0.8282882677935209,11.632875246000001,8.24,3.78,4.13,0.9152542372881356,0.19,0.09,0.05,45.9,50.1,2.3,1.1,0.6,9.45,12.4,36.7,38.8,13.1,33.7,23.3,668,5.8,4.06,0.99,56.59,17.43,3.11,23.08,9.88,8.02,151.78,687.23,164.26,57.55,145.42,18.28,<8,0,64,6,.,.
2113,2,2209,Spring,MH,M,H,90.27994117,0.948051948,11.52575758,13.54826225,-2.022504675,0.082255066,1.8571437,-0.909091752,9006,NewAddition,MH,S,28DF,5,Spring,2022,345.6,.,.,.,10.35,5.149074238,4.62612669,1.921276211,1.1130422020500264,9.775200928,7.41,1.53,5.21,0.29366602687140114,0.56,0.1,0.01,20.6,70.3,7.5,1.4,0.2,7.76,11.4,31.6,40.7,14.7,36.1,28.5,164,5.4,0.92,1.53,0.001,20.23,0.001,25.79,0.56,15.01,77.37,391.86,399.58,62.09,120.73,31.21,<8,0,64,6,.,.
2116,1,2209,Spring,MH,M,H,87.76037196,1.525974026,14.87910448,13.47510845,1.403996027,0.10255819,1.895711363,-0.369737337,9127,NewAddition,MH,S,Brand,1,Spring,2022,135.45000000000002,1.0945307224848075,1.0753799392097265,0.7317529631940113,.,6.102941999,1.1623159250000001,0.852753449,5.250673992959357,7.265257924,11.32,2.24,8.46,0.2647754137115839,0.41,0.16,0.05,19.8,74.7,3.7,1.4,0.4,10.26,13.5,37.5,36.5,13.2,36.1,21.9,143,4.6,2.04,11.81,0.001,0.001,23.88,61.09,0.88,19.02,261.91,452.74,457.41,98.78,91.98,55.37,<8,0,128,7,.,.
2116,1,2209,Spring,MH,M,H,87.76037196,1.525974026,14.87910448,13.47510845,1.403996027,0.10255819,1.895711363,-0.369737337,9127,NewAddition,MH,S,Wean,2,Spring,2022,264.15000000000003,1.0594059405940592,1.0409090909090908,0.9800166527893422,1.9140000000000001,5.289623475,6.474814773,1.63386455,0.8169536365824314,11.764438248000001,.,.,.,.,.,.,.,.,.,.,.,.,.,.,.,.,.,.,.,.,.,3.1,1.22,0.001,32.81,26.53,45.04,0.8,11.87,137.21,535.1,396.37,43.83,104.29,77.59,<8,0,16,4,.,.
2116,1,2209,Spring,MH,M,H,87.76037196,1.525974026,14.87910448,13.47510845,1.403996027,0.10255819,1.895711363,-0.369737337,9127,NewAddition,MH,S,14DPW,3,Spring,2022,.,2.3258026159334126,0.9662162162162163,2.609632446134347,28,5.361815587000001,8.714260721,1.9472258359999999,0.6152920779704085,14.076076308000001,9.79,3.09,6.27,0.49282296650717705,0.29,0.12,0.02,31.6,64.1,2.8,1.2,0.3,9.35,12.8,35.6,38.1,13.7,35.9,20.4,550,5.6,3.03,6.69,49.76,33.81,22.11,50.28,3.14,14.27,162.76,408.15,401.87,28.41,178.42,56.02,<8,0,32,5,.,.
2116,1,2209,Spring,MH,M,H,87.76037196,1.525974026,14.87910448,13.47510845,1.403996027,0.10255819,1.895711363,-0.369737337,9127,NewAddition,MH,S,60DPW,4,Spring,2022,304.65000000000003,.,.,.,20.8,4.268549972,7.8303932099999995,1.87034639,0.5451258777846227,12.098943182,11.99,2.57,9,0.28555555555555556,0.29,0.09,0.04,21.4,75.1,2.4,0.7,0.4,8.19,12.5,36.1,44,15.2,34.5,26,577,5.7,3,1.45,0.001,6.37,23.88,41.36,0.72,11,130,643.35,258.91,64.64,133.07,28.73,<8,0,32,5,.,.
2116,1,2209,Spring,MH,M,H,87.76037196,1.525974026,14.87910448,13.47510845,1.403996027,0.10255819,1.895711363,-0.369737337,9127,NewAddition,MH,S,28DF,5,Spring,2022,369.90000000000003,1.4061163387510693,0.33854166666666663,1.295964125560538,0.6635,4.743673362,10.957425074,2.1100314900000003,0.43291862184445906,15.701098435999999,10.95,4.1,6.4,0.6406249999999999,0.29,0.14,0.02,37.4,58.5,2.6,1.3,0.2,7.66,12,34.4,44.9,15.7,34.8,24.3,394,6.5,1.59,4.56,0.001,24.04,25.65,45.26,0.88,35.33,135.25,265.08,577.45,52.26,302.77,64.66,<8,0,16,4,.,.
2207,2,2209,Spring,MH,M,H,91.03881217,1.590909091,11.37121212,14.11751066,-2.74629854,0.139906729,1.859505556,-0.268596466,5042,NewAddition,MH,S,Brand,1,Spring,2022,162.45000000000002,.,.,.,30.71,.,.,.,.,.,12.73,1.99,10.16,0.19586614173228345,0.39,0.15,0.04,15.6,79.8,3.1,1.2,0.3,10.76,13.7,39.1,36.4,12.7,34.9,21.7,645,5,4.72,1.11,0.001,18.86,34.55,59.53,1.04,6.85,69.18,917.49,276.45,42.91,448.98,45.6,.,.,.,.,.,.
2207,2,2209,Spring,MH,M,H,91.03881217,1.590909091,11.37121212,14.11751066,-2.74629854,0.139906729,1.859505556,-0.268596466,5042,NewAddition,MH,S,Wean,2,Spring,2022,262.8,.,.,.,15.36,.,.,.,.,.,10.69,1.7,8.49,0.20023557126030622,0.37,0.1,0.03,15.9,79.4,3.5,0.9,0.3,9.25,13.3,37.8,40.9,14.4,35.2,23.7,465,5.4,4.28,5.43,65.11,46.37,11.62,120.34,9.55,56.13,77.75,1227.41,387.16,128.04,727.69,42.36,.,.,.,.,.,.
2207,2,2209,Spring,MH,M,H,91.03881217,1.590909091,11.37121212,14.11751066,-2.74629854,0.139906729,1.859505556,-0.268596466,5042,NewAddition,MH,S,14DPW,3,Spring,2022,.,.,.,.,13.57,.,.,.,.,.,11.34,1.12,9.81,0.11416921508664628,0.3,0.06,0.05,9.9,86.5,2.6,0.6,0.4,8.84,12.6,34.8,39.4,14.2,36.1,22,366,5.4,2.65,11.85,6.92,18.86,8.18,63.75,2.57,67.03,106.63,771.39,355.44,116.32,744.7,38.57,.,.,.,.,.,.
2207,2,2209,Spring,MH,M,H,91.03881217,1.590909091,11.37121212,14.11751066,-2.74629854,0.139906729,1.859505556,-0.268596466,5042,NewAddition,MH,S,60DPW,4,Spring,2022,312.3,.,.,.,19.92,.,.,.,.,.,9.6,2.52,6.6,0.38181818181818183,0.35,0.1,0.03,26.2,68.7,3.7,1,0.4,9.02,13.5,38.7,43,14.9,34.8,20.7,558,5.8,3.24,4.17,0.001,20.23,22.11,43.52,1.2,52.74,46,686.91,185.43,87.53,323.59,29.25,.,.,.,.,.,.
2207,2,2209,Spring,MH,M,H,91.03881217,1.590909091,11.37121212,14.11751066,-2.74629854,0.139906729,1.859505556,-0.268596466,5042,NewAddition,MH,S,28DF,5,Spring,2022,313.65000000000003,.,.,.,12.71,.,.,.,.,.,9.71,1.99,6.75,0.2948148148148148,0.81,0.15,0.01,20.5,69.5,8.3,1.6,0.1,7.49,11.6,32.1,42.9,15.4,36,24.9,563,5.7,1.45,5.03,20.53,21.54,4.78,44.83,2,39.36,52.08,495.98,275.69,71.36,281.98,36.52,.,.,.,.,.,.
2208,2,2209,Spring,MH,M,H,83.89604925,1.753246753,10.23650794,12.92141262,-2.684904679,0.171273911,1.794965097,-0.041718344,5050,Exceed,MH,S,Brand,1,Spring,2022,146.25,0.9343283582089549,0.9096965210954849,1.2560414269275026,4.518,7.939055851,1.250264277,0.792701076,6.349902174322461,9.189320128,13.28,3.35,9.09,0.36853685368536854,0.61,0.14,0.09,25.2,68.4,4.7,1,0.7,12.15,14.2,39.2,32.2,11.7,36.2,22.7,553,4.8,2.18,12.89,0.001,0.001,27.42,55.56,0.001,19.63,71.69,801.24,425.53,51.28,166.04,32.29,16,4,128,7,.,.
2208,2,2209,Spring,MH,M,H,83.89604925,1.753246753,10.23650794,12.92141262,-2.684904679,0.171273911,1.794965097,-0.041718344,5050,Exceed,MH,S,Wean,2,Spring,2022,229.5,0.9129332206255284,1.2948073701842544,1.373942470389171,2.609,10.543554792,4.693595548,1.4677874990000002,2.246370545602878,15.23715034,12.15,3.22,8.32,0.3870192307692308,0.39,0.16,0.06,26.5,68.5,3.2,1.3,0.5,10.98,13.6,37.5,34.2,12.4,36.2,28.3,355,5.1,0.97,12.41,0.001,576.11,4.78,66.87,4.44,44.45,107.2,616.99,318.18,55.03,507.77,34.85,16,4,256,8,.,.
2208,2,2209,Spring,MH,M,H,83.89604925,1.753246753,10.23650794,12.92141262,-2.684904679,0.171273911,1.794965097,-0.041718344,5050,Exceed,MH,S,14DPW,3,Spring,2022,.,0.9406392694063928,0.8237265415549598,1.113780918727915,47.01,9.847862837,5.436457063,2.1767981510000003,1.8114486554163372,15.2843199,9.01,1.35,7.18,0.1880222841225627,0.31,0.12,0.05,15,79.7,3.4,1.3,0.6,10.1,12.8,34.6,34.3,12.7,37,27.3,247,5.3,1.63,27.84,27.6,107.97,41.72,101.12,6.25,96.16,169.81,654.11,648.2,71.14,812.89,45.14,<8,0,512,9,.,.
2208,2,2209,Spring,MH,M,H,83.89604925,1.753246753,10.23650794,12.92141262,-2.684904679,0.171273911,1.794965097,-0.041718344,5050,Exceed,MH,S,60DPW,4,Spring,2022,271.8,1.115919629057187,0.9905808477237048,1.1679104477611941,34.17,9.722847115,6.252805507000001,2.022557801,1.554957547314609,15.975652622000002,9.98,2.44,6.93,0.3520923520923521,0.49,0.06,0.06,24.5,69.4,4.9,0.6,0.6,10.32,13.6,39.8,38.5,13.2,34.2,24.7,208,6,0.9,10.04,0.001,14.35,23.88,43.52,1.2,46.42,94.96,901.47,180.86,53.78,356.94,105.12,<8,0,128,7,.,.
2208,2,2209,Spring,MH,M,H,83.89604925,1.753246753,10.23650794,12.92141262,-2.684904679,0.171273911,1.794965097,-0.041718344,5050,Exceed,MH,S,28DF,5,Spring,2022,396,5.061544064093226,0.6462568170550321,1.2294117647058822,35.78,8.260387798,6.362713939,1.95594875,1.298249124067685,14.623101736999999,11.47,2.78,7.96,0.34924623115577885,0.59,0.11,0.03,24.2,69.4,5.2,1,0.2,7.8,11.4,31.6,40.6,14.7,36.2,28.2,93,6.1,3.92,27.55,37.48,71.47,39.92,94.47,3.3,42.79,97.14,1226.48,297.64,75.41,524.61,41.07,<8,0,256,8,.,.
2209,1,2209,Spring,MH,M,H,82.41205464,2.233766234,15.12222222,12.97219245,2.150029769,0.147714152,1.865240743,0.368525491,5156,Exceed,MH,S,Brand,1,Spring,2022,147.15,1.2529154518950436,1.0135746606334843,1.4532854209445583,5.656,7.069010770999999,2.47667548,0.953491839,2.8542337613808004,9.545686251,13.83,3.36,9.81,0.3425076452599388,0.4,0.12,0.14,24.3,70.9,3,0.8,1,11.42,13.5,37.1,32.5,11.8,36.4,22.4,518,4.9,1.72,2.99,6.92,12.65,22.11,60.64,2.49,19.63,116.08,1203.39,389.23,55.51,149.54,48.18,<8,0,64,6,.,.
2209,1,2209,Spring,MH,M,H,82.41205464,2.233766234,15.12222222,12.97219245,2.150029769,0.147714152,1.865240743,0.368525491,5156,Exceed,MH,S,Wean,2,Spring,2022,243.45000000000002,.,.,.,15.200000000000001,7.583533946999999,6.589185898,1.571972199,1.1509060549197452,14.172719845,10.14,2.17,7.62,0.2847769028871391,0.24,0.08,0.03,21.4,75.2,2.3,0.8,0.3,10.64,13.7,37.6,35.3,12.9,36.4,24.4,160,5.3,1.81,5.51,0.001,0.001,0.001,145,0.001,42.61,138.24,1201.24,526.92,71.71,348.6,29.34,<8,0,128,7,.,.
2209,1,2209,Spring,MH,M,H,82.41205464,2.233766234,15.12222222,12.97219245,2.150029769,0.147714152,1.865240743,0.368525491,5156,Exceed,MH,S,14DPW,3,Spring,2022,.,0.48482362592288764,0.9845,0.30738595220854453,23.650000000000002,7.6903958459999995,8.867778639,3.665632051,0.8672291178061282,16.558174485000002,10.14,2.35,7.24,0.324585635359116,0.4,0.08,0.07,23.2,71.4,3.9,0.8,0.7,10.1,13.1,35.9,35.6,12.9,36.4,23,327,5.2,1.03,10.52,0.001,0.001,1.47,85.35,0.88,53.39,105.97,604.24,313.08,51.99,499.36,27.93,<8,0,256,8,.,.
2209,1,2209,Spring,MH,M,H,82.41205464,2.233766234,15.12222222,12.97219245,2.150029769,0.147714152,1.865240743,0.368525491,5156,Exceed,MH,S,60DPW,4,Spring,2022,273.15000000000003,0.7386831275720164,0.717287488061127,0.8214654282765739,28.57,7.422977832000001,7.517076802,2.400300465,0.9874819730490231,14.940054634000001,10.64,2.23,7.99,0.27909887359199,0.26,0.11,0.05,21,75.1,2.4,1,0.5,9.22,12.3,35,37.9,13.3,35.1,22.3,393,5.6,1.12,24.8,0.001,0.001,0.001,99.51,0.09,134.25,68.8,353.03,387.16,43.51,1445.12,36.9,<8,0,64,6,.,.
2209,1,2209,Spring,MH,M,H,82.41205464,2.233766234,15.12222222,12.97219245,2.150029769,0.147714152,1.865240743,0.368525491,5156,Exceed,MH,S,28DF,5,Spring,2022,345.15000000000003,0.7075391783142738,2.771942446043165,0.27244359097455595,10.26,7.666391247000001,8.224352872,2.01805112,0.9321573826313322,15.890744119,11.24,3.37,6.71,0.5022354694485842,0.89,0.21,0.06,30,59.7,7.9,1.8,0.6,7.36,10.8,28.7,38.9,14.7,37.7,28.2,155,5.4,0.84,16.16,0.001,0.001,16.84,131.33,0.64,99.77,74.2,749.57,411.46,92.98,945.64,48.46,<8,0,64,6,.,.
2219,2,2209,Spring,ML,M,L,93.07734176,2.032467532,14.24090909,14.78568717,-0.544778078,0.14272035,1.919524535,0.112942997,7109,Stud,ML,S,Brand,1,Spring,2022,.,0.8047155304971811,0.9270420301348135,0.7647623619779165,15.18,7.204610301,2.434004773,1.1898223330000002,2.959981993839747,9.638615074,10.84,2.77,7.07,0.3917963224893918,0.75,0.18,0.07,25.6,65.2,6.8,1.7,0.7,11.08,14.1,39.9,36,12.8,35.4,24.1,340,4.9,1.91,0.57,0.001,0.001,1.67,51.62,0.001,5.46,125.75,409.86,359.99,33.33,198.25,46.6,<8,0,128,7,.,.
2219,2,2209,Spring,ML,M,L,93.07734176,2.032467532,14.24090909,14.78568717,-0.544778078,0.14272035,1.919524535,0.112942997,7109,Stud,ML,S,Wean,2,Spring,2022,292.5,0.8217455621301776,1.1511254019292605,0.7391975308641975,9.179,6.40199236,6.353472212000001,2.181644512,1.0076367923524334,12.755464572000001,11.01,2.6,7.43,0.3499327052489906,0.45,0.49,0.04,23.6,67.5,4,4.6,0.3,10.21,14.1,39.5,38.7,13.9,35.8,23.4,260,5.9,2.99,5.34,0.001,0.001,0.001,140.66,0.001,36.72,224.01,587.65,394.47,47.59,1283.67,55.71,<8,0,64,6,.,.
2219,2,2209,Spring,ML,M,L,93.07734176,2.032467532,14.24090909,14.78568717,-0.544778078,0.14272035,1.919524535,0.112942997,7109,Stud,ML,S,14DPW,3,Spring,2022,.,0.838948233360723,0.8988518316019681,0.6304106548279688,26.07,6.342022042999999,5.483560321000001,3.488872141,1.1565518881432577,11.825582363999999,7.45,1.42,5.32,0.26691729323308266,0.5,0.14,0.07,19.1,71.4,6.6,1.9,1,9.12,12.7,35.9,39.4,14,35.5,22.5,385,5.7,4.06,8.34,0.001,0.001,7.09,96.28,0.001,20.67,233.04,486.9,434.7,38.04,973.01,35.21,<8,0,128,7,.,.
2219,2,2209,Spring,ML,M,L,93.07734176,2.032467532,14.24090909,14.78568717,-0.544778078,0.14272035,1.919524535,0.112942997,7109,Stud,ML,S,60DPW,4,Spring,2022,315.45,.,.,.,31.41,5.92319714,9.860910229,2.841429348,0.6006744816092575,15.784107369,10.57,3.85,5.04,0.763888888888889,0.67,0.93,0.08,36.4,47.7,6.4,8.8,0.7,10.19,14.2,42.1,41.4,13.9,33.6,23.4,514,5.5,2.45,7.3,0.001,57.52,16.81,79.21,0.001,30.7,121.85,587.93,190.66,28.15,1554.81,37.98,<8,0,128,7,.,.
2219,2,2209,Spring,ML,M,L,93.07734176,2.032467532,14.24090909,14.78568717,-0.544778078,0.14272035,1.919524535,0.112942997,7109,Stud,ML,S,28DF,5,Spring,2022,277.2,0.8050174658621783,1.0256410256410258,1.2013909888116117,20.12,6.143133337,7.878246881,1.8871810789999999,0.7797589273084878,14.021380218000001,8.84,2.34,5.34,0.4382022471910112,0.91,0.23,0.02,26.5,60.4,10.2,2.7,0.2,8.5,12.2,35.3,41.5,14.4,34.7,27,328,5.3,1.75,20.99,0.001,0.001,0.001,94.41,0.001,64.28,182.15,425.33,615.88,53.04,1169.11,60.93,<8,0,64,6,.,.
2221,2,2209,Spring,MH,M,H,81.70599844,1.785714286,9.843076923,12.54308251,-2.700005586,0.1814183,1.774432507,0.011281779,6113,NewAddition,MH,S,Brand,1,Spring,2022,153.9,0.8094534711964549,0.8181296615031556,1.1743515850144093,9.114,9.014358448000001,1.094673358,0.568080723,8.23474727152353,10.109031806,10.16,2.26,7.33,0.30832196452933147,0.47,0.05,0.05,22.3,72.2,4.5,0.5,0.5,10.46,14.3,40.8,39,13.7,35,21.5,611,5.3,3.75,0.1,0.001,14.35,33.65,24.12,0.72,0.001,73.62,548.04,254.28,31.61,67.39,26.15,<8,0,32,5,.,.
2221,2,2209,Spring,MH,M,H,81.70599844,1.785714286,9.843076923,12.54308251,-2.700005586,0.1814183,1.774432507,0.011281779,6113,NewAddition,MH,S,Wean,2,Spring,2022,261,0.7380753138075317,0.9484156226971261,0.8236245954692556,0.7214,7.8501845580000005,2.2673527200000003,0.688805308,3.462268789833458,10.117537278,9.35,2.73,6.13,0.4453507340946166,0.39,0.08,0.02,29.2,65.6,4.1,0.9,0.2,9.85,14.5,40.3,40.9,14.7,35.9,24.1,534,5.3,3.41,4.56,0.001,0.001,34.55,32.56,0.001,12.7,102.27,735.21,376.5,41.29,174.29,42.83,<8,0,128,7,.,.
2221,2,2209,Spring,MH,M,H,81.70599844,1.785714286,9.843076923,12.54308251,-2.700005586,0.1814183,1.774432507,0.011281779,6113,NewAddition,MH,S,14DPW,3,Spring,2022,.,0.846774193548387,0.7563421828908555,0.6469288555015467,10.97,6.578602117,2.242896047,1.427829473,2.9330838251729285,8.821498164,7.63,1.54,5.58,0.27598566308243727,0.42,0.06,0.03,20.1,73.1,5.5,0.8,0.5,8.29,12.3,34.3,41.4,14.9,35.9,22.9,705,4.8,1.14,5.11,0.001,10.81,34.55,19.55,0.25,105.89,74.2,388.8,238.12,17.97,248.77,25.21,<8,0,128,7,.,.
2221,2,2209,Spring,MH,M,H,81.70599844,1.785714286,9.843076923,12.54308251,-2.700005586,0.1814183,1.774432507,0.011281779,6113,NewAddition,MH,S,60DPW,4,Spring,2022,276.3,0.8622908622908624,0.9522326064382142,0.8365878725590956,15.32,6.350532997,4.619427998,1.6675061850000001,1.3747444488255882,10.969960995000001,10.84,3.57,6.93,0.5151515151515151,0.2,0.06,0.08,33,63.9,1.9,0.5,0.7,9.92,14.6,44,44.3,14.7,33.2,24.3,640,5.6,2.18,3.46,0.001,41.27,45.32,18.11,0.88,26.22,39.29,477.9,125.95,35.44,265.37,28.78,<8,0,512,9,.,.
2221,2,2209,Spring,MH,M,H,81.70599844,1.785714286,9.843076923,12.54308251,-2.700005586,0.1814183,1.774432507,0.011281779,6113,NewAddition,MH,S,28DF,5,Spring,2022,393.3,1.0003025718608172,1.2603572786012927,1.1380425990833107,15.9,5.780685362,3.996357062,1.474540335,1.4464887076699353,9.777042424,7.87,1.39,5.81,0.23924268502581755,0.56,0.1,0.01,17.7,73.8,7,1.3,0.2,8.1,12.6,35.7,44.1,15.6,35.3,27.3,460,6.6,3.65,1.41,0.001,17.43,19.47,28.95,0.88,30.07,64.83,700.74,289.22,42.73,124.84,33.08,<8,0,256,8,.,.
2222,2,2209,Spring,ML,M,L,91.7955804,2.383116883,11.0016129,14.78641747,-3.784804568,0.216615228,1.858339893,0.524776991,6023,Powerball,ML,S,Brand,1,Spring,2022,177.75,1.0866920152091255,0.9824561403508772,1.280830809173518,7.926,6.282959416000001,1.582236745,0.86602037,3.970935092902295,7.865196161000001,10.22,2.46,7.17,0.34309623430962344,0.44,0.11,0.04,24.1,70.2,4.2,1.1,0.4,10.02,14.2,39.3,39.2,14.1,36,24.1,602,4.9,1.45,0.74,0.001,0.001,6.46,23.4,0.001,4.48,103.93,525.8,544.5,32.27,34.65,43.11,<8,0,128,7,.,.
2222,2,2209,Spring,ML,M,L,91.7955804,2.383116883,11.0016129,14.78641747,-3.784804568,0.216615228,1.858339893,0.524776991,6023,Powerball,ML,S,Wean,2,Spring,2022,300.6,.,.,.,9.867,4.375690742,3.885133431,2.157516689,1.1262652415193202,8.260824173,12.91,2.02,10.44,0.1934865900383142,0.35,0.09,0.01,15.6,80.9,2.7,0.7,0.1,8.3,13.6,36.8,44.4,16.3,36.8,30.6,371,5.4,0.35,6.58,0.001,0.001,0.001,46.62,0.001,73.5,103.47,620.68,435.71,39.08,275.8,46.22,<8,0,32,5,.,.
2222,2,2209,Spring,ML,M,L,91.7955804,2.383116883,11.0016129,14.78641747,-3.784804568,0.216615228,1.858339893,0.524776991,6023,Powerball,ML,S,14DPW,3,Spring,2022,.,1.3433962264150943,1.3546931407942238,1.2,28.080000000000002,5.322274751,5.397516673,3.147815525,0.986059900032105,10.719791424,11.33,1.6,9.16,0.17467248908296945,0.4,0.09,0.08,14.1,80.9,3.6,0.7,0.7,8.46,13.3,36.2,42.7,15.7,36.8,28.4,617,5.1,2.14,3.33,0.001,0.001,0.001,37,0.001,49.83,105.85,592.15,501.64,38,119.37,32.62,<8,0,128,7,.,.
2222,2,2209,Spring,ML,M,L,91.7955804,2.383116883,11.0016129,14.78641747,-3.784804568,0.216615228,1.858339893,0.524776991,6023,Powerball,ML,S,60DPW,4,Spring,2022,318.15000000000003,0.7317397078353254,0.9165467625899282,0.8774647887323944,38.78,5.530968151,5.651730305,2.931269113,0.9786327111374787,11.182698456,10.32,2.67,7.16,0.3729050279329609,0.27,0.16,0.06,25.9,69.4,2.5,1.6,0.6,8.97,13.2,38.5,42.9,14.8,34.4,28.9,673,5.1,1.39,3.06,0.001,0.001,0.001,35.34,0.001,17.53,59.72,340.83,224.9,37.1,129.09,19.71,<8,0,64,6,.,.
2222,2,2209,Spring,ML,M,L,91.7955804,2.383116883,11.0016129,14.78641747,-3.784804568,0.216615228,1.858339893,0.524776991,6023,Powerball,ML,S,28DF,5,Spring,2022,426.6,0.649080494422671,0.9721848362494392,0.943059402893198,41.21,6.308162628,6.531711524,2.6819863440000002,0.9657748363229766,12.839874152,9.07,1.81,6.59,0.27465857359635815,0.56,0.09,0.02,19.9,72.7,6.2,1,0.2,7.84,12.1,34.7,44.3,15.4,34.8,32,456,5.5,0.72,16.28,0.001,0.001,0.001,49.69,0.001,79.52,91.64,397.9,353.32,41.15,736.36,41.78,<8,0,64,6,.,.
2227,2,2209,Spring,ML,M,L,80.05055021,1.350649351,7.189393939,11.94923698,-4.759843041,0.187866928,1.72041024,-0.36976089,5146,Powerball,ML,S,Brand,1,Spring,2022,159.3,1.5320813771517996,0.988880063542494,0.6454487850905554,4.357,7.172893707,1.730528337,1.427829473,4.144915488315404,8.903422044,10.95,2.43,7.83,0.3103448275862069,0.52,0.11,0.06,22.2,71.5,4.8,1,0.5,10.91,13.9,38.5,35.3,12.8,36.1,23,495,5.3,1.73,0.46,0.001,0.001,38.81,46.81,0.001,7.22,152.25,443.65,521.23,44.1,28.67,81.05,32,5,512,9,.,.
2227,2,2209,Spring,ML,M,L,80.05055021,1.350649351,7.189393939,11.94923698,-4.759843041,0.187866928,1.72041024,-0.36976089,5146,Powerball,ML,S,Wean,2,Spring,2022,260.1,0.8779904306220094,1.4686234817813766,1.0602134146341462,0.08533,7.0792745130000005,4.789551948,2.363293321,1.4780661301640403,11.868826461000001,9.28,2.55,6.39,0.39906103286384975,0.21,0.11,0.02,27.5,68.8,2.4,1.1,0.2,10.81,14.5,38.9,36,13.4,37.2,24.8,385,5.4,1.43,3.75,0.001,0.001,15.49,57.45,0.001,32.15,174.29,648.17,424.19,47.87,155.22,95.45,<8,0,128,7,.,.
2227,2,2209,Spring,ML,M,L,80.05055021,1.350649351,7.189393939,11.94923698,-4.759843041,0.187866928,1.72041024,-0.36976089,5146,Powerball,ML,S,14DPW,3,Spring,2022,.,1.2545846817691477,1.0988446726572527,1.1701030927835052,24.61,5.315722893,4.364768117,5.833148884,1.2178706292085024,9.68049101,8.19,0.73,6.68,0.1092814371257485,0.66,0.09,0.03,8.9,81.5,8.1,1.1,0.4,8.81,11.5,32.1,36.4,13,35.9,23,270,5.6,4.21,23.91,0.001,1.83,10.26,96.49,0.001,107.91,128.89,807.56,418.11,38.61,1399.23,70.04,<8,0,32,5,.,.
2227,2,2209,Spring,ML,M,L,80.05055021,1.350649351,7.189393939,11.94923698,-4.759843041,0.187866928,1.72041024,-0.36976089,5146,Powerball,ML,S,60DPW,4,Spring,2022,275.85,0.874659400544959,0.9689265536723164,1.0874403815580285,22.69,6.127007219999999,5.901353704,4.873073086,1.038237585360635,12.028360924,7.95,1.28,6.48,0.19753086419753085,0.12,0.05,0.02,16.1,81.5,1.4,0.7,0.3,8.69,12.6,36.7,42.3,14.5,34.4,26,539,6.1,0.8,7.4,0.001,21.6,7.72,45.48,0.001,52,94.41,324.78,182.33,51.38,231.77,22.52,<8,0,64,6,.,.
2227,2,2209,Spring,ML,M,L,80.05055021,1.350649351,7.189393939,11.94923698,-4.759843041,0.187866928,1.72041024,-0.36976089,5146,Powerball,ML,S,28DF,5,Spring,2022,343.35,0.7895960476605638,1.2984576907044603,1.0399122807017545,33.31,5.636055887,6.162836361999999,3.560058815,0.9145230468476945,11.798892249,7.6,1.48,5.59,0.26475849731663686,0.4,0.12,0.01,19.4,73.5,5.3,1.6,0.2,7.52,10.5,29.2,38.8,14,36.1,25.4,547,6.2,1.87,4.88,0.001,0.001,5.23,34.97,0.001,30.28,72.33,391.6,372.24,34.91,158.51,52.78,<8,0,32,5,.,.
2233,1,2209,Spring,MH,M,H,86.06720457,1.376623377,14.39253731,13.0657581,1.326779214,0.095648415,1.876856857,-0.50023348,6117,Mediator,MH,S,Brand,1,Spring,2022,155.25,.,.,.,2.6470000000000002,.,.,.,.,.,10.04,1.89,7.44,0.2540322580645161,0.52,0.15,0.04,18.8,74.2,5.2,1.4,0.4,9.82,13.6,37.6,38.3,13.8,36.1,24.9,545,5.3,4.26,0.92,9.96,12.65,0.001,61.97,0.96,8.02,67.25,742.7,312.35,37.4,128.95,51.04,.,.,.,.,.,.
2233,1,2209,Spring,MH,M,H,86.06720457,1.376623377,14.39253731,13.0657581,1.326779214,0.095648415,1.876856857,-0.50023348,6117,Mediator,MH,S,Wean,2,Spring,2022,252,.,.,.,10.48,.,.,.,.,.,8,1.63,5.82,0.2800687285223367,0.33,0.19,0.03,20.4,72.7,4.1,2.4,0.4,9.65,13.3,37,38.4,13.8,36,26.1,500,5.5,5.51,3.35,80.53,67.57,21.23,83.53,8.47,32.33,107.39,1137.28,345.99,48.08,323.59,71.15,.,.,.,.,.,.
2233,1,2209,Spring,MH,M,H,86.06720457,1.376623377,14.39253731,13.0657581,1.326779214,0.095648415,1.876856857,-0.50023348,6117,Mediator,MH,S,14DPW,3,Spring,2022,.,.,.,.,7.001,.,.,.,.,.,8.78,2.24,5.71,0.3922942206654992,0.54,0.19,0.1,25.5,65,6.1,2.3,1.1,9.1,12.5,34.9,38.3,13.8,35.9,24.1,175,5.6,2.74,7.29,20.53,68.23,0.001,39.2,1.84,26.47,93.72,461.04,345.99,23.53,248.77,39.22,.,.,.,.,.,.
2233,1,2209,Spring,MH,M,H,86.06720457,1.376623377,14.39253731,13.0657581,1.326779214,0.095648415,1.876856857,-0.50023348,6117,Mediator,MH,S,60DPW,4,Spring,2022,302.40000000000003,.,.,.,40.75,.,.,.,.,.,7.12,1.15,5.61,0.2049910873440285,0.26,0.07,0.03,16.1,78.8,3.8,0.9,0.4,9.29,13.1,38.9,41.9,14.1,33.6,23.1,532,5.4,9.59,0.17,0.001,12.65,0.66,55.78,0.09,13.5,50.52,886.04,136.49,37.02,59.21,18.37,.,.,.,.,.,.
2233,1,2209,Spring,MH,M,H,86.06720457,1.376623377,14.39253731,13.0657581,1.326779214,0.095648415,1.876856857,-0.50023348,6117,Mediator,MH,S,28DF,5,Spring,2022,350.55,.,.,.,7.239,.,.,.,.,.,11.16,2.79,7.46,0.3739946380697051,0.68,0.2,0.03,25,66.9,6.1,1.7,0.3,7.9,11.5,31.9,40.5,14.5,35.9,24,405,5.8,1.66,3.89,0.001,6.37,3.95,57.54,0.09,24.16,101.13,465.67,335.03,34.19,265.37,48.09,.,.,.,.,.,.
2235,2,2209,Spring,MH,M,H,79.25822694,2.272727273,10.85223881,12.42214926,-1.569910455,0.209424738,1.775158564,0.497568709,7128,Mediator,MH,S,Brand,1,Spring,2022,146.70000000000002,.,.,.,0.6635,.,.,.,.,.,10.41,2.53,7.15,0.3538461538461538,0.57,0.13,0.03,24.3,68.7,5.5,1.2,0.3,10.39,13,36.6,35.3,12.5,35.5,22.7,679,5.2,3.94,0.69,0.001,0.001,30.98,58.43,0.25,11,105.49,821.72,385.31,44.66,67.39,101.92,.,.,.,.,.,.
2235,2,2209,Spring,MH,M,H,79.25822694,2.272727273,10.85223881,12.42214926,-1.569910455,0.209424738,1.775158564,0.497568709,7128,Mediator,MH,S,Wean,2,Spring,2022,258.3,.,.,.,28.47,.,.,.,.,.,11.75,3.25,7.81,0.41613316261203587,0.47,0.18,0.04,27.6,66.5,4.1,1.5,0.3,9.13,12.4,34.5,37.8,13.6,35.9,26.5,586,5.5,2.67,15.68,6.92,102.86,25.65,111.04,5.59,75.43,135.34,931.67,429.15,353.72,702.19,52.7,.,.,.,.,.,.
2235,2,2209,Spring,MH,M,H,79.25822694,2.272727273,10.85223881,12.42214926,-1.569910455,0.209424738,1.775158564,0.497568709,7128,Mediator,MH,S,14DPW,3,Spring,2022,.,.,.,.,12,.,.,.,.,.,11.37,2.3,8.18,0.2811735941320293,0.52,0.29,0.08,20.2,72,4.6,2.5,0.7,7.98,10.9,30.2,37.8,13.6,36,24.1,399,5.6,1.45,13.58,9.96,103.9,16.84,52.48,9.22,50.91,164.52,345.73,321.57,158.11,423.83,45.28,.,.,.,.,.,.
2235,2,2209,Spring,MH,M,H,79.25822694,2.272727273,10.85223881,12.42214926,-1.569910455,0.209424738,1.775158564,0.497568709,7128,Mediator,MH,S,60DPW,4,Spring,2022,262.35,.,.,.,50.25,.,.,.,.,.,11.42,3.54,6.84,0.5175438596491229,0.33,0.65,0.06,31,59.9,2.9,5.7,0.5,9.64,13.7,40.3,41.8,14.2,34,29.3,310,5.3,1.72,1.37,6.92,39.48,20.35,36.4,1.2,19.02,55.4,650.31,133.33,171.1,157.79,21.71,.,.,.,.,.,.
2235,2,2209,Spring,MH,M,H,79.25822694,2.272727273,10.85223881,12.42214926,-1.569910455,0.209424738,1.775158564,0.497568709,7128,Mediator,MH,S,28DF,5,Spring,2022,402.3,.,.,.,21.3,.,.,.,.,.,9.44,2.04,6.51,0.3133640552995392,0.64,0.22,0.03,21.6,69,6.8,2.3,0.3,7.44,10.8,29.8,40.1,14.5,36.1,30.2,356,5.5,2.07,2.92,0.001,20.23,4.78,60.64,2.25,32.33,84.56,394.59,352.85,148.25,273.67,34.1,.,.,.,.,.,.
2236,1,2209,Spring,ML,M,L,89.21393274,2.071428571,15.75373134,14.10601766,1.647713682,0.131488123,1.919363697,0.152064874,5021,Powerball,ML,S,Brand,1,Spring,2022,151.65,1.297872340425532,1.065326633165829,0.8208254386687536,20.990000000000002,7.089565532,2.68289773,0.6549915749999999,2.6425030863923387,9.772463262,12.34,2.01,9.9,0.203030303030303,0.26,0.1,0.07,16.3,80.2,2.1,0.8,0.6,11.35,14.9,43.1,38,13.1,34.6,21.2,695,5.7,0.99,0.35,0.001,0.001,34.6,48.92,0.001,8.79,143.7,649.28,785.6,69.59,71.57,54.2,32,5,32,5,.,.
2236,1,2209,Spring,ML,M,L,89.21393274,2.071428571,15.75373134,14.10601766,1.647713682,0.131488123,1.919363697,0.152064874,5021,Powerball,ML,S,Wean,2,Spring,2022,276.3,1.1401648998822145,1.0234933605720122,0.9899777282850781,1.7850000000000001,7.5024205,4.073916963,1.55771576,1.8415742314186192,11.576337463000002,11.64,2.31,8.67,0.2664359861591696,0.46,0.18,0.02,19.9,74.5,4,1.5,0.1,9.86,13.9,38.4,39,14,36.1,22.4,597,5.6,1.53,1.6,0.001,0.001,20.83,40.93,0.001,11.26,111.45,529.81,318.28,34.29,49.84,47.1,<8,0,64,6,.,.
2236,1,2209,Spring,ML,M,L,89.21393274,2.071428571,15.75373134,14.10601766,1.647713682,0.131488123,1.919363697,0.152064874,5021,Powerball,ML,S,14DPW,3,Spring,2022,.,1.0211864406779663,0.9532163742690059,0.9360061680801849,7.66,7.21524056,5.413059014000001,2.152722184,1.332932181477968,12.628299574,8.48,2.26,5.74,0.3937282229965156,0.31,0.13,0.04,26.7,67.7,3.6,1.5,0.5,9.26,12.8,36.2,39.1,13.8,35.4,21.3,530,5.2,5.24,3.69,0.001,0.001,15.49,40.18,0.001,14.11,130.41,474.69,609.03,23.49,96.88,26.72,<8,0,512,9,.,.
2236,1,2209,Spring,ML,M,L,89.21393274,2.071428571,15.75373134,14.10601766,1.647713682,0.131488123,1.919363697,0.152064874,5021,Powerball,ML,S,60DPW,4,Spring,2022,314.55,0.7636815920398009,0.8072562358276644,0.9309494451294698,27.75,6.642357956000001,4.901425208,2.0361353600000003,1.355189087687901,11.543783164,7.01,2.55,4.24,0.6014150943396226,0.14,0.05,0.03,36.3,60.5,2,0.7,0.5,8.58,12.6,37.7,43.9,14.7,33.5,23.7,524,5.9,2.53,3.81,7.13,0.001,8.98,25.7,2.12,24.06,96.18,404.79,149.82,33.95,191.59,21.42,<8,0,256,8,.,.
2236,1,2209,Spring,ML,M,L,89.21393274,2.071428571,15.75373134,14.10601766,1.647713682,0.131488123,1.919363697,0.152064874,5021,Powerball,ML,S,28DF,5,Spring,2022,373.5,0.6642945544554456,0.7604137545429132,1.2049469964664312,27.55,6.642357956000001,5.491451018,2.7119248,1.209581572197864,12.133808974,4.24,0.81,2.91,0.27835051546391754,0.44,0.07,0.01,19,68.6,10.5,1.7,0.2,7.41,11.2,32.1,43.4,15.1,34.8,24.6,628,6.2,3.08,5.56,26.42,0.001,18.15,47,4.19,35.16,78.52,417.01,266.25,46.66,275.8,28.64,<8,0,128,7,.,.
2238,1,2209,Spring,MH,M,H,85.98997962,1.253246753,11.32238806,12.96900681,-1.646618754,0.110687493,1.82619329,-0.572946536,7010,Exceed,MH,S,Brand,1,Spring,2022,167.85,1.4603174603174607,1.0767649074708703,0.7373498822898349,6.024,5.105379738,1.449340108,0.975116505,3.5225546507818026,6.554719845999999,11.08,2.17,8.42,0.2577197149643705,0.36,0.09,0.04,19.6,76,3.2,0.8,0.4,10.23,13.4,36.5,35.6,13.1,36.8,23.6,557,4.8,2.04,5.19,0.001,0.001,29.2,47.88,1.68,0.001,128.22,727.07,505.54,43.1,67.39,45.6,<8,0,64,6,.,.
2238,1,2209,Spring,MH,M,H,85.98997962,1.253246753,11.32238806,12.96900681,-1.646618754,0.110687493,1.82619329,-0.572946536,7010,Exceed,MH,S,Wean,2,Spring,2022,274.5,1.0857681432610748,1.1917191719171918,1.2445497630331754,3.295,6.308162628,3.82186597,1.600832729,1.6505452251639268,10.130028597999999,11.6,1.88,9.25,0.20324324324324322,0.33,0.11,0.03,16.2,79.8,2.8,1,0.2,10.29,13.9,37.8,36.7,13.5,36.7,23.1,541,5.1,1.19,0.54,0.001,0.001,20.35,46.13,0.8,10.07,213.26,702,357.33,42.22,120.73,61.67,<8,0,16,4,.,.
2238,1,2209,Spring,MH,M,H,85.98997962,1.253246753,11.32238806,12.96900681,-1.646618754,0.110687493,1.82619329,-0.572946536,7010,Exceed,MH,S,14DPW,3,Spring,2022,.,1.1241007194244603,1.119047619047619,0.9933554817275748,2.483,4.971104755,4.032004103999999,2.822548635,1.232911630736773,9.003108859,9.11,1.33,7.29,0.1824417009602195,0.34,0.08,0.07,14.6,80,3.7,0.9,0.8,9.85,13.3,36.5,37,13.5,36.3,22,351,4.8,1.81,6.77,0.001,14.35,13.35,33.62,0.48,11,129.25,633.83,311.37,35.64,331.92,30.93,<8,0,<8,0,.,.
2238,1,2209,Spring,MH,M,H,85.98997962,1.253246753,11.32238806,12.96900681,-1.646618754,0.110687493,1.82619329,-0.572946536,7010,Exceed,MH,S,60DPW,4,Spring,2022,295.65000000000003,0.9421874999999998,0.9331103678929766,0.9983022071307303,25.53,3.6102269849999997,3.64783309,2.152722184,0.9896908372526442,7.2580600749999995,8.86,2.21,6.41,0.34477379095163807,0.14,0.07,0.03,24.9,72.3,1.7,0.8,0.3,8.25,11.6,33.5,40.6,14,34.6,23,454,5.4,1.27,2.84,0.001,6.37,0.001,38.77,0.25,1.46,67.44,662.96,143.37,51.86,223.91,18.04,<8,0,<8,0,.,.
2238,1,2209,Spring,MH,M,H,85.98997962,1.253246753,11.32238806,12.96900681,-1.646618754,0.110687493,1.82619329,-0.572946536,7010,Exceed,MH,S,28DF,5,Spring,2022,371.25,0.7576357466063348,0.8040665434380776,0.37730287398673545,7.71,5.056025484,4.177190867999999,2.045235245,1.2103889057913169,9.233216352,8.38,1.07,6.86,0.15597667638483964,0.31,0.12,0.02,12.8,81.9,3.7,1.4,0.2,7.2,11,29.8,41.4,15.3,37,27.9,286,5.5,1.95,2.72,0.001,14.35,0.001,50.06,0.09,13.5,190.25,615.71,381.14,46.21,190.81,32.52,<8,0,<8,0,.,.
2240,2,2209,Spring,ML,M,L,78.94055837,2.025974026,11.03134328,12.1988299,-1.16748662,0.183656149,1.776039345,0.249934681,6140,Stud8276B,ML,S,Brand,1,Spring,2022,153,0.8738621586475943,0.8996333638863429,1.029491155994937,19.79,.,.,.,.,.,13.85,1.95,11.29,0.17271922054915856,0.37,0.19,0.05,14.1,81.5,2.7,1.4,0.3,10.64,14.1,38.9,36.5,13.2,36.3,22.2,731,5.1,3.04,1.84,0.001,0.001,8.98,88.83,0.001,13.19,121.24,969.17,323.18,47.87,148.66,32.75,.,.,.,.,.,.
2240,2,2209,Spring,ML,M,L,78.94055837,2.025974026,11.03134328,12.1988299,-1.16748662,0.183656149,1.776039345,0.249934681,6140,Stud8276B,ML,S,Wean,2,Spring,2022,249.3,.,.,.,87.18,.,.,.,.,.,14.21,2.12,11,0.19272727272727275,0.54,0.52,0.03,15,77.4,3.7,3.7,0.2,9.76,12.9,35.6,36.5,13.2,36.2,22.8,521,5.5,1.49,9.74,0.001,32.45,8.98,82.47,0.001,64.13,187.18,540.37,426.22,52.67,555.59,56.38,.,.,.,.,.,.
2240,2,2209,Spring,ML,M,L,78.94055837,2.025974026,11.03134328,12.1988299,-1.16748662,0.183656149,1.776039345,0.249934681,6140,Stud8276B,ML,S,14DPW,3,Spring,2022,.,1.2185257664709719,0.8687546607009695,0.5805415328132171,8.406,.,.,.,.,.,11.43,1.78,8.75,0.20342857142857143,0.7,0.1,0.1,15.6,76.6,6.2,0.8,0.8,9.28,12,33.3,35.9,13,36.1,21.8,546,5.2,0.99,3.36,0.001,11.61,29.04,28.75,0.001,21.66,82.23,160.4,198.41,25.54,161.8,22.48,.,.,.,.,.,.
2240,2,2209,Spring,ML,M,L,78.94055837,2.025974026,11.03134328,12.1988299,-1.16748662,0.183656149,1.776039345,0.249934681,6140,Stud8276B,ML,S,60DPW,4,Spring,2022,268.2,.,.,.,20.72,.,.,.,.,.,9.12,1.61,7,0.23,0.29,0.21,0.01,17.7,76.7,3.2,2.3,0.1,8.91,11.7,34.8,39.1,13.2,33.8,22.3,604,5.8,1.7,1.76,0.001,24.04,0.001,57.99,0.72,16.41,90.58,542.22,160.69,66.87,120.73,23.6,.,.,.,.,.,.
2240,2,2209,Spring,ML,M,L,78.94055837,2.025974026,11.03134328,12.1988299,-1.16748662,0.183656149,1.776039345,0.249934681,6140,Stud8276B,ML,S,28DF,5,Spring,2022,279.90000000000003,7.756152125279642,1.4503311258278144,5.128158844765342,6.32,.,.,.,.,.,9.9,1.56,7.34,0.2125340599455041,0.83,0.16,0.01,15.8,74.1,8.4,1.6,0.1,7.94,10.9,30.5,38.4,13.7,35.7,26.9,355,6.3,1.27,9.72,0.001,14.35,0.001,66.43,0.09,41.67,124.18,337.35,347.41,108.53,689.46,79.2,.,.,.,.,.,.
2241,2,2209,Spring,MH,M,H,91.1903331,1.792207792,13.41515152,14.28003044,-0.864878926,0.133595792,1.893879321,-0.101671529,5058,Mediator,MH,S,Brand,1,Spring,2022,167.4,.,.,.,7.9110000000000005,.,.,.,.,.,13.42,3.82,8.54,0.4473067915690867,0.76,0.25,0.05,28.5,63.6,5.7,1.8,0.4,10.12,12.8,36.8,36.4,12.7,34.9,22.3,645,5.8,1.7,0.88,0.001,0.001,33.65,74.27,0.25,26.22,126.9,581.2,266.58,45.03,124.84,56.38,.,.,.,.,.,.
2241,2,2209,Spring,MH,M,H,91.1903331,1.792207792,13.41515152,14.28003044,-0.864878926,0.133595792,1.893879321,-0.101671529,5058,Mediator,MH,S,Wean,2,Spring,2022,286.2,.,.,.,5.163,.,.,.,.,.,10.54,2.33,7.44,0.3131720430107527,0.51,0.25,0.01,22.1,70.6,4.9,2.4,0,8.71,12.2,33.9,38.9,14,35.9,29.5,401,5.9,0.71,2.3,0.001,0.001,4.78,47.88,0.25,38.18,168.98,372.71,268.1,29.57,124.84,37.55,.,.,.,.,.,.
2241,2,2209,Spring,MH,M,H,91.1903331,1.792207792,13.41515152,14.28003044,-0.864878926,0.133595792,1.893879321,-0.101671529,5058,Mediator,MH,S,14DPW,3,Spring,2022,.,.,.,.,16.7,.,.,.,.,.,11.13,2.44,7.47,0.32663989290495316,1.01,0.16,0.05,21.9,67.1,9.1,1.4,0.5,8.43,11.9,32.7,38.8,14.1,36.3,27,364,5.7,0.88,2.22,0.001,36.71,8.18,51.38,1.52,35.95,139.83,391.18,251.17,24.8,174.29,29.81,.,.,.,.,.,.
2241,2,2209,Spring,MH,M,H,91.1903331,1.792207792,13.41515152,14.28003044,-0.864878926,0.133595792,1.893879321,-0.101671529,5058,Mediator,MH,S,60DPW,4,Spring,2022,330.75,.,.,.,36.230000000000004,.,.,.,.,.,9.51,2.92,6.08,0.48026315789473684,0.32,0.16,0.03,30.7,64,3.4,1.6,0.3,8.43,11.8,34.8,41.3,14.1,34,23.1,341,6.2,1.98,1.3,0.001,0.001,11.62,51.38,0.001,36.98,63.18,657.9,138.06,56.49,63.3,15.29,.,.,.,.,.,.
2241,2,2209,Spring,MH,M,H,91.1903331,1.792207792,13.41515152,14.28003044,-0.864878926,0.133595792,1.893879321,-0.101671529,5058,Mediator,MH,S,28DF,5,Spring,2022,338.40000000000003,.,.,.,19.36,.,.,.,.,.,10.62,2.75,6.91,0.3979739507959479,0.74,0.21,0.01,25.9,65.1,7,1.9,0.1,7.04,10.5,29,41.2,14.9,36.2,24.6,234,6.7,1.21,6.69,0.001,32.81,9.9,39.63,0.8,29.38,112.3,342.24,259.42,49.39,676.73,28.78,.,.,.,.,.,.
3003,3,2311,Spring,MH,M,H,90.48960134,1.746753247,15.62112676,14.92639193,0.694734834,0.111819927,2.075040753,-0.328287506,1109,NewAddition,MH,S,Brand,1,Spring,2023,136.35,.,.,.,17.41,.,.,.,.,.,8.12,1.39,6.24,0.22275641025641024,0.38,0.05,0.06,17.1,76.8,4.7,0.7,0.7,11.49,13.9,40.2,35,12.1,34.5,21.2,658,4.7,13.62,3.8,0.0005,70.84,10.68,246.95,1.86,90.19,316.38,7284.09,1617.88,240.69,131.25,126.67,.,.,.,.,.,.
3003,3,2311,Spring,MH,M,H,90.48960134,1.746753247,15.62112676,14.92639193,0.694734834,0.111819927,2.075040753,-0.328287506,1109,NewAddition,MH,S,Wean,2,Spring,2023,234,.,.,.,14.47,.,.,.,.,.,17.08,4.1,12.01,0.3413821815154038,0.64,0.23,0.1,24,70.3,3.8,1.3,0.6,9.78,12.5,35.5,36.3,12.8,35.3,21.9,193,5.4,5.15,1.9,52.78,271.31,118.3,311.61,3.43,129.81,281.75,1937.09,478.5,162.32,124.32,64.63,.,.,.,.,.,.
3003,3,2311,Spring,MH,M,H,90.48960134,1.746753247,15.62112676,14.92639193,0.694734834,0.111819927,2.075040753,-0.328287506,1109,NewAddition,MH,S,14DPW,3,Spring,2023,239.4,.,.,.,18.78,.,.,.,.,.,11.59,3.11,7.62,0.4081364829396325,0.66,0.11,0.09,26.9,65.8,5.6,0.9,0.8,9.98,12.9,36.4,36.5,12.9,35.4,22.4,691,5.1,2.73,2.2,12.5,47.9,13.98,107.51,4.59,117.52,221.22,2163.57,645.09,191.64,75.97,118.66,.,.,.,.,.,.
3003,3,2311,Spring,MH,M,H,90.48960134,1.746753247,15.62112676,14.92639193,0.694734834,0.111819927,2.075040753,-0.328287506,1109,NewAddition,MH,S,60DPW,4,Spring,2023,283.05,.,.,.,16.62,.,.,.,.,.,11.31,2.22,8.62,0.2575406032482599,0.34,0.09,0.04,19.6,76.2,3,0.8,0.4,8.35,11.9,34,40.8,14.3,35,27.2,601,5.7,2.62,18.92,115.44,78.53,8.49,228.13,21.5,312.54,903.37,2056.72,665.15,384.35,1529.83,77.24,.,.,.,.,.,.
3003,3,2311,Spring,MH,M,H,90.48960134,1.746753247,15.62112676,14.92639193,0.694734834,0.111819927,2.075040753,-0.328287506,1109,NewAddition,MH,S,28DF,5,Spring,2023,333.90000000000003,.,.,.,16.95,.,.,.,.,.,11.31,2.18,8.03,0.27148194271481946,0.94,0.13,0.03,19.2,71,8.3,1.2,0.3,8.84,13.1,37.6,42.6,14.8,34.7,24.4,477,6.2,5.04,126.63,226.65,202.76,70.41,1072.36,4.59,1089.28,684.16,2784.92,2196.03,231.93,13473.22,354.56,.,.,.,.,.,.
3004,4,2311,Spring,ML,M,L,84.81639651,1.785714286,14.36901408,14.12415326,0.244860829,0.124275352,2.081507729,-0.295793443,1231,Profound,ML,S,Brand,1,Spring,2023,117.45,.,.,.,8.88,.,.,.,.,.,10.15,2.32,7.08,0.327683615819209,0.6,0.14,0.01,22.8,69.7,6,1.4,0.1,13.87,15.5,43.4,31.3,11.2,35.8,21.6,527,5.2,28.96,13.43,391.56,237.25,42.35,448.12,40.15,263.05,503.74,5955.08,1899.64,647.5,1207.05,521.14,.,.,.,.,.,.
3004,4,2311,Spring,ML,M,L,84.81639651,1.785714286,14.36901408,14.12415326,0.244860829,0.124275352,2.081507729,-0.295793443,1231,Profound,ML,S,Wean,2,Spring,2023,157.5,.,.,.,15.58,.,.,.,.,.,11.08,1.57,8.31,0.18892900120336942,0.71,0.46,0.03,14.1,75,6.5,4.1,0.3,10.29,13.3,37.4,36.4,12.9,35.6,22.9,564,5.9,10.16,3.62,191.21,166.45,15.09,318.38,12.3,141.06,557.72,3669.9,1160.73,548.77,397.63,526.29,.,.,.,.,.,.
3004,4,2311,Spring,ML,M,L,84.81639651,1.785714286,14.36901408,14.12415326,0.244860829,0.124275352,2.081507729,-0.295793443,1231,Profound,ML,S,14DPW,3,Spring,2023,210.15,.,.,.,26.77,.,.,.,.,.,14.97,3.75,10.67,0.3514526710402999,0.42,0.11,0.02,25,71.3,2.9,0.7,0.1,9.39,11.8,33,35.1,12.6,35.9,22.6,762,5.3,7.17,3.8,36.41,70.84,24.05,324.36,3.72,106.89,651.37,2558.44,675.1,243.35,270.79,697,.,.,.,.,.,.
3004,4,2311,Spring,ML,M,L,84.81639651,1.785714286,14.36901408,14.12415326,0.244860829,0.124275352,2.081507729,-0.295793443,1231,Profound,ML,S,60DPW,4,Spring,2023,231.3,.,.,.,22.18,.,.,.,.,.,11.85,2.67,8.22,0.3248175182481752,0.74,0.18,0.04,22.6,69.4,6.2,1.5,0.3,10.08,12.1,33.8,33.5,12,35.8,21.4,604,5.2,4.46,10.75,111.4,84.37,0.08,169.26,16.55,197.31,3041.99,2156.09,608.39,171.82,863.46,137.9,.,.,.,.,.,.
3004,4,2311,Spring,ML,M,L,84.81639651,1.785714286,14.36901408,14.12415326,0.244860829,0.124275352,2.081507729,-0.295793443,1231,Profound,ML,S,28DF,5,Spring,2023,277.65000000000003,.,.,.,13.77,.,.,.,.,.,13.27,4.35,7.95,0.5471698113207547,0.84,0.09,0.04,32.7,60,6.3,0.7,0.3,8.35,10.4,28.8,34.5,12.5,36.2,26.5,469,5.6,7.46,11.61,225.4,80.01,4.19,398.63,16.36,195.59,252.4,2703.9,877.22,314.59,762.18,183.48,.,.,.,.,.,.
3005,3,2311,Spring,ML,M,L,94.68553401,2.006493506,16.38028169,16.18913582,0.191145873,0.122494445,2.057053152,-0.050559645,1101,Profound,ML,S,Brand,1,Spring,2023,132.3,2.078137028483449,0.8729235880398671,0.8035299581978635,18.91,15.1889123,5.4516862999999995,3.1606289,2.786094331950098,20.6405986,13.66,4.72,7.59,0.6218708827404479,1.01,0.31,0.03,34.6,55.6,7.4,2.2,0.2,12.48,14.4,39.7,31.8,11.6,36.4,21.3,555,5,17.66,40.97,250.19,262.23,126,325.65,26.89,186.65,535.3,2588.98,1607.52,3654.51,3030.73,319.83,2,1,16,4,16,4
3005,3,2311,Spring,ML,M,L,94.68553401,2.006493506,16.38028169,16.18913582,0.191145873,0.122494445,2.057053152,-0.050559645,1101,Profound,ML,S,Wean,2,Spring,2023,223.20000000000002,0.948733786287832,0.8633961511616312,0.9278294149808638,36.37,21.5414935,11.307281699999999,4.9465673,1.905099215844247,32.8487752,17.99,5.46,10.71,0.5098039215686274,0.91,0.84,0.07,30.4,59.5,5.1,4.6,0.4,9.56,11.4,30.8,32.2,11.9,37,21.5,297,5.5,3.08,13.22,140.75,176.71,76.93,317.55,11.03,97.3,463.37,1983.46,1043.75,989.25,896.28,206.17,<2,0,4,2,<4,0
3005,3,2311,Spring,ML,M,L,94.68553401,2.006493506,16.38028169,16.18913582,0.191145873,0.122494445,2.057053152,-0.050559645,1101,Profound,ML,S,14DPW,3,Spring,2023,227.70000000000002,0.9303518473992146,0.45637475853187387,1.0438712522045857,23.02,19.1437506,12.136097099999999,4.1882336,1.577422332917887,31.279847699999998,20.07,7.96,10.52,0.7566539923954373,0.98,0.46,0.15,39.7,52.4,4.9,2.3,0.7,11.24,13.1,35.9,31.9,11.6,36.4,21.8,397,5.1,10.37,12.78,145.95,187.59,84.6,295.95,15.94,121.26,949.9,2364.27,1103.07,732.34,779.45,236.82,<2,0,256,8,<4,0
3005,3,2311,Spring,ML,M,L,94.68553401,2.006493506,16.38028169,16.18913582,0.191145873,0.122494445,2.057053152,-0.050559645,1101,Profound,ML,S,60DPW,4,Spring,2023,266.40000000000003,4.262101534828807,0.7896919431279621,0.7467889908256881,27.05,28.2860178,15.1264936,3.8549102000000004,1.8699652773462319,43.4125114,13.7,4.35,8.34,0.5215827338129496,0.65,0.29,0.07,31.8,60.9,4.7,2.1,0.5,9.27,11.2,31.1,33.6,12.1,36.1,23.2,601,5.4,9.11,14.84,161.32,172.98,118.56,183.62,38.16,137.71,1211.94,1899.63,697.46,180.34,815.42,173.56,<2,0,128,7,<4,0
3005,3,2311,Spring,ML,M,L,94.68553401,2.006493506,16.38028169,16.18913582,0.191145873,0.122494445,2.057053152,-0.050559645,1101,Profound,ML,S,28DF,5,Spring,2023,334.35,1.0453701554885124,0.7742984953233021,0.9124302704978423,8.831,28.3764578,15.477696,5.2317072,1.833377383817333,43.8541538,15.67,4.55,9.5,0.4789473684210526,1.36,0.22,0.04,29.1,60.6,8.7,1.4,0.2,7.93,10.7,28.8,36.3,13.5,37.2,30.4,127,5.7,3.35,26.05,48.42,138.37,53.47,387.8,8.52,163.49,327.27,1934.9,995.94,320.12,1272.5,330.24,<2,0,128,7,16,4
3007,4,2311,Spring,ML,M,L,86.74579235,1.733766234,13.79428571,14.30721323,-0.512927513,0.125687279,2.000154205,-0.266387971,1001,Profound,ML,S,Brand,1,Spring,2023,143.55,5.87560975609756,0.6930232558139535,0.8190348525469169,11.09,19.4009294,5.639822400000001,2.5969236,3.439989422361952,25.0407518,8.58,1.81,6.09,0.29720853858784896,0.56,0.11,0.01,21,71,6.6,1.2,0.2,12.37,13.1,36.6,29.6,10.6,35.8,22.9,668,5.1,38.66,8.99,73.8,171.09,126,394.56,8.52,89.96,442.13,9860.44,2159.66,319.78,662.38,367.43,2,1,<4,0,<4,0
3007,4,2311,Spring,ML,M,L,86.74579235,1.733766234,13.79428571,14.30721323,-0.512927513,0.125687279,2.000154205,-0.266387971,1001,Profound,ML,S,Wean,2,Spring,2023,228.6,0.965980024968789,1.028393025447691,0.9663461538461537,25.98,22.1018407,11.564165800000001,3.2619477000000003,1.9112351969218564,33.6660065,16.8,6.3,9.39,0.6709265175718849,0.75,0.31,0.05,37.5,55.9,4.5,1.9,0.2,10.7,11.9,33.1,31,11.1,35.8,22.6,415,5.4,7.78,77.99,108.49,159.4,57.44,488.33,8.05,217.11,727.53,2239.27,1447.55,164.15,5546.99,500.75,<2,0,<4,0,<4,0
3007,4,2311,Spring,ML,M,L,86.74579235,1.733766234,13.79428571,14.30721323,-0.512927513,0.125687279,2.000154205,-0.266387971,1001,Profound,ML,S,14DPW,3,Spring,2023,237.6,0.9170921468514466,1.3112639724849529,0.9073627844712184,28.84,22.269889600000003,18.2284294,3.786599,1.2217119265360297,40.498319,12.25,1.72,9.67,0.1778697001034126,0.59,0.19,0.08,14,79,4.9,1.5,0.6,10.53,11.5,32.3,30.7,10.9,35.7,22.3,764,4.9,6.1,14.3,64.57,219.36,47.48,252.67,8.05,129.65,1587.4,2583.57,1170.9,223.07,1111.47,599.81,<2,0,64,6,<4,0
3007,4,2311,Spring,ML,M,L,86.74579235,1.733766234,13.79428571,14.30721323,-0.512927513,0.125687279,2.000154205,-0.266387971,1001,Profound,ML,S,60DPW,4,Spring,2023,255.15,5.739280774550484,0.9272030651340996,0.9299926308032426,30.45,23.7428283,21.502260800000002,3.1833192,1.104201484710854,45.2450891,9.26,2.67,6.05,0.4413223140495868,0.35,0.15,0.04,28.9,65.3,3.8,1.6,0.4,10.33,11.2,31.6,30.6,10.8,35.3,24.3,829,5.2,12.12,19.98,79.81,185.81,80.77,313.95,39.93,132.37,2065.53,3742.87,1341.39,517.22,1218.85,399.66,<2,0,32,5,<4,0
3007,4,2311,Spring,ML,M,L,86.74579235,1.733766234,13.79428571,14.30721323,-0.512927513,0.125687279,2.000154205,-0.266387971,1001,Profound,ML,S,28DF,5,Spring,2023,284.85,1.1481385055975006,0.9235702133228634,1.072522159548751,19.79,17.5749972,14.3924483,3.2997595,1.2211263041327025,31.967445499999997,10.65,1.92,7.57,0.2536327608982827,0.98,0.13,0.05,18.1,71.1,9.2,1.2,0.4,9.42,11.2,31,32.9,11.9,36.3,32.7,535,4.9,10.25,33.02,91.53,191.12,73.07,454.71,6.83,161.11,461.04,2017.21,1460.96,431.48,1869.74,416.73,8,3,32,5,16,4
3010,4,2311,Spring,MH,M,H,92.95695717,1.538961039,14.41549296,14.83256102,-0.417068059,0.106757434,1.933770245,-0.394809206,1220,NewAddition,MH,S,Brand,1,Spring,2023,137.70000000000002,3.4470967741935485,0.8427095292766936,0.9365179132620991,15.09,20.2150839,11.9088018,1.5491073,1.6974910019914848,32.1238857,10.37,1.93,7.7,0.2506493506493506,0.62,0.1,0.02,18.6,74.2,6.1,0.9,0.2,11.74,13.7,39,33.2,11.6,35.1,21.6,927,5,21.08,7.63,0.001,27.5,0.001,422.47,3.84,56.59,602.27,4411.8,1720.83,303.32,444.68,271.67,2,1,64,6,<4,0
3010,4,2311,Spring,MH,M,H,92.95695717,1.538961039,14.41549296,14.83256102,-0.417068059,0.106757434,1.933770245,-0.394809206,1220,NewAddition,MH,S,Wean,2,Spring,2023,238.5,.,0.9002217294900223,0.9457591066205795,17.37,15.0181409,9.4973194,3.3658791,1.5813031306496863,24.5154603,11.61,2.14,8.59,0.2491268917345751,0.69,0.13,0.06,18.4,74,6,1.1,0.5,10.46,12.9,37.3,35.7,12.4,34.6,20.8,717,5.2,7.66,15.07,0.001,21.25,0.001,274.89,1.12,92.09,764.12,9860.44,1495.84,417.46,557.44,346.28,<2,0,4,2,<4,0
3010,4,2311,Spring,MH,M,H,92.95695717,1.538961039,14.41549296,14.83256102,-0.417068059,0.106757434,1.933770245,-0.394809206,1220,NewAddition,MH,S,14DPW,3,Spring,2023,256.5,0.7689954814042405,0.7276864556446134,0.8639374668786435,23.46,12.8132871,11.015504400000001,2.1446818999999997,1.163204755290189,23.8287915,11.49,2.72,7.87,0.34561626429479037,0.52,0.35,0.03,23.7,68.5,4.6,3,0.2,10.57,13.4,37.2,35.2,12.7,36,21.1,510,5.5,17.22,5.89,0.001,0.001,15.36,319.43,3.3,82.69,1021.66,3494.86,1327.96,665.85,318.86,195.48,<2,0,64,6,<4,0
3010,4,2311,Spring,MH,M,H,92.95695717,1.538961039,14.41549296,14.83256102,-0.417068059,0.106757434,1.933770245,-0.394809206,1220,NewAddition,MH,S,60DPW,4,Spring,2023,275.85,6.931746031746034,0.8295795795795796,0.795758051846033,17.98,10.7753136,14.7419692,1.5697392,0.7309276972305708,25.5172828,8.56,1.56,6.33,0.24644549763033177,0.56,0.09,0.02,18.2,73.9,6.6,1.1,0.2,9.57,12.1,34.4,36,12.7,35.2,23,694,5.4,12.01,40.27,0.001,0.001,0.001,261.37,20.66,167.35,1483.15,2962.77,1854.36,372.21,2495.45,247.76,<2,0,64,6,<4,0
3010,4,2311,Spring,MH,M,H,92.95695717,1.538961039,14.41549296,14.83256102,-0.417068059,0.106757434,1.933770245,-0.394809206,1220,NewAddition,MH,S,28DF,5,Spring,2023,317.7,1.0944167624888206,0.9952859446718769,0.9684647302904564,10.48,10.3480924,13.618820099999999,2.0330499,0.7598376602390101,23.9669125,9.58,2.02,6.58,0.3069908814589666,0.83,0.13,0.02,21,68.7,8.7,1.4,0.2,8.57,11.7,32.9,38.4,13.7,35.6,27.5,610,5.5,8.88,44.88,0.001,0.001,6.35,341.85,1.12,143.87,298.25,1774.25,1163.6,237.74,2669.79,225.41,<2,0,64,6,<4,0
3014,3,2311,Spring,ML,M,L,95.61746055,1.88961039,14.89014085,16.06461501,-1.174474163,0.12690346,1.921834276,-0.032223886,1104,Profound,ML,S,Brand,1,Spring,2023,145.8,1.3608695652173914,0.8589191774270681,1.5553369404820463,17.330000000000002,16.193158699999998,5.6127465,2.2172347,2.885068602332209,21.805905199999998,9.8,3.02,5.98,0.5050167224080268,0.66,0.12,0.02,30.8,61,6.7,1.3,0.2,12.03,13.8,39,32.4,11.5,35.4,22.4,783,4.8,6.16,20.28,85.72,155.36,88.42,313.95,8.52,121.26,387.9,3182.06,1909.19,196.45,932.19,272.55,<2,0,<4,0,<4,0
3014,3,2311,Spring,ML,M,L,95.61746055,1.88961039,14.89014085,16.06461501,-1.174474163,0.12690346,1.921834276,-0.032223886,1104,Profound,ML,S,Wean,2,Spring,2023,243,1.1745495495495493,0.8630946317612306,1.0270085135531855,19.830000000000002,18.046036,7.7991863,3.5020986,2.313835739505287,25.8452223,11.29,1.7,8.56,0.1985981308411215,0.7,0.23,0.1,15.1,75.8,6.2,2.1,0.8,8.01,10.7,30.6,38.2,13.3,34.9,22.1,738,4.8,7.65,16.85,73.8,171.09,41.4,228.24,7.57,98.39,465.88,2635.79,1337.74,208.05,409.22,350.19,2,1,<4,0,<4,0
3014,3,2311,Spring,ML,M,L,95.61746055,1.88961039,14.89014085,16.06461501,-1.174474163,0.12690346,1.921834276,-0.032223886,1104,Profound,ML,S,14DPW,3,Spring,2023,254.70000000000002,0.6683789272488353,1.0052340796743238,0.9552460789616007,20.09,20.2869333,12.7997344,2.6845591,1.5849495517656993,33.0866677,14.98,3.67,10.3,0.35631067961165047,0.52,0.45,0.04,24.4,68.8,3.5,3,0.3,8.77,11.5,31.2,35.5,13.1,36.9,23.6,679,4.9,7.59,5.94,85.72,155.36,73.07,231.86,12.13,85.83,629.63,1481.7,926.13,226.08,363.82,194.53,<2,0,<4,0,<4,0
3014,3,2311,Spring,ML,M,L,95.61746055,1.88961039,14.89014085,16.06461501,-1.174474163,0.12690346,1.921834276,-0.032223886,1104,Profound,ML,S,60DPW,4,Spring,2023,278.1,5.788032454361056,0.9249249249249248,1.4104026845637583,32.1,14.883228800000001,15.532326099999999,2.2964916,0.9582099103623637,30.4155549,10.05,2.54,6.72,0.3779761904761905,0.59,0.17,0.03,25.3,66.8,5.9,1.7,0.3,10.18,11.9,34,33.4,11.6,34.8,23.2,562,5.3,1.62,5.2,48.42,147.05,80.77,92.87,17.17,69.83,826.4,770.88,607.97,151.49,554.08,84.58,<2,0,64,6,<4,0
3014,3,2311,Spring,ML,M,L,95.61746055,1.88961039,14.89014085,16.06461501,-1.174474163,0.12690346,1.921834276,-0.032223886,1104,Profound,ML,S,28DF,5,Spring,2023,344.25,1.238460381897459,0.794527896995708,0.9184810126582279,8.846,11.5443183,12.4073478,1.8395152,0.9304420643386817,23.9516661,11.96,3.47,7.26,0.4779614325068871,1.08,0.12,0.03,29,60.7,9,1.1,0.2,8.04,10.2,27.6,34.3,12.7,37,29.7,561,5.2,7.2,11.02,79.81,142.76,53.47,165.71,6.83,85.23,242.76,1148.05,1018.57,144.43,1021.88,264.68,<2,0,64,6,32,5
3015,3,2311,Spring,MH,M,H,95.18771859,1.850649351,16.39577465,15.90661603,0.489158616,0.112873554,2.048938167,-0.198288816,1119,Mediator,MH,S,Brand,1,Spring,2023,143.1,4.895238095238096,1.180119581464873,1.272885789014821,7.7010000000000005,15.258196300000002,6.873165599999999,1.6759226,2.219966342728597,22.1313619,8.96,2.23,6.05,0.3685950413223141,0.5,0.17,0.01,24.9,67.5,5.6,1.9,0.1,9.72,12,35.1,36.1,12.3,34.1,20.5,594,5.1,8.59,1.05,0.001,0.001,0.001,303.91,4.91,31.48,509.28,1969.22,1122.91,191.03,49.12,140.5,2,1,4,2,<4,0
3015,3,2311,Spring,MH,M,H,95.18771859,1.850649351,16.39577465,15.90661603,0.489158616,0.112873554,2.048938167,-0.198288816,1119,Mediator,MH,S,Wean,2,Spring,2023,228.6,8.601598173515983,10.096878363832076,1.1439764936336927,23.68,17.613147100000003,11.647635800000002,2.7570067999999996,1.5121649923154363,29.260782900000002,10.73,3.3,6.26,0.5271565495207667,0.72,0.43,0.02,30.8,58.3,6.7,4,0.2,9.29,11.7,33.7,36.2,12.6,34.9,21.1,546,5.1,5.19,22.59,0.001,13.54,0.001,283.16,0.001,163.63,629.56,1541.12,878.6,139.62,1219.98,191.15,<2,0,128,7,<4,0
3015,3,2311,Spring,MH,M,H,95.18771859,1.850649351,16.39577465,15.90661603,0.489158616,0.112873554,2.048938167,-0.198288816,1119,Mediator,MH,S,14DPW,3,Spring,2023,248.4,0.8898058252427186,0.9273823567964347,0.8390833863781031,17.56,17.4849526,15.4262237,2.5037692000000003,1.1334564401526215,32.9111763,11.5,4,6.71,0.5961251862891207,0.61,0.16,0.02,34.8,58.4,5.3,1.4,0.1,9.03,11.4,32.1,35.6,12.6,35.5,21.9,457,5.1,6.16,8.04,0.001,0.001,0.001,187.91,4.64,72.7,925.5,1890.75,957,129.21,369.28,171.54,<2,0,128,7,<4,0
3015,3,2311,Spring,MH,M,H,95.18771859,1.850649351,16.39577465,15.90661603,0.489158616,0.112873554,2.048938167,-0.198288816,1119,Mediator,MH,S,60DPW,4,Spring,2023,278.1,4.894572676232064,0.8814332247557003,0.9866479269149683,18.82,19.676444800000002,22.30908,4.1408422,0.881992659491113,41.98552480000001,7.2,0.6,5.66,0.10600706713780918,0.8,0.12,0.02,8.4,78.5,11.1,1.7,0.3,10.16,12.6,36.5,35.9,12.5,34.7,23,673,5.6,8,535.71,177.34,116.03,33.51,2291.92,36.98,1144.2,1636.81,3947.49,3267.24,225.42,62421.88,762.01,<2,0,128,7,<4,0
3015,3,2311,Spring,MH,M,H,95.18771859,1.850649351,16.39577465,15.90661603,0.489158616,0.112873554,2.048938167,-0.198288816,1119,Mediator,MH,S,28DF,5,Spring,2023,322.65000000000003,0.8606614246068455,0.9384431137724552,0.9089368911478187,8.709,14.7394111,13.532754800000001,2.4492927,1.089165607286404,28.2721659,9.07,1.89,6.15,0.30731707317073165,0.94,0.09,0,20.8,67.8,10.4,1,0,9.32,12.3,35.1,37.6,13.2,35.2,28.3,398,5.2,1.64,24.5,0.001,13.54,0.001,198.68,0.001,88.54,329.6,1225.87,1144.74,130.49,1245.05,151.97,<2,0,64,6,8,3
3021,3,2311,Spring,ML,M,L,74.31409288,1.883116883,11.72676056,12.69767924,-0.97091868,0.160582871,2.067821901,-0.184705018,1120,Profound,ML,S,Brand,1,Spring,2023,116.10000000000001,0.9550291795399932,0.7351164797239002,0.9450029568302779,9.948,13.2146498,13.418823300000001,4.899680900000001,0.9847845451545665,26.633473100000003,14.94,3.45,10.56,0.32670454545454547,0.73,0.18,0.02,23.1,70.7,4.9,1.2,0.1,11.66,13.7,37.7,32.4,11.8,36.4,23.4,907,4.7,14.41,8.99,73.8,165.32,67.24,285.14,8.05,88.79,513.69,3142.28,1730.18,331.64,599.23,433.29,<2,0,16,4,<4,0
3021,3,2311,Spring,ML,M,L,74.31409288,1.883116883,11.72676056,12.69767924,-0.97091868,0.160582871,2.067821901,-0.184705018,1120,Profound,ML,S,Wean,2,Spring,2023,183.6,5.965724078834619,8.382226056945642,1.1017543859649122,30.6,14.9048504,12.1585231,3.8722249,1.2258767185300656,27.0633735,13.04,0.87,11.14,0.07809694793536803,0.66,0.33,0.04,6.7,85.4,5.1,2.5,0.3,8.37,10.8,30.1,35.9,12.9,35.9,23.4,692,5.1,10.37,12.46,85.72,129.26,57.44,481.5,7.57,106.89,909.9,1634.43,1324.58,449.12,536,335.02,<2,0,32,5,<4,0
3021,3,2311,Spring,ML,M,L,74.31409288,1.883116883,11.72676056,12.69767924,-0.97091868,0.160582871,2.067821901,-0.184705018,1120,Profound,ML,S,14DPW,3,Spring,2023,192.15,0.8709119914916246,1.1680546075085325,0.9579922965816081,57.38,11.954958699999999,20.403629600000002,4.5867042,0.5859231388909353,32.3585883,16.43,5.59,10.02,0.5578842315369261,0.55,0.23,0.04,34,61,3.4,1.4,0.2,8.52,11.1,30.7,36,13.1,36.3,23.4,590,5.3,4.85,10.35,91.53,142.76,76.93,189.11,8.99,114.47,1046.7,1644.8,1080.22,285.33,734.45,359.73,2,1,256,8,<4,0
3021,3,2311,Spring,ML,M,L,74.31409288,1.883116883,11.72676056,12.69767924,-0.97091868,0.160582871,2.067821901,-0.184705018,1120,Profound,ML,S,60DPW,4,Spring,2023,208.8,1.3170769710190091,1.0296952331336287,1.4080014256437672,37.04,12.25413,36.3570287,3.3332805,0.33704982057568417,48.611158700000004,10.49,3.03,6.62,0.4577039274924471,0.48,0.29,0.07,28.9,63.1,4.5,2.8,0.7,9.35,11.6,33.1,35.4,12.4,35,23.4,952,5.1,14.72,27.05,67.68,136.13,99.8,208.72,42.38,179.63,718.02,1602.23,1361.81,443.54,2056.37,456.65,4,2,64,6,<4,0
3021,3,2311,Spring,ML,M,L,74.31409288,1.883116883,11.72676056,12.69767924,-0.97091868,0.160582871,2.067821901,-0.184705018,1120,Profound,ML,S,28DF,5,Spring,2023,267.75,0.9545806451612902,0.9139368671828468,0.9681022446568575,13.99,11.098049900000001,25.9738912,2.3089675,0.42727713820561475,37.071941100000004,16.6,5.59,9.63,0.5804776739356178,1.22,0.12,0.04,33.7,58,7.3,0.8,0.2,7.72,10.7,29.1,37.7,13.9,36.8,31.4,614,5.2,10.37,16.11,97.26,124.53,37.31,339.6,8.52,142.06,358.54,1659.81,1194.42,265.91,797.44,326.32,2,1,128,7,512,9
3022,4,2311,Spring,MH,M,H,90.63535643,1.409090909,14.52394366,14.16600243,0.357941227,0.097018478,1.985531554,-0.576440644,1112,Mediator,MH,S,Brand,1,Spring,2023,130.5,4.434519811954332,0.6802325581395348,0.6559953434225843,11.74,15.818758,10.840383300000001,1.8150079,1.4592434199259356,26.6591413,10.32,2.49,7.04,0.3536931818181818,0.59,0.16,0.04,24.1,68.2,5.8,1.6,0.3,10.85,13.3,37.6,34.6,12.3,35.4,23.4,650,4.8,9.17,1.9,0.001,0.001,78.97,198.3,4.91,35.13,554.55,1970.05,1060.31,174.45,0.9,134.63,2,1,16,4,32,5
3022,4,2311,Spring,MH,M,H,90.63535643,1.409090909,14.52394366,14.16600243,0.357941227,0.097018478,1.985531554,-0.576440644,1112,Mediator,MH,S,Wean,2,Spring,2023,225,1.0740776793536453,0.9936057548206613,0.9320170974964379,7.376,14.341370099999999,13.661959900000001,3.4587043,1.049730068377671,28.00333,7.69,1.04,5.4,0.1925925925925926,0.67,0.53,0.05,13.6,70.2,8.6,6.9,0.7,9.55,11.6,33.8,35.4,12.1,34.3,20.6,456,5.5,3.26,112.93,0.001,8.43,20.46,559.28,0.85,271.63,691.69,2281.74,1322.49,148.66,6962.01,323.56,<2,0,32,5,<4,0
3022,4,2311,Spring,MH,M,H,90.63535643,1.409090909,14.52394366,14.16600243,0.357941227,0.097018478,1.985531554,-0.576440644,1112,Mediator,MH,S,14DPW,3,Spring,2023,233.1,1.097279110590989,0.9051059140443247,0.9950789950789951,33.86,15.1485941,18.7014267,3.3123475,0.8100234459652216,33.850020799999996,11.55,4.05,6.46,0.6269349845201239,0.66,0.34,0.04,35.1,56,5.7,2.9,0.3,9.4,11.5,32.5,34.6,12.2,35.3,20.8,338,6,8.1,146.29,0.001,0.001,17.08,473.08,3.84,414.96,815.59,1371.75,1583.57,179.85,7419.63,310.78,<2,0,512,9,<4,0
3022,4,2311,Spring,MH,M,H,90.63535643,1.409090909,14.52394366,14.16600243,0.357941227,0.097018478,1.985531554,-0.576440644,1112,Mediator,MH,S,60DPW,4,Spring,2023,264.15000000000003,4.07804604154969,0.9244652406417113,0.8255722178374113,20.28,18.817874,21.621943899999998,2.664502,0.8703137001479317,40.439817899999994,11.23,4.19,5.73,0.731239092495637,0.5,0.78,0.03,37.3,51,4.5,6.9,0.3,9.12,11.1,31.9,35,12.2,34.9,21.9,717,5.7,1.59,24.63,0.001,0.001,0.001,207.97,14.79,122.44,2259.01,1377.08,969.39,379.1,994.73,184.6,<2,0,128,7,<4,0
3022,4,2311,Spring,MH,M,H,90.63535643,1.409090909,14.52394366,14.16600243,0.357941227,0.097018478,1.985531554,-0.576440644,1112,Mediator,MH,S,28DF,5,Spring,2023,315.90000000000003,1.0889237609520073,1.2019943748401944,0.7209689965551728,11.68,15.6596483,19.6654193,2.1130121,0.796303809296352,35.3250676,8.71,2.86,4.96,0.5766129032258064,0.74,0.14,0.01,32.8,57,8.5,1.6,0.1,8.1,10.8,30,37.1,13.4,36.1,28.6,379,6.2,4.42,22.59,0.001,0.001,0.001,698.13,1.67,186.95,430.52,2508.25,1334.11,483.15,1025.98,215.98,<2,0,128,7,32,5
3112,4,2311,Spring,MH,M,H,93.39009917,2.123376623,13.46197183,16.25646223,-2.794490399,0.157731471,1.850280747,0.273095876,213,NewAddition,MH,S,Brand,1,Spring,2023,138.15,5.536963258078796,0.9554807332585111,0.9802229413879899,17.19,16.4727713,7.8488828,1.7805693999999999,2.098740893417341,24.321654100000003,11.33,2.77,7.65,0.36209150326797385,0.73,0.16,0.02,24.4,67.6,6.4,1.4,0.2,11.69,13.2,37.5,32.1,11.3,35.2,23.2,710,4.9,8.1,4.85,0.001,0.001,20.46,475.04,1.12,66.17,821.71,5042.05,2095.22,388.22,166.33,275.03,2,1,32,5,16,4
3112,4,2311,Spring,MH,M,H,93.39009917,2.123376623,13.46197183,16.25646223,-2.794490399,0.157731471,1.850280747,0.273095876,213,NewAddition,MH,S,Wean,2,Spring,2023,223.20000000000002,0.981094919259551,0.9478019251761438,1.036639171302513,21.14,12.6470241,6.991272400000001,2.6483101000000002,1.8089731563027065,19.6382965,10.07,2.87,6.54,0.43883792048929665,0.47,0.1,0.09,28.5,65,4.7,1,0.8,10.05,12,34.7,34.6,11.9,34.5,23.1,704,5.3,5.58,1.12,0.001,0.001,0.001,150.91,0.29,15.04,341.51,1811.22,991.04,187.07,62.4,162.53,<2,0,16,4,<4,0
3112,4,2311,Spring,MH,M,H,93.39009917,2.123376623,13.46197183,16.25646223,-2.794490399,0.157731471,1.850280747,0.273095876,213,NewAddition,MH,S,14DPW,3,Spring,2023,238.5,1.341116231438812,1.048170300340858,3.740807174887892,30.14,13.4594952,9.442001699999999,3.0733777,1.4254917153848852,22.901496899999998,11.08,3.76,6.44,0.5838509316770185,0.63,0.18,0.07,33.9,58.1,5.8,1.6,0.6,9.94,12.3,33.9,34.1,12.4,36.3,24.7,486,5.4,18.46,4.01,0.001,27.5,0.001,164.21,1.4,33.94,1147.31,2424.14,1063.59,160.69,211.08,126.39,<2,0,16,4,<4,0
3112,4,2311,Spring,MH,M,H,93.39009917,2.123376623,13.46197183,16.25646223,-2.794490399,0.157731471,1.850280747,0.273095876,213,NewAddition,MH,S,60DPW,4,Spring,2023,270.90000000000003,7.424496644295302,0.8937931034482759,0.7242620590352771,20.35,12.338192,12.2338232,2.7435981000000003,1.008531167918137,24.5720152,10.08,3.08,6.64,0.46385542168674704,0.26,0.07,0.03,30.5,65.9,2.6,0.7,0.3,9.02,11.6,33.7,37.4,12.9,34.5,25.8,568,5.8,5,25.72,0.001,13.54,0.001,132.09,15.44,176.49,538.53,1029.52,1383.67,136.72,1345.42,79.55,<2,0,32,5,<4,0
3112,4,2311,Spring,MH,M,H,93.39009917,2.123376623,13.46197183,16.25646223,-2.794490399,0.157731471,1.850280747,0.273095876,213,NewAddition,MH,S,28DF,5,Spring,2023,317.25,1.0415794979079498,0.8412811387900355,0.9379760609357997,12.91,9.1693757,10.321768,2.6807915,0.8883532065436851,19.491143700000002,11.92,6.17,4.28,1.4415887850467288,1.3,0.16,0.01,51.7,36,11,1.3,0,8.17,11.6,33,40.4,14.2,35.2,28.9,407,5.7,8.39,3.03,0.001,32.97,1278.05,262.49,3.7,60.17,71.03,592.63,956.25,96.42,153.48,353,<2,0,64,6,<4,0
3114,3,2311,Spring,ML,M,L,84.21979626,2.285714286,13.2915493,15.19020417,-1.898654876,0.171967484,2.007366254,0.278348031,8125,Powerball,ML,S,Brand,1,Spring,2023,156.6,9.429471032745592,0.8731343283582088,0.7522727272727274,3.731,13.882299300000001,7.5884222999999995,1.3777305,1.8294052111464596,21.4707216,9.84,3.47,5.87,0.5911413969335605,0.4,0.09,0.01,35.3,59.7,4,0.9,0.1,9.91,13.9,38.6,38.9,14,36,22.9,621,5.2,44.94,9.22,94.4,159.4,122.29,304.05,12.56,88.79,332.95,9860.44,2183.14,310.89,463.61,151.9,8,3,32,5,16,4
3114,3,2311,Spring,ML,M,L,84.21979626,2.285714286,13.2915493,15.19020417,-1.898654876,0.171967484,2.007366254,0.278348031,8125,Powerball,ML,S,Wean,2,Spring,2023,265.5,1.011150234741784,0.9702970297029702,0.9008160703075956,27.29,12.9866862,11.478048900000001,3.2432381,1.131436737475478,24.4647351,12.76,2.7,9.02,0.2993348115299335,0.7,0.28,0.06,21.2,70.7,5.4,2.2,0.5,10.09,14.4,40.8,40.4,14.3,35.3,21.8,338,6.1,16.5,11.91,85.72,167.26,53.47,168.01,7.57,152.18,489.26,3333.15,1301.88,257.56,644.35,93.28,<2,0,4,2,4,2
3114,3,2311,Spring,ML,M,L,84.21979626,2.285714286,13.2915493,15.19020417,-1.898654876,0.171967484,2.007366254,0.278348031,8125,Powerball,ML,S,14DPW,3,Spring,2023,272.7,0.8303994940444819,1.0217957829898128,0.911504424778761,29.82,9.8511184,11.371091400000001,2.4988545,0.8663300692491136,21.2222098,11.72,4.81,6.06,0.7937293729372937,0.67,0.16,0.02,41.1,51.7,5.6,1.4,0.2,9.03,12.9,36.7,40.6,14.3,35.2,20.9,120,5.7,41.86,11.35,97.26,189.36,92.22,658.87,10.36,144.2,331.06,3494.9,1130.33,299.66,590.21,106.12,<2,0,8,3,<4,0
3114,3,2311,Spring,ML,M,L,84.21979626,2.285714286,13.2915493,15.19020417,-1.898654876,0.171967484,2.007366254,0.278348031,8125,Powerball,ML,S,60DPW,4,Spring,2023,289.35,6.590513833992095,0.9075194468452894,0.8471111111111113,.,11.460444800000001,13.638622,2.3532442999999996,0.8402934548666281,25.099066800000003,9.77,3.47,5.65,0.6141592920353982,0.46,0.17,0.02,35.5,57.8,4.7,1.8,0.2,8.57,11.9,34,39.6,13.9,35.1,20.5,628,5.9,7.71,9.79,73.8,142.76,53.47,79.74,14.27,65.61,705.15,1483.81,792.74,139.41,445.49,50.56,<2,0,4,2,<4,0
3114,3,2311,Spring,ML,M,L,84.21979626,2.285714286,13.2915493,15.19020417,-1.898654876,0.171967484,2.007366254,0.278348031,8125,Powerball,ML,S,28DF,5,Spring,2023,318.6,0.8046098821035899,0.8838226827864135,0.9119828995347669,7.359,10.012842699999998,13.5161567,2.4547825,0.7408054613631402,23.528999399999996,14.84,6.78,6.79,0.9985272459499264,1.07,0.19,0.01,45.7,45.8,7.3,1.2,0,7.62,11.1,31,40.6,14.6,36,26.1,374,6.2,2.07,6.89,102.91,151.25,103.57,92.39,11.25,79.07,117.65,1147.48,758.99,143.98,409.22,152.9,<2,0,<4,0,32,5
3115,3,2311,Spring,MH,M,H,77.56009251,2.493506494,14.63239437,14.62441106,0.007983308,0.170410012,2.237310998,0.256195496,112,NewAddition,MH,S,Brand,1,Spring,2023,133.20000000000002,4.753861997940268,1.4370021723388846,0.7583217753120666,10.790000000000001,10.6314336,4.1621983,1.2297368999999998,2.554283297842873,14.7936319,16.35,3.67,11.7,0.31367521367521367,0.81,0.13,0.04,22.5,71.6,4.9,0.8,0.2,13.67,14.7,40.4,29.6,10.7,36.3,22.3,851,4.8,12.2,7.77,0.001,0.001,27.07,213.92,0.001,91.39,717.64,5228.94,1988.18,659.97,153.48,487.54,2,1,16,4,8,3
3115,3,2311,Spring,MH,M,H,77.56009251,2.493506494,14.63239437,14.62441106,0.007983308,0.170410012,2.237310998,0.256195496,112,NewAddition,MH,S,Wean,2,Spring,2023,228.6,0.9541588881974693,0.9465492525087037,0.9565575269800622,5.371,10.0857396,6.0753832,2.8948025,1.6600993333227112,16.1611228,11.65,2.78,7.94,0.35012594458438284,0.57,0.31,0.05,23.9,68.2,4.8,2.7,0.4,10.72,11.7,33.3,31,10.9,35.2,22.3,120,4.9,8,6.59,0.001,32.97,0.001,85.66,0.001,81.19,376.22,2299.05,1082.5,262.85,344.09,194.56,<2,0,128,7,<4,0
3115,3,2311,Spring,MH,M,H,77.56009251,2.493506494,14.63239437,14.62441106,0.007983308,0.170410012,2.237310998,0.256195496,112,NewAddition,MH,S,14DPW,3,Spring,2023,236.70000000000002,0.6558147247402167,0.8872324159021405,1.0747608361875516,13.11,10.147020900000001,10.2837458,2.225677,0.9867047569378855,20.4307667,14.24,4.42,8.43,0.5243179122182681,0.96,0.36,0.07,31.1,59.2,6.8,2.4,0.5,11.38,12.3,34.5,30.3,10.9,35.8,22.7,410,5,11.22,7.91,0.001,27.5,0.001,99.29,0.14,108.61,937.36,2734.4,1263.94,224.98,394.44,300.65,<2,0,256,8,<4,0
3115,3,2311,Spring,MH,M,H,77.56009251,2.493506494,14.63239437,14.62441106,0.007983308,0.170410012,2.237310998,0.256195496,112,NewAddition,MH,S,60DPW,4,Spring,2023,267.75,3.0207055214723924,0.6115077698446031,0.5572851805728518,25.82,11.4672091,12.2952137,1.9556537,0.9326563474045189,23.7624228,6.16,2.11,3.5,0.6028571428571429,0.41,0.11,0.03,34.2,56.8,6.7,1.8,0.5,11.03,12,34.1,30.9,10.9,35.1,22.3,190,5.3,9.76,6.52,0.001,21.25,0.001,80.87,3.84,104.69,510.79,2270.35,1151.51,262.76,306.23,204.98,<2,0,32,5,<4,0
3115,3,2311,Spring,MH,M,H,77.56009251,2.493506494,14.63239437,14.62441106,0.007983308,0.170410012,2.237310998,0.256195496,112,NewAddition,MH,S,28DF,5,Spring,2023,314.1,1.3687446626814685,1.1550397705046291,1.066143977191732,21.79,10.9369534,9.258406800000001,1.6264413999999998,1.1812997242678944,20.195360200000003,9.43,2.55,5.83,0.4373927958833619,0.91,0.12,0.02,27,61.9,9.6,1.3,0.2,9.55,11,30.5,31.9,11.5,36,28,391,5.2,18.8,3.59,0.001,0.001,0.001,127.66,0.001,79.3,340.94,2436.16,1490.22,288.32,166.33,251.57,<2,0,64,6,8,3
3116,4,2311,Spring,ML,M,L,91.36296467,1.811688312,16.19014085,15.21444587,0.975694971,0.111900713,2.103810899,-0.292122588,103,Profound,ML,S,Brand,1,Spring,2023,141.3,6.879023307436182,0.9696509863429438,0.6700906344410876,10.56,13.024410099999999,5.1495095,1.9682318,2.5292525627926308,18.173919599999998,13.43,3.51,8.95,0.3921787709497207,0.64,0.27,0.06,26.1,66.6,4.9,2,0.4,11.7,13.8,40.2,34.3,11.8,34.3,23.6,692,4.8,10,10.35,135.5,149.16,84.6,203.71,7.57,161.9,331.44,1906.78,999.07,432.54,445.49,422.82,4,2,4,2,8,3
3116,4,2311,Spring,ML,M,L,91.36296467,1.811688312,16.19014085,15.21444587,0.975694971,0.111900713,2.103810899,-0.292122588,103,Profound,ML,S,Wean,2,Spring,2023,235.8,1.0640807651434645,1.0844633060759756,0.8889312977099237,17.69,23.0274506,11.1804771,3.3381027999999997,2.059612518682231,34.2079277,16.02,3.55,10.7,0.3317757009345794,0.85,0.87,0.05,22.2,66.8,5.3,5.4,0.3,10.51,12.9,37,35.2,12.3,34.9,21.4,243,5.7,6.16,7.83,48.42,172.98,76.93,130.88,9.45,79.07,537.93,1818.78,992.8,129.66,517.91,223.74,<2,0,32,5,<4,0
3116,4,2311,Spring,ML,M,L,91.36296467,1.811688312,16.19014085,15.21444587,0.975694971,0.111900713,2.103810899,-0.292122588,103,Profound,ML,S,14DPW,3,Spring,2023,247.5,1.395564941921859,0.7696345256609642,2.8782172002510986,43.7,20.3172525,14.966650300000001,2.8785247999999997,1.3575016515218503,35.2839028,21.62,11.47,8.61,1.332171893147503,0.97,0.51,0.06,53.1,39.8,4.5,2.3,0.3,9.84,12,33.2,33.7,12.1,36,21.5,473,5.4,12.87,14.94,97.26,182.21,122.29,456.52,13.85,103.23,568.24,2103.26,853.87,189.07,743.45,394.66,<2,0,16,4,<4,0
3116,4,2311,Spring,ML,M,L,91.36296467,1.811688312,16.19014085,15.21444587,0.975694971,0.111900713,2.103810899,-0.292122588,103,Profound,ML,S,60DPW,4,Spring,2023,264.6,6.538286580742987,0.9160475482912331,0.7227162489894906,19.94,17.9665729,23.2304109,3.3236611000000003,0.773407451867328,41.1969838,13.23,3.52,8.47,0.41558441558441556,0.72,0.46,0.06,26.6,64,5.5,3.5,0.4,10.67,12.3,35,32.8,11.6,35.2,22.8,521,5.3,6.55,13.11,97.26,151.25,57.44,140.23,23.86,80.33,1555.39,1356.81,710.15,177.88,824.41,167.72,<2,0,16,4,<4,0
3116,4,2311,Spring,ML,M,L,91.36296467,1.811688312,16.19014085,15.21444587,0.975694971,0.111900713,2.103810899,-0.292122588,103,Profound,ML,S,28DF,5,Spring,2023,310.05,1.0983149331783846,0.8621915981329185,0.9485378891101562,21.71,16.5272696,16.6015356,2.2023495,0.9955265583986099,33.1288052,15.34,4.81,8.5,0.5658823529411764,1.68,0.29,0.06,31.3,55.4,11,1.9,0.4,9.77,11.9,32.6,33.4,12.1,36.4,27.9,360,5.4,6.75,23.75,82.78,206.42,76.93,223.71,7.57,134.16,328.41,1357.89,785.44,239.2,1611.6,304.13,<2,0,16,4,4,2
3118,4,2311,Spring,MH,M,H,103.7352347,2.285714286,17.94142857,18.26076326,-0.31933469,0.127398678,2.012231048,0.273483237,9017,NewAddition,MH,S,Brand,1,Spring,2023,168.3,1.4739938080495358,0.9021479713603819,0.7527154236060826,22.89,14.2589411,7.0251028,1.3437713,2.029712803633279,21.2840439,14.14,3.66,9.76,0.375,0.49,0.19,0.04,25.9,69,3.4,1.4,0.3,10.66,13,38,35.7,12.2,34.3,21.2,1011,4.6,32.36,0.9,0.001,0.001,0.001,232.18,0.001,63.21,297.11,3808.56,1361.33,190.17,0.001,101.4,4,2,64,6,4,2
3118,4,2311,Spring,MH,M,H,103.7352347,2.285714286,17.94142857,18.26076326,-0.31933469,0.127398678,2.012231048,0.273483237,9017,NewAddition,MH,S,Wean,2,Spring,2023,288.90000000000003,0.9265695067264575,1.020526684690097,0.9654767726161368,16.36,11.4672091,10.6086533,1.5286706,1.0809297632527965,22.0758624,18.51,7.36,9.79,0.7517875383043924,0.72,0.53,0.11,39.8,52.9,3.9,2.8,0.6,8.81,11.4,32.4,36.8,12.9,35.2,21.3,842,4.7,4.13,3.59,0.001,35.51,0.001,114.39,1.26,55.68,533.46,1855.63,970.51,213.45,166.33,105.52,<2,0,<2,0,<4,0
3118,4,2311,Spring,MH,M,H,103.7352347,2.285714286,17.94142857,18.26076326,-0.31933469,0.127398678,2.012231048,0.273483237,9017,NewAddition,MH,S,14DPW,3,Spring,2023,308.7,0.7468011811023623,1.0928169014084508,1.0027912443073308,33.03,11.130554199999999,16.8051366,3.6978195,0.6623304805508096,27.9356908,10.75,1.94,7.97,0.24341279799247176,0.56,0.26,0.02,18,74.2,5.2,2.4,0.2,8.01,10.6,29.6,36.9,13.2,35.8,22.7,394,5.3,7.33,22.23,91.53,189.36,45.46,178.12,12.56,206.2,400.6,1613.67,1093.95,168.32,1165.18,123.55,<2,0,64,6,<4,0
3118,4,2311,Spring,MH,M,H,103.7352347,2.285714286,17.94142857,18.26076326,-0.31933469,0.127398678,2.012231048,0.273483237,9017,NewAddition,MH,S,60DPW,4,Spring,2023,338.40000000000003,6.013937282229965,0.9515599343185549,0.831908831908832,18.37,12.7811066,20.8228228,2.1554661,0.6138027837416932,33.6039294,8.5,2.23,5.59,0.39892665474060823,0.41,0.22,0.05,26.3,65.7,4.9,2.6,0.5,9.72,12.6,35.6,36.6,12.9,35.4,23.4,979,5,10.25,15.69,91.53,138.37,69.19,103.92,16.76,107.92,2322.01,1828,1601.73,246.1,617.28,145.17,<2,0,16,4,<4,0
3118,4,2311,Spring,MH,M,H,103.7352347,2.285714286,17.94142857,18.26076326,-0.31933469,0.127398678,2.012231048,0.273483237,9017,NewAddition,MH,S,28DF,5,Spring,2023,400.95,1.0234575442883322,1.161556441633439,1.0324299281908733,47.910000000000004,11.3274215,16.9813424,1.9708516999999999,0.6670510041656071,28.3087639,10.62,2.52,6.86,0.36734693877551017,1.12,0.1,0.02,23.7,64.6,10.6,0.9,0.2,8.94,12.6,35.7,39.9,14.1,35.2,29.5,843,5.3,49.59,16.54,76.82,169.18,76.93,525.75,10.36,135.94,821.02,9860.44,2539.51,572.63,725.45,506.94,<2,0,16,4,4,2
3119,3,2311,Spring,MH,M,H,95.61746055,2.155844156,17.78169014,16.68223475,1.099455392,0.121239553,2.150584741,0.005259415,8019,NewAddition,MH,S,Brand,1,Spring,2023,158.85,3.3350125944584383,0.6556786703601107,0.9743682310469314,7.195,11.2450076,4.780194799999999,1.3562138000000001,2.352416181867735,16.025202399999998,9.37,2.51,5.87,0.4275979557069846,0.89,0.09,0.01,26.8,62.6,9.5,1,0.1,11.9,13.8,39.3,33,11.6,35.2,21.6,660,5.2,11,7.37,73.8,159.4,49.48,289.64,10.36,85.23,1033.82,3964.39,1461.32,183.7,517.91,546.45,4,2,256,8,8,3
3119,3,2311,Spring,MH,M,H,95.61746055,2.155844156,17.78169014,16.68223475,1.099455392,0.121239553,2.150584741,0.005259415,8019,NewAddition,MH,S,Wean,2,Spring,2023,279,1.055036950602878,0.8888455918168532,0.8987411559312691,9.813,11.902888,9.758875,3.7978799,1.2196987870015756,21.661763,10.36,0.55,8.56,0.06425233644859814,0.83,0.34,0.08,5.2,82.7,8,3.3,0.8,11.67,13.9,39.6,34,11.9,35,21.2,650,5.3,8.16,8.99,85.72,147.05,55.46,208.26,11.69,86.43,798.59,2099.16,1105.35,124.23,463.61,666.56,<2,0,<4,0,<4,0
3119,3,2311,Spring,MH,M,H,95.61746055,2.155844156,17.78169014,16.68223475,1.099455392,0.121239553,2.150584741,0.005259415,8019,NewAddition,MH,S,14DPW,3,Spring,2023,283.5,0.8026397195298,0.9239191782368212,0.9594546532305868,24.740000000000002,10.0871132,10.9715244,2.5403491000000002,0.919390308241943,21.058637599999997,13.31,4.86,7.57,0.6420079260237781,0.7,0.13,0.05,36.5,56.9,5.2,1,0.4,11.16,13.1,37.1,33.3,11.8,35.4,21.4,664,5.1,5.58,16.01,91.53,140.57,61.37,164.32,29.86,94.52,1012.39,2204.11,1630.7,236.53,572.14,353.74,<2,0,4,2,<4,0
3119,3,2311,Spring,MH,M,H,95.61746055,2.155844156,17.78169014,16.68223475,1.099455392,0.121239553,2.150584741,0.005259415,8019,NewAddition,MH,S,60DPW,4,Spring,2023,300.6,1.2772225144660707,2.0807916181606525,1.9633481921743434,7.986,10.7146769,13.201878800000001,3.4513884,0.8116024288906515,23.916555700000004,11.17,2.73,7.66,0.3563968668407311,0.6,0.15,0.03,24.4,68.6,5.4,1.4,0.2,9.84,11.8,33,33.6,12,35.9,21.2,636,5.8,6.49,7.72,79.81,151.25,69.19,285.14,8.05,90.54,509.99,2518.94,1466.4,199.91,517.91,357.04,<2,0,<4,0,<4,0
3119,3,2311,Spring,MH,M,H,95.61746055,2.155844156,17.78169014,16.68223475,1.099455392,0.121239553,2.150584741,0.005259415,8019,NewAddition,MH,S,28DF,5,Spring,2023,365.85,1.0776957521481303,1.0345250027842747,1.020752269779507,12.32,10.3585005,10.7246614,2.084428,0.9658580456442195,21.0831619,9.59,2.28,6.2,0.3677419354838709,0.98,0.11,0.02,23.8,64.6,10.2,1.1,0.3,8.31,11.1,30.6,36.8,13.3,36.2,30.6,468,5.9,5.9,8.07,97.26,147.05,69.19,250.86,10.36,95.64,442.31,2459.22,1427.97,133.57,554.08,317.25,<2,0,<4,0,<4,0
3143,3,2311,Spring,MH,M,H,93.39009917,2.233766234,18.5,16.51254846,1.987451536,0.120744121,2.248839155,-0.015072922,127,NewAddition,MH,S,Brand,1,Spring,2023,135,.,.,.,10.700000000000001,.,.,.,.,.,11.76,2.18,8.47,0.25737898465171194,0.88,0.2,0.03,18.5,72.1,7.5,1.7,0.2,10.82,12.8,37.4,34.5,11.8,34.3,20.1,795,5.4,17.82,5.07,7.24,45.87,68.05,341.78,11.46,134.98,1323.92,4119.25,1741.24,394.12,327.03,265.64,.,.,.,.,.,.
3143,3,2311,Spring,MH,M,H,93.39009917,2.233766234,18.5,16.51254846,1.987451536,0.120744121,2.248839155,-0.015072922,127,NewAddition,MH,S,Wean,2,Spring,2023,234.9,.,.,.,14.46,.,.,.,.,.,13.26,3.71,8.31,0.44645006016847166,0.63,0.55,0.06,28,62.7,4.7,4.1,0.5,9.32,12.1,34.2,36.6,13,35.3,20.3,663,5.3,4.9,23.12,283.77,59.14,5.25,412.75,13.04,278.72,774.56,2608.55,1197.27,465.26,1284.55,162.27,.,.,.,.,.,.
3143,3,2311,Spring,MH,M,H,93.39009917,2.233766234,18.5,16.51254846,1.987451536,0.120744121,2.248839155,-0.015072922,127,NewAddition,MH,S,14DPW,3,Spring,2023,246.6,.,.,.,21.96,.,.,.,.,.,12.68,2.69,8.38,0.3210023866348448,1.1,0.45,0.06,21.2,66.1,8.7,3.5,0.5,8.9,11.7,32.3,36.3,13.1,36.1,20.7,720,5.7,2.08,8.04,36.41,41.65,26.32,167.97,2.06,129.81,651.82,1524.11,877.67,238.21,787.45,153.72,.,.,.,.,.,.
3143,3,2311,Spring,MH,M,H,93.39009917,2.233766234,18.5,16.51254846,1.987451536,0.120744121,2.248839155,-0.015072922,127,NewAddition,MH,S,60DPW,4,Spring,2023,284.85,.,.,.,21.09,.,.,.,.,.,10.13,2.23,6.57,0.3394216133942161,0.74,0.56,0.03,22.1,64.9,7.2,5.5,0.3,9.49,12.1,35.5,37.4,12.8,34.1,21.3,814,6.1,6.58,1.12,0.0005,65.98,6.33,105.5,11,83.2,1073.31,2366.28,1236.62,328.6,228.76,129.88,.,.,.,.,.,.
3143,3,2311,Spring,MH,M,H,93.39009917,2.233766234,18.5,16.51254846,1.987451536,0.120744121,2.248839155,-0.015072922,127,NewAddition,MH,S,28DF,5,Spring,2023,341.55,.,.,.,20.18,.,.,.,.,.,11.07,2.53,7.25,0.3489655172413793,1.13,0.12,0.04,22.8,65.5,10.2,1.1,0.4,8.09,11.8,32.7,40.4,14.6,36,27.8,440,5.8,8.2,8.45,3.48,47.9,6.33,184.58,0.0005,159.56,583.12,2277.6,1086.77,323.88,711.72,134.69,.,.,.,.,.,.
3144,4,2311,Spring,ML,M,L,94.03856016,2.058441558,14.05714286,16.20785212,-2.150709263,0.146433851,1.885303353,0.173138206,9021,Powerball,ML,S,Brand,1,Spring,2023,143.55,2.034902597402597,0.7852173913043479,0.32093425605536335,11.02,13.4076299,5.385274900000001,1.6729343,2.489683470011902,18.792904800000002,9.61,2.55,6.34,0.4022082018927445,0.58,0.1,0.04,26.6,66,5.9,1.1,0.4,11.35,13,35.7,31.5,11.5,36.5,26.6,912,4.7,21.93,8.76,79.81,147.05,97.91,327.45,9.9,84.03,1081.76,5093.56,1593.77,215.62,517.91,321.54,8,3,4,2,4,2
3144,4,2311,Spring,ML,M,L,94.03856016,2.058441558,14.05714286,16.20785212,-2.150709263,0.146433851,1.885303353,0.173138206,9021,Powerball,ML,S,Wean,2,Spring,2023,254.70000000000002,1.0243902439024393,3.244109947643979,1.03014521782674,24.400000000000002,14.5627567,8.505910400000001,3.7585765,1.7120750178605217,23.0686671,16.91,5.13,10.88,0.4715073529411764,0.64,0.16,0.1,30.3,64.4,3.8,0.9,0.6,11.08,12.5,35,31.6,11.3,35.7,23.8,889,4.7,13.86,40.21,79.81,153.32,99.8,395.01,7.08,193.53,1676.56,4841.62,1738.19,321.92,2375.81,406.25,<2,0,16,4,<4,0
3144,4,2311,Spring,ML,M,L,94.03856016,2.058441558,14.05714286,16.20785212,-2.150709263,0.146433851,1.885303353,0.173138206,9021,Powerball,ML,S,14DPW,3,Spring,2023,269.1,0.931668067731476,0.9978569515135283,0.9495048123866648,20.84,13.9832899,14.5213286,3.4513884,0.962948383386903,28.5046185,11.32,3.13,7.3,0.42876712328767125,0.65,0.17,0.07,27.7,64.5,5.7,1.5,0.6,11.3,12.5,34.4,30.5,11.1,36.3,23.7,909,4.7,4.98,17.27,97.26,142.76,76.93,173.53,14.69,109.45,1677.29,2334.96,1277.65,128.96,878.32,472.46,<2,0,32,5,<4,0
3144,4,2311,Spring,ML,M,L,94.03856016,2.058441558,14.05714286,16.20785212,-2.150709263,0.146433851,1.885303353,0.173138206,9021,Powerball,ML,S,60DPW,4,Spring,2023,290.25,8.696060037523452,0.8069533394327538,0.8546747967479675,17.05,16.431063,19.7215849,3.8491598,0.8331512443505492,36.152647900000005,8.46,2.18,5.51,0.39564428312159716,0.53,0.2,0.04,25.7,65.1,6.3,2.4,0.5,10.08,11.3,31.8,31.6,11.2,35.4,25.9,436,5.4,1.85,11.91,85.72,142.76,76.93,228.69,7.81,91.11,1710.36,2544.17,1027.12,251.22,635.33,105.49,<2,0,16,4,<4,0
3144,4,2311,Spring,ML,M,L,94.03856016,2.058441558,14.05714286,16.20785212,-2.150709263,0.146433851,1.885303353,0.173138206,9021,Powerball,ML,S,28DF,5,Spring,2023,331.2,1.0248409936397453,0.6776777875329236,0.7106057746744668,19.2,11.765076,14.9136814,3.3429335,0.7888780566279229,26.678757400000002,10.51,3.08,5.78,0.532871972318339,1.45,0.16,0.04,29.3,55,13.8,1.5,0.4,9.17,11.2,31.2,34,12.2,35.9,32,704,5,4.71,43.23,73.8,157.39,92.22,238.2,7.32,176.62,317.75,2669.23,1320.19,347.63,2162.92,172.44,<2,0,32,5,64,6
3210,4,2311,Spring,MH,M,H,101.5684402,1.902597403,15.62857143,17.03106994,-1.402498515,0.121738408,1.869563297,0.033034105,7103,NewAddition,MH,S,Brand,1,Spring,2023,187.20000000000002,1.062940347581024,1.0369111219038367,1.2378075097108328,4.432,14.0442396,8.4713357,1.6950836999999999,1.6578542153629918,22.5155753,15.93,5.33,9.23,0.5774647887323944,1.07,0.26,0.04,33.5,58,6.7,1.6,0.2,12.13,14.3,41.2,34,11.8,34.7,22.4,282,4.8,13.05,66.28,85.72,133.87,103.57,302.25,12.35,239.36,645.12,2174.2,1738.92,213.84,3348.64,247.68,32,5,64,6,16,4
3210,4,2311,Spring,MH,M,H,101.5684402,1.902597403,15.62857143,17.03106994,-1.402498515,0.121738408,1.869563297,0.033034105,7103,NewAddition,MH,S,Wean,2,Spring,2023,245.70000000000002,0.9449095328112342,0.9339380792743049,0.8990351138963493,10.08,10.7146769,14.495477,3.978156,0.7391738057326435,25.2101539,11.72,2.23,8.08,0.275990099009901,0.39,0.9,0.12,19,69,3.3,7.7,1,10.82,13.7,38.1,35.2,12.7,36,20.9,593,5.4,3,78.7,79.81,157.39,49.48,379.68,6.83,293.53,935.22,1731.52,1714.17,202.25,4862.6,209.02,<2,0,16,4,<4,0
3210,4,2311,Spring,MH,M,H,101.5684402,1.902597403,15.62857143,17.03106994,-1.402498515,0.121738408,1.869563297,0.033034105,7103,NewAddition,MH,S,14DPW,3,Spring,2023,318.6,0.9034184775702122,1.0757775909691367,0.9128149176750643,14.94,11.0494561,19.3220894,2.087219,0.5718561730699787,30.3715455,13.23,3.97,8.21,0.4835566382460414,0.76,0.27,0.02,30,62.1,5.7,2,0.2,10.04,12.4,34.4,34.3,12.4,36.1,21.5,728,5.3,5.25,55.1,79.81,167.26,41.4,270.72,9.9,227.07,575.35,2269.34,1794.4,164.15,3092.58,157.26,<2,0,256,8,<4,0
3210,4,2311,Spring,MH,M,H,101.5684402,1.902597403,15.62857143,17.03106994,-1.402498515,0.121738408,1.869563297,0.033034105,7103,NewAddition,MH,S,60DPW,4,Spring,2023,361.35,4.546287809349221,0.8808545603944125,0.787136294027565,24.16,12.7625756,19.688018,4.994023,0.6482407523195073,32.4505936,10.64,2.91,6.57,0.4429223744292237,0.61,0.53,0.02,27.4,61.8,5.6,5,0.2,7.92,11.8,33.3,42.1,14.9,35.3,28.9,657,5.6,4.71,45.01,94.4,155.36,53.47,183.62,23.86,211.69,1217.15,1221.03,1376.38,140.33,2198.42,145.17,<2,0,128,7,<4,0
3210,4,2311,Spring,MH,M,H,101.5684402,1.902597403,15.62857143,17.03106994,-1.402498515,0.121738408,1.869563297,0.033034105,7103,NewAddition,MH,S,28DF,5,Spring,2023,410.40000000000003,4.396660909614277,0.9864930053063193,1.1967816091954024,20.94,12.415393,13.2738791,3.0717877999999996,0.9353251529916375,25.6892721,15.29,3.03,10.73,0.28238583410997203,1.33,0.16,0.04,19.9,70.2,8.7,1,0.2,8.35,12.6,35,41.9,15.1,36.1,23.9,413,6.5,6.23,298.47,233.99,174.85,131.57,1170.92,12.13,955.26,981.07,2956.28,2720.74,208.27,22964.5,529.86,<2,0,64,6,<4,0
3216,3,2311,Spring,ML,M,L,93.10141244,2.168831169,17.22394366,16.31648753,0.907456129,0.125919546,2.153259912,0.015571257,5105,Profound,ML,S,Brand,1,Spring,2023,179.1,1.0761445215958574,1.0416666666666665,1.028884230142092,5.118,11.989792,4.730238099999999,1.193733,2.534712153284631,16.7200301,12.06,4.53,6.83,0.6632503660322109,0.54,0.15,0.01,37.6,56.6,4.5,1.2,0.1,12.23,14.2,41.4,33.9,11.7,34.4,22.5,798,5.1,30.15,8.07,91.53,185.81,92.22,298.65,11.25,69.83,397.29,3159.63,1817.11,199.8,409.22,266.89,64,6,256,8,16,4
3216,3,2311,Spring,ML,M,L,93.10141244,2.168831169,17.22394366,16.31648753,0.907456129,0.125919546,2.153259912,0.015571257,5105,Profound,ML,S,Wean,2,Spring,2023,299.7,0.9173235735735735,1.0323606845107505,0.9261449042990282,13.51,13.6626928,8.6977689,2.9901439,1.57082729572178,22.360461700000002,15.1,4.85,9.34,0.519271948608137,0.63,0.23,0.05,32.2,61.9,4.1,1.5,0.3,11.51,13.9,38.7,33.6,12.1,35.9,21,333,5.5,12.37,6.66,73.8,159.4,96.02,518.43,5.57,117.9,866.05,2483.68,1536.61,183.93,590.21,230.9,2,1,8,3,<4,0
3216,3,2311,Spring,ML,M,L,93.10141244,2.168831169,17.22394366,16.31648753,0.907456129,0.125919546,2.153259912,0.015571257,5105,Profound,ML,S,14DPW,3,Spring,2023,293.40000000000003,0.8599151000606428,0.9863080684596578,0.9467342342342341,23.03,12.343471,10.7042782,4.4879993,1.1531343608016467,23.0477492,11.15,2.45,7.5,0.3266666666666667,1.01,0.17,0.02,22,67.3,9,1.5,0.2,11.2,13.2,37.3,33.3,11.8,35.5,21,230,5.7,9.75,10.57,73.8,157.39,88.42,221.44,5.83,87.03,690.9,3894.79,1157.42,202.03,590.21,211.12,<2,0,1024,10,<4,0
3216,3,2311,Spring,ML,M,L,93.10141244,2.168831169,17.22394366,16.31648753,0.907456129,0.125919546,2.153259912,0.015571257,5105,Profound,ML,S,60DPW,4,Spring,2023,305.1,5.959517045454544,0.955950540958269,0.8156508653122648,21.5,14.166946300000001,14.677235300000001,3.1202742000000003,0.9652326211599265,28.844181600000002,8.11,1.75,5.68,0.3080985915492958,0.51,0.15,0.02,21.5,70.1,6.3,1.8,0.3,11.56,13,37,32,11.3,35.2,20.6,723,5.3,2.65,7.25,85.72,153.32,76.93,164.79,10.36,68.44,1745.92,1896.56,1078.31,122.61,363.82,150.78,<2,0,256,8,<4,0
3216,3,2311,Spring,ML,M,L,93.10141244,2.168831169,17.22394366,16.31648753,0.907456129,0.125919546,2.153259912,0.015571257,5105,Profound,ML,S,28DF,5,Spring,2023,353.7,1.0311580229371764,1.0771309260623925,1.0036956798776602,27.26,17.4721663,14.7295096,4.8380361,1.1862014944475816,32.2016759,11.27,2.2,7.9,0.27848101265822783,1.03,0.13,0.01,19.5,70.1,9.2,1.1,0.1,9.52,11.6,31.3,32.9,12.2,37.2,24.2,98,5.9,3.9,6.89,58.24,172.98,88.42,125.72,5.57,71.88,244.55,1447.27,881.49,156.47,454.55,134.81,<2,0,16,4,4,2
3221,4,2311,Spring,MH,M,H,92.45077284,2.084415584,15.08142857,16.01828525,-0.936856676,0.138210752,1.99586744,0.088548145,7141,Mediator,MH,S,Brand,1,Spring,2023,165.6,1.0024875621890545,1.0040758461811092,1.1083502568390873,27.85,14.5627567,6.992832099999999,1.3491146,2.082526291457792,21.5555888,13.04,3.36,8.84,0.38009049773755654,0.62,0.21,0.01,25.7,67.8,4.8,1.6,0.1,10.9,14.1,40.4,37.1,12.9,34.9,21.9,697,5.1,19.86,20.49,231.66,222.5,71.13,384.19,17.58,118.86,697.78,2283.36,1414.18,198.12,626.31,622.88,8,3,32,5,16,4
3221,4,2311,Spring,MH,M,H,92.45077284,2.084415584,15.08142857,16.01828525,-0.936856676,0.138210752,1.99586744,0.088548145,7141,Mediator,MH,S,Wean,2,Spring,2023,291.6,1.00175384297947,0.9956687090640188,0.8276654005829874,14.81,10.0424935,19.0271519,9.901145699999999,0.5277980410720324,29.0696454,11.7,1.21,9.36,0.12927350427350429,0.8,0.3,0.03,10.4,80,6.8,2.5,0.3,9.73,13.4,38.5,39.6,13.8,34.8,24.3,579,5.1,18.76,26.05,319.43,248.06,41.4,263.5,163.57,138.58,496.54,1699.58,1121.64,209.83,1780.78,225.47,<2,0,<4,0,<4,0
3221,4,2311,Spring,MH,M,H,92.45077284,2.084415584,15.08142857,16.01828525,-0.936856676,0.138210752,1.99586744,0.088548145,7141,Mediator,MH,S,14DPW,3,Spring,2023,276.3,1.1221344880285278,1.1697744164819404,0.8718532862512814,31.27,12.0422223,26.9823033,5.70457,0.44630075372401584,39.024525600000004,15.02,7.1,7.07,1.004243281471004,0.66,0.14,0.05,47.3,47.1,4.4,0.9,0.3,9.62,13.3,37.2,38.6,13.8,35.7,23.7,619,5.3,6.81,16.85,85.72,185.81,45.46,112.97,10.13,77.8,476.79,1668.6,794.45,183.7,572.14,237.56,<2,0,256,8,<4,0
3221,4,2311,Spring,MH,M,H,92.45077284,2.084415584,15.08142857,16.01828525,-0.936856676,0.138210752,1.99586744,0.088548145,7141,Mediator,MH,S,60DPW,4,Spring,2023,303.3,6.013937282229966,0.7109526895657807,0.6930402930402929,18.04,15.2552607,31.962278899999998,3.1561142,0.4772895183015251,47.217539599999995,9.1,0.43,7.77,0.055341055341055344,0.67,0.19,0.04,4.8,85.4,7.3,2.1,0.4,8.92,11.9,34,38.1,13.4,35.1,22.3,613,5.2,7.39,27.05,79.81,159.4,61.37,172.61,19.98,133.27,1090.8,1634.95,1188.08,193.1,1611.6,202.46,<2,0,128,7,<4,0
3221,4,2311,Spring,MH,M,H,92.45077284,2.084415584,15.08142857,16.01828525,-0.936856676,0.138210752,1.99586744,0.088548145,7141,Mediator,MH,S,28DF,5,Spring,2023,352.8,2.05558568329718,.,1.5483304042179262,27.19,10.683276,28.823071300000002,2.7563972999999997,0.3706501603803755,39.5063473,11.53,2.57,7.86,0.326972010178117,0.93,0.15,0.02,22.3,68.1,8.1,1.3,0.2,8.86,12.6,34.5,39,14.2,36.6,25.6,441,5.4,13.61,59.31,85.72,178.56,41.4,329.25,10.81,232.93,610.31,2001.35,1525.75,256.78,2216.17,288.29,<2,0,128,7,16,4
